rainfall_intensity_mmh,cumulative_24h_mm,slope_gradient_deg,dfsi_vulnerability_index,corrected_percent_flooded_area,drainage_factor,disrupted_label
3.99,69.94,38.2,0.381,4.56,0.8,1
25.59,131.67,48.6,0.778,3.14,1.0,1
11.19,94.4,22.7,0.612,1.3,0.5,1
7.76,39.77,27.9,0.393,1.99,0.5,0
1.44,40.0,22.5,0.398,6.77,0.5,0
1.44,27.33,42.0,0.121,3.37,0.8,0
0.51,54.07,32.5,0.448,2.12,0.2,0
17.1,105.58,40.9,0.311,0.46,0.8,1
7.81,46.0,48.5,0.3,0.46,0.5,0
10.47,83.32,32.6,0.126,0.62,0.5,0
0.18,25.48,20.4,0.202,9.9,0.8,0
29.78,171.5,28.3,0.473,11.98,0.2,1
15.18,71.23,15.8,0.127,5.02,1.0,0
2.03,67.1,40.7,0.571,0.19,1.0,1
1.71,26.96,14.1,0.428,3.5,0.8,0
1.72,23.07,33.5,0.43,3.72,0.8,0
3.08,25.94,19.9,0.628,15.88,0.2,0
6.32,46.27,12.6,0.532,1.04,0.5,0
4.81,37.57,25.4,0.235,4.88,0.2,0
2.93,35.83,32.6,0.13,19.22,0.8,1
8.04,46.59,18.3,0.135,10.63,0.8,0
1.28,15.9,34.0,0.519,1.66,0.5,0
2.94,18.07,35.4,0.39,0.58,0.8,0
3.88,34.09,47.0,0.329,0.3,0.5,0
5.18,64.09,42.8,0.526,0.23,0.5,1
13.07,100.81,32.9,0.336,0.35,0.8,1
1.89,23.73,38.8,0.236,14.78,0.5,0
6.14,41.22,28.3,0.335,16.48,0.2,0
7.63,56.18,33.3,0.206,0.47,0.8,0
0.4,52.43,29.3,0.45,0.32,0.5,0
7.95,77.65,27.6,0.418,4.15,0.5,0
1.59,33.35,36.9,0.53,6.49,0.8,1
0.57,37.03,26.6,0.386,5.39,0.8,0
25.28,147.58,28.8,0.452,0.04,0.8,1
28.65,116.43,28.4,0.192,2.17,0.8,1
14.04,92.97,41.6,0.272,4.84,0.2,1
3.09,24.52,22.5,0.077,6.37,0.5,0
0.87,31.22,28.8,0.462,4.5,1.0,0
9.8,79.36,42.3,0.132,1.52,0.2,0
4.93,59.56,13.8,0.408,1.2,1.0,0
1.11,17.81,45.4,0.546,6.71,0.2,0
5.81,64.62,42.8,0.639,2.98,0.2,1
0.3,19.8,29.6,0.186,1.12,0.2,0
20.4,137.9,34.9,0.458,7.67,0.5,1
2.55,44.97,49.3,0.426,6.45,0.5,1
9.23,62.03,32.7,0.333,2.58,0.5,0
3.18,39.32,19.5,0.36,6.32,0.5,0
6.24,51.39,40.9,0.606,0.41,1.0,1
6.73,63.12,21.1,0.692,9.05,0.5,1
1.74,34.62,25.4,0.89,14.47,0.8,1
29.69,97.54,41.7,0.563,0.04,0.2,1
12.68,67.58,25.4,0.418,7.66,0.8,1
23.84,85.47,37.4,0.582,5.3,0.5,1
19.14,46.38,30.3,0.389,7.34,0.5,1
7.74,65.68,37.8,0.381,1.34,1.0,1
21.67,137.28,24.7,0.705,11.79,0.5,1
0.79,40.56,29.7,0.169,6.8,1.0,0
1.85,16.67,27.1,0.614,2.02,0.5,0
0.39,0.0,25.2,0.661,5.9,0.5,0
3.35,31.7,27.0,0.716,2.11,0.2,0
4.18,39.93,27.3,0.433,1.52,0.8,0
2.69,33.26,45.9,0.109,0.6,0.5,0
15.0,96.63,32.2,0.583,9.98,0.8,1
3.75,21.29,30.7,0.324,1.0,0.8,0
2.8,28.77,31.6,0.173,2.72,0.8,0
6.65,34.15,50.2,0.44,2.86,0.2,0
1.29,42.85,34.9,0.311,0.13,0.2,0
13.77,77.66,36.2,0.296,6.05,0.5,1
0.66,19.17,27.0,0.653,4.49,0.2,0
36.84,204.1,30.9,0.345,1.3,1.0,1
12.58,79.92,23.0,0.352,10.26,0.8,1
1.88,39.05,35.7,0.261,18.14,1.0,1
0.05,17.77,27.8,0.516,4.26,0.2,0
14.36,107.28,37.5,0.452,5.25,0.5,1
10.43,66.05,24.0,0.291,0.23,0.5,0
11.1,59.81,29.3,0.337,2.17,0.2,0
12.54,90.32,30.9,0.121,0.09,0.2,0
0.65,25.63,22.4,0.247,4.82,0.5,0
3.77,49.11,18.0,0.182,6.75,0.8,0
1.05,36.89,27.1,0.208,0.48,0.2,0
16.9,70.19,32.4,0.352,0.37,0.5,0
8.3,80.86,34.9,0.425,6.59,0.5,1
3.42,48.34,29.8,0.18,2.69,0.5,0
0.56,15.48,31.5,0.629,7.12,0.5,0
3.17,8.0,32.4,0.212,1.91,0.2,0
3.34,33.17,31.7,0.217,0.73,0.8,0
11.12,84.08,19.1,0.385,1.76,0.5,0
8.63,75.85,29.3,0.214,1.24,0.8,0
18.55,110.58,23.7,0.705,2.7,0.8,1
5.43,31.63,32.2,0.597,8.42,0.5,1
1.08,17.96,37.7,0.378,1.68,1.0,0
10.62,36.35,33.2,0.256,5.05,0.5,0
12.16,35.61,24.3,0.63,3.87,1.0,1
7.0,36.55,23.9,0.038,0.96,0.5,0
12.53,62.85,15.8,0.638,1.45,0.2,0
5.79,66.26,29.8,0.27,0.88,0.8,0
6.29,22.58,30.0,0.657,5.4,0.5,0
4.74,27.04,24.8,0.1,0.52,0.5,0
0.22,0.0,37.9,0.832,3.28,0.8,0
0.97,26.66,28.9,0.222,0.71,0.2,0
0.27,10.24,35.3,0.559,0.84,0.5,0
8.6,70.96,34.6,0.469,0.02,0.8,1
3.21,42.97,33.8,0.182,2.21,0.2,0
6.04,39.55,43.2,0.547,6.3,0.5,1
20.24,102.88,13.8,0.178,0.35,0.5,0
2.44,9.78,17.9,0.72,7.12,0.5,0
4.49,24.68,36.7,0.533,7.05,0.5,0
11.97,75.63,28.1,0.486,1.0,0.5,0
2.21,19.74,48.6,0.494,7.85,0.5,1
0.68,7.64,24.1,0.445,6.66,0.5,0
2.91,38.05,23.0,0.3,4.04,0.8,0
1.49,35.47,33.4,0.204,6.76,0.5,0
22.57,138.85,26.1,0.567,0.29,1.0,1
14.03,89.21,27.7,0.412,1.46,0.8,1
8.53,26.61,43.9,0.379,1.29,0.2,0
17.44,111.84,14.9,0.417,5.78,0.8,1
13.84,72.22,32.2,0.902,5.29,0.2,1
1.76,18.17,27.6,0.122,8.42,0.2,0
18.96,84.24,27.9,0.68,1.29,1.0,1
6.59,50.27,25.1,0.339,2.44,0.5,0
14.0,100.62,21.2,0.148,0.07,1.0,0
19.25,95.45,15.6,0.404,17.56,0.2,1
3.25,11.03,48.8,0.641,2.01,1.0,1
0.99,0.0,35.1,0.519,3.1,1.0,0
2.2,21.5,38.3,0.554,2.89,0.5,0
4.73,35.07,17.7,0.291,1.87,0.8,0
14.48,80.85,13.7,0.573,1.01,0.5,0
16.76,72.3,33.7,0.26,5.21,0.8,1
0.06,12.46,36.8,0.548,1.79,0.8,0
6.08,47.77,29.1,0.533,4.24,0.8,0
4.59,22.84,28.9,0.481,4.98,0.8,0
2.13,50.77,28.8,0.269,4.92,1.0,0
1.09,14.48,21.9,0.718,0.32,0.2,0
3.5,27.77,37.6,0.389,13.96,0.8,1
24.34,134.79,24.1,0.52,5.42,0.5,1
3.32,22.44,27.3,0.47,3.46,0.2,0
6.22,53.18,35.4,0.112,1.29,0.2,0
10.32,72.04,10.3,0.403,0.62,0.8,0
3.84,31.69,38.0,0.622,6.01,0.5,1
30.33,182.29,42.8,0.229,1.91,0.8,1
27.9,170.65,16.9,0.213,9.23,0.8,1
2.47,37.19,33.5,0.414,10.72,0.5,0
5.85,70.3,29.4,0.188,0.22,0.5,0
3.04,18.73,18.5,0.509,3.3,0.5,0
2.85,40.6,35.7,0.481,1.84,0.5,0
0.32,22.2,34.0,0.584,1.99,0.2,0
7.99,54.99,34.7,0.289,3.64,0.5,0
5.94,46.36,39.5,0.138,5.71,0.2,0
0.45,25.28,26.3,0.364,3.03,0.8,0
2.78,28.78,35.5,0.574,5.37,0.5,0
20.31,99.76,37.3,0.734,12.76,0.8,1
2.33,20.43,22.5,0.412,2.01,0.2,0
1.33,24.49,46.0,0.64,2.23,0.5,0
5.71,16.68,27.7,0.222,4.25,1.0,0
36.07,124.71,36.5,0.275,0.15,0.5,1
2.36,44.3,37.6,0.66,0.47,1.0,1
9.48,53.73,31.6,0.206,0.62,0.5,0
12.19,87.98,20.9,0.454,3.28,1.0,1
2.31,51.88,26.0,0.291,2.98,0.5,0
11.07,52.9,24.7,0.588,1.39,0.2,0
3.9,33.78,31.9,0.126,3.25,0.5,0
8.5,41.84,25.5,0.701,12.66,0.8,1
8.53,58.54,32.5,0.141,7.53,0.8,0
6.52,32.71,26.3,0.251,1.69,0.5,0
0.8,37.1,11.0,0.178,11.48,0.5,0
15.33,107.0,28.3,0.391,1.67,0.2,1
3.29,61.81,33.8,0.832,3.24,0.2,1
1.75,43.31,38.2,0.426,4.4,0.2,0
0.35,10.16,15.1,0.421,3.57,0.5,0
7.6,69.9,25.4,0.557,7.09,0.5,1
9.62,48.65,48.5,0.484,3.17,1.0,1
0.14,39.02,25.6,0.261,1.78,0.2,0
6.1,29.74,38.3,0.256,3.0,0.8,0
2.18,15.58,31.7,0.436,10.36,0.5,0
8.81,33.16,20.6,0.261,4.71,0.8,0
1.63,17.92,34.7,0.725,1.25,0.2,0
9.98,42.97,46.7,0.237,0.08,1.0,1
4.16,31.32,42.2,0.14,3.52,0.5,0
23.46,131.54,35.9,0.158,0.61,1.0,1
1.26,51.7,31.8,0.22,2.66,0.8,0
3.55,16.92,27.2,0.316,1.07,0.8,0
1.02,44.91,28.2,0.342,8.66,0.2,0
21.98,70.97,27.9,0.225,0.53,0.2,0
17.84,127.17,43.9,0.409,15.78,0.2,1
2.54,6.93,24.0,0.41,0.45,0.8,0
9.17,76.69,28.7,0.115,3.53,0.8,0
14.45,45.44,30.0,0.162,2.78,0.8,0
6.89,53.3,29.4,0.705,4.91,0.8,1
6.41,59.38,12.0,0.318,0.97,0.8,0
2.35,32.17,25.8,0.661,2.13,1.0,0
0.83,12.61,31.5,0.552,0.02,0.8,0
19.34,77.96,37.8,0.306,4.22,0.5,1
19.61,85.77,33.0,0.4,1.46,0.5,1
8.52,57.3,28.9,0.172,12.09,1.0,1
3.52,47.71,35.2,0.464,2.33,0.8,0
3.65,35.14,35.2,0.903,4.5,0.8,1
11.0,60.96,25.1,0.469,0.73,0.8,0
19.33,96.57,19.8,0.439,6.23,0.5,1
18.54,92.64,39.1,0.124,0.06,0.8,1
12.87,83.1,32.1,0.265,0.21,0.2,0
8.73,62.46,22.8,0.086,5.7,0.5,0
0.75,5.39,25.6,0.599,1.97,0.2,0
1.5,28.33,38.0,0.341,0.21,0.5,0
19.45,147.07,34.9,0.559,1.89,1.0,1
7.93,57.39,45.2,0.394,0.67,0.5,1
0.08,25.17,30.7,0.345,2.4,0.5,0
0.91,22.09,16.9,0.548,17.33,0.8,0
9.26,75.96,36.1,0.662,0.05,1.0,1
0.04,17.35,25.3,0.297,5.73,1.0,0
1.49,19.2,27.3,0.522,1.74,0.5,0
6.76,53.89,23.5,0.281,5.83,1.0,0
10.01,42.37,26.9,0.275,2.25,0.8,0
8.97,58.66,40.0,0.52,5.28,0.2,1
2.16,43.8,33.1,0.229,3.03,1.0,0
10.59,58.67,20.0,0.232,5.19,0.8,0
2.3,12.59,33.4,0.112,2.74,0.8,0
3.35,29.11,34.5,0.247,4.22,1.0,0
11.67,71.35,42.2,0.521,2.34,0.5,1
8.91,39.24,41.1,0.506,1.02,0.2,0
16.08,115.54,17.6,0.325,5.38,0.5,1
9.11,84.07,41.4,0.436,2.63,0.5,1
7.14,36.61,16.9,0.298,1.89,0.2,0
0.84,21.32,21.9,0.698,18.0,0.5,1
3.9,26.51,20.2,0.834,0.21,1.0,0
2.62,52.55,23.0,0.632,4.91,0.5,0
2.38,26.44,39.1,0.548,2.03,0.8,0
30.7,82.89,35.8,0.397,1.54,0.5,1
4.24,12.1,35.8,0.156,8.57,0.8,0
18.92,77.83,43.9,0.344,5.68,1.0,1
8.48,41.44,29.0,0.281,0.08,0.2,0
13.46,95.25,11.7,0.553,5.06,0.2,0
5.94,24.64,34.6,0.428,0.03,0.5,0
7.31,40.01,41.5,0.333,0.18,0.5,0
5.77,16.86,47.5,0.468,1.12,1.0,1
1.85,32.72,28.3,0.605,15.02,0.5,1
10.89,60.79,39.8,0.415,1.89,0.5,1
2.8,40.0,40.7,0.21,3.2,0.8,0
0.21,4.33,21.6,0.472,5.78,1.0,0
8.81,49.22,34.4,0.561,1.15,0.5,0
1.66,29.64,22.6,0.755,10.62,0.8,1
23.98,73.6,30.3,0.313,2.35,0.8,1
26.16,140.33,41.9,0.322,7.98,0.2,1
20.94,128.6,38.7,0.574,2.29,0.2,1
3.93,32.63,33.0,0.734,9.03,0.8,1
0.13,0.0,39.3,0.214,7.48,0.8,0
22.4,105.41,21.9,0.089,1.6,0.5,0
4.75,27.46,23.4,0.447,0.35,1.0,0
28.91,180.94,23.9,0.434,0.25,0.5,1
28.17,181.4,38.3,0.63,2.39,0.5,1
16.3,73.23,42.4,0.408,0.16,0.5,1
2.96,27.1,32.8,0.245,3.7,0.2,0
4.13,49.18,46.1,0.67,6.27,0.2,1
16.19,54.04,36.9,0.546,7.67,0.8,1
3.24,50.6,32.9,0.401,11.06,0.5,1
1.58,42.65,33.9,0.32,0.33,0.5,0
6.92,56.39,40.8,0.219,7.94,0.5,1
23.39,101.28,19.1,0.534,0.4,0.2,1
10.12,53.44,22.5,0.307,17.69,0.5,1
7.17,33.6,25.7,0.279,0.44,0.5,0
0.87,37.29,42.6,0.182,20.65,1.0,1
8.11,60.74,45.2,0.444,2.01,0.8,1
39.19,229.08,28.1,0.615,5.12,0.5,1
1.28,54.58,44.0,0.277,0.73,0.5,0
6.21,24.87,32.5,0.17,0.33,1.0,0
17.84,75.97,30.9,0.18,4.24,0.2,0
11.48,105.46,40.1,0.674,3.06,0.8,1
10.15,79.23,32.5,0.606,9.07,0.8,1
10.3,67.52,30.5,0.523,4.34,0.5,1
3.79,15.9,13.8,0.387,3.85,0.5,0
2.95,25.64,13.5,0.504,4.02,0.5,0
14.09,72.2,34.3,0.291,1.95,0.5,0
14.12,60.63,18.2,0.512,4.86,0.2,0
17.15,94.89,37.1,0.15,8.54,0.5,1
20.78,120.47,34.2,0.691,4.47,0.8,1
6.09,26.68,30.6,0.253,0.46,0.5,0
5.92,39.39,36.4,0.696,2.29,0.8,1
13.61,53.68,49.6,0.331,1.96,1.0,1
8.92,59.11,25.1,0.522,2.52,0.2,0
10.29,94.26,32.7,0.348,1.31,0.5,1
13.5,48.57,40.5,0.178,3.11,0.5,0
18.76,91.67,13.9,0.407,6.2,0.8,1
3.51,31.69,23.7,0.381,1.55,0.5,0
4.0,54.81,31.9,0.551,9.63,0.5,1
0.84,24.56,32.6,0.53,1.23,0.8,0
7.34,64.22,18.9,0.565,2.64,1.0,0
0.31,21.87,29.4,0.735,4.04,0.5,0
5.33,53.75,31.9,0.374,6.51,0.8,1
6.65,48.2,29.8,0.207,4.19,0.5,0
2.87,19.3,36.1,0.621,8.1,1.0,1
7.6,62.25,38.1,0.586,6.76,0.5,1
0.26,15.78,30.6,0.637,0.87,0.5,0
0.32,24.36,29.8,0.456,1.76,0.8,0
14.7,87.06,36.3,0.358,0.11,0.5,1
3.8,24.89,32.7,0.62,1.29,0.8,0
1.16,28.7,41.6,0.618,0.06,0.8,0
6.28,58.5,31.1,0.795,4.41,1.0,1
12.49,98.24,33.1,0.474,4.7,0.2,1
2.07,24.45,20.9,0.316,5.8,0.5,0
8.29,38.24,40.3,0.103,0.58,0.5,0
0.76,16.74,29.8,0.271,1.49,1.0,0
0.45,0.0,36.6,0.398,3.76,0.2,0
6.44,61.52,29.9,0.285,7.29,0.2,0
6.61,33.51,11.0,0.535,7.19,1.0,0
8.62,33.1,29.2,0.533,1.96,0.5,0
11.01,61.5,21.7,0.604,1.52,0.8,0
31.65,197.67,29.2,0.65,2.37,0.5,1
6.17,24.69,27.2,0.061,0.66,1.0,0
3.32,35.44,23.7,0.231,0.99,0.2,0
13.48,74.55,20.7,0.521,0.07,0.2,0
2.68,52.11,36.9,0.527,5.23,0.5,1
4.91,51.54,37.7,0.321,20.1,1.0,1
0.69,39.43,25.6,0.418,0.31,0.8,0
0.22,33.85,31.4,0.691,0.62,0.8,0
27.94,119.95,30.7,0.857,0.87,1.0,1
15.37,79.87,28.1,0.683,2.99,0.2,1
10.12,63.66,26.0,0.614,1.86,0.8,1
4.47,17.57,23.1,0.353,0.31,0.2,0
1.62,16.46,41.7,0.772,0.02,0.8,0
1.45,14.51,40.2,0.573,1.57,0.8,0
2.45,44.45,29.6,0.434,2.22,0.2,0
6.77,39.9,36.7,0.159,4.45,1.0,0
10.66,45.88,31.5,0.487,14.77,0.5,1
9.17,47.77,18.9,0.491,2.03,0.2,0
2.79,28.95,39.8,0.207,2.79,0.2,0
26.33,165.02,24.2,0.289,5.02,1.0,1
11.38,80.56,36.3,0.582,2.05,0.5,1
6.87,27.89,32.1,0.154,3.46,0.8,0
8.04,50.92,35.9,0.061,1.75,0.5,0
4.62,33.45,30.9,0.609,17.66,0.2,1
2.42,7.98,36.2,0.397,0.96,0.8,0
3.74,10.98,15.5,0.367,5.25,1.0,0
12.05,39.9,16.1,0.691,0.36,0.5,0
0.12,17.55,42.7,0.384,1.2,0.2,0
1.05,26.32,37.5,0.623,4.56,0.5,0
0.4,25.06,40.0,0.393,1.39,0.2,0
0.35,26.33,30.5,0.39,1.39,1.0,0
16.44,74.1,30.6,0.267,0.88,1.0,1
10.34,80.21,32.2,0.447,0.34,0.5,0
5.46,31.12,25.0,0.328,1.67,0.2,0
0.88,30.63,37.0,0.291,0.38,0.5,0
5.75,51.62,40.0,0.553,16.16,0.5,1
5.45,40.67,43.2,0.172,1.37,0.8,0
1.62,22.43,31.9,0.18,2.87,0.5,0
4.84,42.11,29.6,0.457,1.21,0.5,0
4.32,34.45,40.1,0.646,0.99,0.2,0
8.13,63.32,37.6,0.279,4.82,0.5,0
8.57,53.68,41.4,0.207,1.71,0.8,0
0.39,0.0,35.0,0.376,0.69,0.2,0
3.99,18.2,42.1,0.65,0.85,0.5,0
8.36,72.81,19.1,0.115,7.97,0.5,0
5.95,45.8,35.6,0.315,3.17,1.0,0
16.5,92.77,19.1,0.659,4.11,0.5,1
9.14,40.92,37.5,0.157,0.35,0.8,0
1.51,25.78,34.3,0.579,3.28,0.5,0
0.62,7.28,13.8,0.23,0.78,0.5,0
8.74,40.99,33.7,0.569,0.49,0.5,0
0.23,15.17,21.6,0.552,2.52,0.2,0
7.49,65.43,21.5,0.294,3.44,1.0,0
23.95,99.38,21.8,0.647,1.71,0.5,1
7.28,49.15,31.1,0.155,4.44,0.5,0
4.18,19.89,20.3,0.264,6.68,0.5,0
8.76,58.23,20.8,0.217,3.65,0.5,0
5.21,45.72,25.4,0.342,5.8,0.2,0
6.7,15.14,10.9,0.431,7.17,0.2,0
24.12,125.01,26.0,0.284,17.44,0.8,1
4.15,34.44,34.1,0.546,3.32,0.2,0
27.62,179.91,33.7,0.212,0.45,0.8,1
20.04,78.16,46.9,0.687,2.03,0.2,1
1.85,17.95,20.5,0.778,5.2,0.8,0
0.61,36.28,41.4,0.599,7.79,0.5,1
0.9,0.0,29.0,0.225,0.89,0.2,0
0.16,19.94,28.9,0.682,3.5,0.8,0
0.84,0.0,28.0,0.172,4.98,0.5,0
9.77,63.51,20.7,0.3,16.87,0.2,0
0.63,29.45,31.0,0.314,1.83,0.8,0
3.27,9.6,38.6,0.403,0.17,0.8,0
15.84,46.43,41.8,0.338,12.36,0.8,1
0.2,56.47,46.4,0.245,0.18,0.5,0
14.32,77.0,38.6,0.338,1.02,0.2,0
2.81,60.59,34.2,0.544,3.05,0.8,1
1.07,20.79,31.4,0.411,0.35,0.2,0
10.14,59.48,41.7,0.323,10.89,0.5,1
8.43,76.63,37.2,0.354,3.21,0.5,1
17.85,113.63,22.2,0.719,1.71,0.2,1
11.29,35.13,35.7,0.376,1.69,0.5,0
13.83,69.08,30.0,0.3,0.04,0.8,0
2.82,43.45,33.6,0.353,6.32,0.8,0
1.66,31.83,42.8,0.325,2.0,0.2,0
11.8,84.16,34.9,0.387,0.04,0.8,1
13.98,63.51,44.8,0.485,6.08,0.2,1
39.58,280.0,41.4,0.454,9.4,0.8,1
4.52,42.59,20.9,0.612,3.91,0.5,0
3.95,39.77,13.3,0.249,15.23,0.2,0
12.73,99.2,28.8,0.155,2.92,1.0,1
3.54,28.65,41.4,0.546,0.34,0.8,0
22.7,104.49,24.6,0.26,12.94,0.5,1
16.62,112.09,35.9,0.318,1.34,0.2,1
4.76,48.08,31.0,0.126,4.78,0.2,0
11.81,96.75,37.4,0.314,2.66,0.8,1
11.94,67.62,22.3,0.406,0.73,1.0,0
0.93,29.95,24.9,0.665,1.88,1.0,0
19.79,90.14,25.0,0.325,1.96,0.5,1
5.98,30.82,32.5,0.496,5.35,0.5,0
14.89,109.35,26.4,0.221,1.24,0.2,0
3.28,56.91,39.4,0.127,18.68,0.5,1
19.2,100.96,27.9,0.466,6.65,0.8,1
4.19,33.44,35.1,0.129,3.69,0.8,0
0.09,20.64,45.4,0.607,2.8,1.0,1
20.04,113.05,33.8,0.683,5.15,0.2,1
0.81,11.52,25.0,0.469,11.66,0.2,0
3.27,42.95,40.1,0.526,23.27,0.5,1
25.47,181.61,13.4,0.406,7.7,0.8,1
25.57,104.79,25.4,0.376,0.12,0.5,1
7.24,47.36,28.9,0.315,12.85,0.8,1
8.49,67.11,23.5,0.613,5.02,0.8,1
5.06,49.62,33.8,0.551,3.61,0.8,1
2.95,34.05,32.7,0.786,0.75,0.2,0
3.39,62.2,29.4,0.661,0.51,0.5,0
9.49,51.92,26.5,0.161,2.33,0.5,0
11.86,72.66,30.0,0.565,4.86,0.8,1
13.33,43.65,26.4,0.649,5.21,0.5,1
13.25,82.21,24.3,0.126,3.02,0.5,0
0.81,4.87,28.0,0.302,6.23,0.5,0
5.8,63.27,33.7,0.321,3.28,0.8,0
0.5,20.11,34.8,0.276,2.14,0.5,0
6.78,53.84,26.6,0.709,1.73,0.2,0
4.95,34.73,45.4,0.581,1.3,0.2,0
18.59,117.58,25.6,0.637,6.54,0.8,1
3.67,39.72,36.4,0.181,0.94,0.5,0
1.06,11.3,18.7,0.248,8.73,0.5,0
1.31,13.53,35.2,0.798,1.4,0.5,0
12.18,86.21,30.6,0.591,2.11,0.2,1
8.18,76.72,33.0,0.275,0.61,1.0,1
0.91,51.63,23.0,0.254,0.45,0.5,0
0.75,27.81,30.0,0.293,0.58,0.8,0
10.26,87.42,38.0,0.434,5.0,0.8,1
0.64,0.0,38.0,0.621,4.42,0.5,0
14.66,132.57,24.8,0.202,4.6,1.0,1
10.41,81.22,28.0,0.541,7.21,0.8,1
0.72,23.58,11.9,0.286,0.87,0.2,0
0.75,20.33,19.1,0.44,1.14,0.8,0
36.68,202.04,20.8,0.339,12.38,0.2,1
3.99,27.37,26.5,0.537,0.43,0.5,0
3.94,68.02,37.8,0.193,1.25,1.0,0
14.24,57.01,31.7,0.289,12.4,0.5,1
25.01,136.16,38.8,0.367,3.01,1.0,1
36.28,214.52,37.7,0.372,9.99,0.8,1
11.9,40.88,33.4,0.362,6.23,0.8,1
4.01,39.04,31.5,0.213,11.35,1.0,1
0.74,39.2,44.4,0.272,5.1,1.0,1
12.76,86.94,33.0,0.522,1.15,1.0,1
6.95,28.41,31.1,0.165,5.41,0.2,0
4.69,39.86,41.5,0.433,1.89,0.5,0
20.13,96.39,18.1,0.413,0.66,0.5,0
1.0,39.84,35.0,0.59,1.08,0.2,0
5.77,29.14,20.2,0.358,1.32,0.2,0
0.1,16.55,39.7,0.859,0.41,0.8,1
5.38,48.71,38.8,0.343,1.96,0.8,0
0.49,24.03,31.6,0.577,10.84,0.8,1
1.08,17.05,35.1,0.807,0.82,0.8,0
1.06,18.03,38.2,0.721,14.51,0.8,1
8.9,36.28,31.1,0.467,2.53,0.8,0
11.65,47.26,43.1,0.559,5.4,0.8,1
7.44,49.66,30.1,0.493,0.45,0.8,0
27.84,119.03,42.5,0.445,7.53,0.5,1
3.99,34.63,33.3,0.19,3.28,0.8,0
2.86,46.86,29.8,0.676,0.53,0.5,0
17.25,76.77,11.9,0.485,2.62,1.0,0
2.15,11.01,26.5,0.489,4.32,0.2,0
28.07,122.99,41.5,0.393,2.02,1.0,1
0.1,38.82,29.9,0.277,1.49,0.2,0
29.77,166.58,29.7,0.404,1.37,0.5,1
0.38,2.79,31.3,0.34,2.9,0.8,0
18.85,92.12,26.3,0.379,2.2,1.0,1
6.38,35.07,31.3,0.506,5.14,0.8,0
42.13,213.01,28.6,0.14,11.29,0.2,1
0.65,12.63,43.3,0.243,0.75,0.8,0
6.86,25.4,32.9,0.552,2.7,0.8,0
29.61,186.96,40.2,0.468,2.56,0.2,1
6.29,65.14,35.8,0.821,1.95,0.8,1
8.44,21.9,24.0,0.448,5.23,0.2,0
10.11,68.84,41.5,0.301,2.32,0.2,0
5.15,61.61,19.0,0.716,0.38,0.5,0
8.4,68.95,30.4,0.195,2.65,0.2,0
7.46,55.06,24.9,0.431,5.33,0.2,0
19.67,116.92,32.3,0.415,12.1,0.8,1
0.4,21.49,26.7,0.237,0.46,0.5,0
2.8,21.58,36.7,0.65,3.82,0.2,0
25.53,112.92,44.7,0.537,1.66,0.2,1
18.78,55.79,36.4,0.355,0.98,0.5,0
5.17,57.46,28.1,0.62,3.46,0.2,0
8.23,51.0,33.7,0.267,1.91,0.2,0
2.76,34.26,42.3,0.031,0.29,0.2,0
1.77,26.72,25.8,0.552,8.59,0.8,0
5.3,53.2,20.5,0.531,2.16,1.0,0
3.71,36.26,21.0,0.264,12.6,0.5,0
7.45,41.69,31.4,0.317,0.96,0.5,0
0.69,10.85,37.0,0.287,0.22,0.5,0
31.15,101.5,35.0,0.125,0.12,0.5,1
36.41,173.5,30.5,0.304,3.63,0.5,1
10.18,40.41,36.9,0.141,6.9,0.2,0
6.53,23.44,34.5,0.168,3.88,0.2,0
3.15,14.23,34.3,0.581,6.6,0.8,0
14.29,117.27,23.7,0.645,2.77,0.5,1
9.81,60.99,27.0,0.493,0.46,0.2,0
1.51,21.03,27.8,0.333,6.22,0.2,0
20.56,148.46,39.3,0.287,1.71,0.5,1
14.7,79.7,38.3,0.712,4.48,0.8,1
25.43,133.67,25.3,0.249,0.46,0.8,1
11.0,58.1,17.1,0.119,1.26,0.5,0
8.08,77.06,38.0,0.641,2.03,1.0,1
4.6,33.94,29.5,0.34,13.11,0.8,1
22.94,60.22,24.3,0.244,3.86,0.5,0
17.09,69.08,20.4,0.288,4.49,0.8,0
0.39,27.18,13.4,0.543,5.71,0.2,0
0.23,0.0,29.9,0.442,2.58,0.5,0
4.01,71.31,27.7,0.301,0.64,0.2,0
14.14,82.36,36.0,0.535,1.39,0.8,1
37.1,123.34,47.6,0.595,1.08,1.0,1
1.39,7.93,23.8,0.174,8.63,0.5,0
7.66,54.53,25.0,0.112,4.95,0.5,0
4.08,55.44,27.7,0.217,3.06,0.5,0
29.78,169.07,30.7,0.884,1.06,0.2,1
15.69,85.86,36.1,0.226,0.64,0.5,1
15.49,47.51,28.0,0.207,3.4,0.2,0
5.38,42.54,19.8,0.679,0.52,0.5,0
4.55,37.13,36.9,0.451,2.29,0.8,0
2.71,42.21,38.9,0.27,3.31,0.5,0
0.49,9.92,25.1,0.424,1.67,0.5,0
17.0,82.91,21.2,0.412,9.95,0.5,1
14.25,87.36,32.1,0.295,0.37,0.5,0
65.0,251.86,23.9,0.273,2.09,0.5,1
48.41,152.53,28.6,0.613,8.63,0.5,1
6.89,47.01,38.3,0.476,0.74,0.5,0
12.45,101.95,24.2,0.323,3.76,0.8,1
24.62,146.32,39.2,0.355,3.31,0.2,1
16.11,69.25,35.5,0.652,8.92,1.0,1
2.42,45.59,24.2,0.387,8.22,0.5,0
5.09,42.2,32.1,0.477,9.35,0.8,1
1.18,43.17,34.0,0.527,3.3,0.2,0
26.18,126.07,23.6,0.281,0.75,0.5,1
7.92,59.08,21.6,0.392,0.56,0.8,0
2.21,37.44,32.2,0.508,5.59,0.2,0
9.47,60.9,36.0,0.522,2.07,0.2,0
8.18,51.32,30.7,0.124,1.08,0.5,0
3.77,32.13,18.0,0.311,4.19,0.5,0
1.02,3.43,44.1,0.882,5.67,0.5,1
9.46,56.17,36.0,0.399,9.11,0.2,1
6.24,56.05,34.2,0.489,0.17,0.2,0
12.58,73.87,34.7,0.27,0.43,0.2,0
6.24,59.87,29.2,0.662,4.33,0.8,1
16.25,73.81,48.4,0.285,0.61,0.5,1
6.82,85.0,21.1,0.255,0.52,0.8,0
7.0,50.15,37.2,0.35,0.77,0.5,0
17.79,139.23,29.7,0.607,1.35,0.2,1
4.39,40.86,42.0,0.251,8.25,0.5,0
1.22,30.87,36.6,0.69,6.17,0.5,1
0.25,38.34,32.8,0.511,1.55,0.2,0
11.96,73.23,44.8,0.525,3.73,1.0,1
8.23,52.66,43.4,0.364,4.43,0.2,0
10.35,76.05,17.0,0.746,16.49,0.5,1
2.04,37.13,23.3,0.381,0.32,0.5,0
1.25,16.9,35.5,0.471,1.69,0.5,0
0.12,9.74,43.9,0.8,11.09,0.5,1
3.67,59.44,29.9,0.833,2.89,1.0,1
7.58,86.88,15.9,0.31,5.81,0.5,0
4.23,18.89,34.7,0.245,0.99,0.5,0
4.89,29.05,23.4,0.335,1.28,0.5,0
19.93,120.65,32.6,0.557,8.55,0.5,1
3.64,41.63,28.9,0.573,4.25,0.5,0
6.13,52.39,32.7,0.301,6.85,1.0,1
13.01,97.24,44.5,0.242,0.92,0.2,1
4.29,30.37,31.2,0.571,1.05,0.2,0
8.27,66.16,15.6,0.571,1.32,1.0,0
16.86,121.09,33.2,0.189,6.63,0.2,1
25.38,120.79,27.3,0.544,0.93,1.0,1
1.35,31.0,38.3,0.671,4.21,0.8,1
22.2,99.42,30.8,0.284,1.49,0.8,1
5.76,46.81,37.3,0.506,3.58,0.8,1
2.54,31.17,43.2,0.35,2.13,0.5,0
5.22,47.41,28.3,0.316,1.14,1.0,0
33.27,212.89,49.0,0.145,4.13,0.2,1
5.77,56.59,21.8,0.19,4.5,0.5,0
3.39,26.86,34.7,0.332,5.37,0.5,0
8.53,74.61,15.7,0.667,6.57,0.5,0
2.33,35.72,24.0,0.638,1.19,1.0,0
0.67,9.5,34.5,0.664,1.87,1.0,0
1.17,48.55,16.5,0.485,4.01,0.5,0
1.16,28.29,19.7,0.687,4.28,1.0,0
1.4,12.77,26.4,0.419,18.39,1.0,1
1.27,43.58,33.1,0.664,0.88,0.5,0
8.7,53.98,13.8,0.561,3.3,0.2,0
1.71,0.76,31.1,0.405,0.48,1.0,0
3.61,28.66,34.3,0.258,0.51,1.0,0
19.3,103.36,29.3,0.57,2.13,0.8,1
5.46,7.77,17.9,0.52,3.1,0.2,0
9.36,60.01,33.9,0.41,0.88,0.5,0
1.61,28.14,33.8,0.343,0.22,0.2,0
1.82,9.57,31.6,0.5,1.58,0.2,0
0.35,25.39,35.9,0.572,0.94,0.8,0
1.57,27.16,23.9,0.412,0.35,0.5,0
2.78,11.38,35.6,0.669,6.63,0.5,0
1.66,43.66,22.2,0.301,3.34,0.5,0
0.79,35.93,29.0,0.402,4.87,0.2,0
1.09,19.13,17.9,0.421,5.45,0.5,0
5.25,38.91,39.7,0.612,0.62,1.0,1
1.96,41.76,32.3,0.503,1.19,0.8,0
3.85,26.91,47.1,0.233,0.22,0.2,0
5.95,20.06,45.0,0.478,8.34,0.5,1
9.97,71.33,50.9,0.364,5.94,1.0,1
0.34,8.86,19.7,0.279,1.23,0.5,0
13.66,87.36,33.8,0.314,1.41,0.8,1
8.4,73.72,29.4,0.448,3.34,0.5,0
0.73,20.55,32.2,0.327,3.45,0.2,0
17.58,114.93,26.9,0.444,7.77,1.0,1
21.56,129.74,16.7,0.252,0.11,1.0,1
0.54,30.6,36.3,0.248,9.79,0.8,0
2.76,19.18,46.6,0.391,7.71,0.5,0
13.95,90.13,32.2,0.738,2.69,0.8,1
11.72,84.18,27.5,0.385,0.47,0.2,0
1.73,28.75,44.8,0.192,3.68,1.0,0
2.0,34.75,28.4,0.357,3.68,1.0,0
3.93,77.1,43.5,0.702,0.36,0.5,1
5.63,17.81,41.0,0.683,10.24,0.5,1
8.19,69.74,32.1,0.416,3.75,0.2,0
3.91,48.66,35.5,0.483,2.97,0.5,0
5.28,54.18,36.1,0.783,3.28,0.2,1
11.7,61.87,34.6,0.275,2.86,0.8,1
0.32,46.82,22.2,0.508,0.37,0.5,0
2.47,0.0,35.9,0.669,5.54,0.2,0
10.62,58.83,11.7,0.321,0.02,1.0,0
19.17,99.71,36.4,0.287,6.61,0.2,1
6.09,42.77,32.7,0.189,0.59,0.8,0
6.46,76.42,25.5,0.38,1.4,0.5,0
0.96,2.17,39.2,0.514,1.74,0.5,0
5.04,30.31,29.4,0.573,2.2,0.8,0
6.47,47.5,31.2,0.3,2.39,1.0,0
2.36,32.8,15.1,0.159,3.82,0.2,0
2.67,26.54,29.3,0.497,2.3,0.2,0
4.03,32.39,22.4,0.548,5.32,1.0,0
0.17,42.04,26.0,0.345,0.45,0.5,0
3.3,53.17,25.3,0.345,1.43,0.2,0
2.02,22.74,16.5,0.14,1.07,0.5,0
3.37,7.59,30.6,0.39,1.43,0.2,0
1.08,0.0,32.0,0.747,0.85,0.5,0
18.8,123.89,33.0,0.21,7.78,1.0,1
7.65,59.89,30.7,0.36,2.57,1.0,0
9.66,45.99,41.5,0.38,3.71,0.5,1
13.23,54.71,15.9,0.365,5.32,0.5,0
5.87,40.17,34.0,0.201,1.39,0.5,0
0.77,34.36,41.4,0.444,7.85,0.5,0
6.55,77.32,16.2,0.449,2.27,0.2,0
7.51,15.11,31.4,0.312,3.86,0.5,0
11.63,86.12,33.4,0.275,0.1,0.5,0
4.8,28.59,23.3,0.385,2.08,1.0,0
1.16,3.97,25.3,0.241,1.32,0.8,0
2.84,17.75,38.6,0.359,0.14,0.8,0
3.83,40.37,32.9,0.521,1.64,0.5,0
8.82,62.92,27.1,0.503,6.93,0.5,1
7.19,64.56,37.9,0.36,8.47,0.2,1
3.74,33.31,37.4,0.553,3.21,0.5,0
36.6,184.82,27.9,0.366,15.55,1.0,1
7.91,60.96,31.2,0.541,9.77,0.5,1
2.3,10.8,35.2,0.434,4.21,0.8,0
0.91,5.66,27.8,0.401,0.85,0.5,0
1.41,32.66,34.3,0.616,0.49,0.5,0
2.4,29.39,25.2,0.258,4.1,0.5,0
1.49,34.49,26.4,0.357,1.99,0.2,0
1.76,21.87,26.9,0.202,0.19,1.0,0
2.85,45.07,44.7,0.296,8.81,0.8,1
1.62,17.88,40.2,0.372,0.2,1.0,0
19.3,151.86,32.9,0.647,5.96,0.5,1
0.71,27.85,32.9,0.4,2.98,0.2,0
6.32,51.45,17.2,0.296,2.11,0.8,0
4.49,42.82,34.8,0.461,4.32,0.2,0
34.33,121.23,27.4,0.253,2.51,0.5,1
1.01,49.29,34.0,0.349,3.4,0.2,0
4.31,45.17,40.4,0.335,3.29,0.8,0
29.66,148.87,16.5,0.493,3.49,0.8,1
17.05,89.77,33.8,0.539,17.98,0.5,1
14.44,73.17,32.9,0.483,1.32,0.8,1
2.54,42.78,23.8,0.5,1.4,0.8,0
1.59,24.95,34.8,0.646,1.71,0.8,0
9.39,29.2,32.7,0.27,8.84,0.2,0
22.53,83.57,38.0,0.272,3.06,0.2,1
6.92,56.37,20.1,0.173,10.01,0.5,0
7.21,65.42,30.2,0.535,5.38,0.5,1
2.79,29.62,50.7,0.319,1.1,0.5,0
12.47,65.62,35.8,0.321,3.21,0.5,1
1.76,1.66,35.7,0.586,0.32,0.5,0
3.32,55.85,27.1,0.427,3.11,0.5,0
4.71,45.26,19.3,0.245,0.8,0.2,0
6.02,48.02,45.5,0.738,2.01,0.5,1
2.36,46.47,19.9,0.476,3.26,0.8,0
1.04,22.83,49.5,0.509,0.81,0.5,0
8.02,60.13,20.8,0.502,5.3,0.8,0
2.89,56.09,22.6,0.223,2.48,0.8,0
7.4,47.5,26.9,0.378,7.86,1.0,1
1.43,32.49,31.8,0.188,1.41,0.5,0
5.58,62.79,38.7,0.507,5.52,0.2,1
6.46,56.92,47.1,0.276,0.09,0.2,0
0.45,19.69,28.2,0.683,3.06,0.5,0
3.49,29.46,14.3,0.289,7.11,0.5,0
1.23,35.0,34.1,0.524,6.76,0.8,1
0.56,33.71,36.4,0.052,3.17,0.2,0
39.11,245.46,29.2,0.664,3.69,1.0,1
3.31,47.17,23.0,0.695,5.53,0.5,0
14.11,108.51,26.8,0.524,2.97,0.8,1
2.5,27.6,35.0,0.061,6.14,0.8,0
9.73,66.49,31.4,0.579,3.5,0.5,1
12.14,84.45,37.3,0.032,0.62,0.2,0
7.7,36.54,24.2,0.161,5.54,1.0,0
5.42,48.39,40.5,0.217,1.68,0.5,0
4.51,55.34,22.0,0.645,8.19,1.0,1
3.65,50.84,27.5,0.81,1.85,0.2,0
22.55,99.3,33.5,0.379,1.06,1.0,1
15.09,80.49,37.1,0.715,1.37,0.8,1
28.5,121.51,25.7,0.205,0.77,0.8,1
1.13,36.44,45.4,0.708,2.26,0.5,1
11.16,65.04,36.3,0.331,5.24,0.5,1
23.68,143.27,24.2,0.506,4.1,0.5,1
1.7,45.88,36.8,0.427,7.8,0.8,1
0.58,25.98,36.0,0.457,0.08,1.0,0
11.49,47.93,37.6,0.464,5.42,0.8,1
7.26,49.59,43.6,0.634,3.56,0.5,1
15.67,105.33,36.4,0.464,12.71,0.8,1
1.28,10.16,28.0,0.647,6.76,0.5,0
13.48,81.85,38.7,0.376,1.25,0.5,1
1.91,26.41,36.0,0.496,7.59,0.8,1
1.52,34.58,33.1,0.436,7.91,0.2,0
1.53,38.32,28.1,0.304,6.62,0.5,0
14.32,67.5,43.9,0.747,2.83,0.2,1
9.3,27.58,31.8,0.173,7.19,1.0,0
6.29,63.34,34.3,0.455,1.44,1.0,1
3.78,14.11,29.6,0.151,1.63,1.0,0
17.83,86.66,38.4,0.366,3.97,1.0,1
4.24,31.69,27.8,0.209,0.11,1.0,0
14.42,78.49,39.4,0.416,4.0,0.2,1
4.92,58.97,20.0,0.467,1.47,0.2,0
4.02,76.08,36.4,0.419,8.59,0.8,1
5.28,20.84,31.0,0.63,2.02,0.2,0
3.05,48.89,36.1,0.451,5.25,0.2,0
11.7,75.93,32.2,0.122,1.21,0.5,0
5.94,64.29,21.1,0.172,1.52,1.0,0
2.25,40.87,31.0,0.342,0.78,1.0,0
19.54,109.89,46.5,0.792,1.05,0.5,1
4.12,36.43,37.6,0.526,0.43,0.8,0
6.67,42.99,26.7,0.417,3.65,0.5,0
20.14,136.92,45.1,0.275,6.97,0.5,1
8.32,48.44,38.4,0.25,1.27,1.0,0
1.06,20.4,28.4,0.416,1.37,0.8,0
23.89,153.41,33.8,0.571,9.11,0.2,1
8.4,73.56,29.9,0.371,0.36,0.2,0
3.47,62.44,19.5,0.215,0.37,0.8,0
1.27,6.44,39.2,0.304,5.6,0.5,0
13.43,72.78,23.3,0.565,1.1,0.5,0
8.23,57.55,30.6,0.242,2.88,0.8,0
6.48,29.75,36.2,0.35,2.33,0.8,0
19.07,115.33,44.5,0.815,3.08,1.0,1
13.21,66.07,17.6,0.206,0.34,0.8,0
1.4,2.59,29.1,0.29,1.81,0.5,0
3.18,24.39,34.0,0.629,3.89,0.5,0
2.43,12.95,38.4,0.611,0.96,0.5,0
11.58,53.55,43.9,0.396,0.62,0.5,1
0.29,1.72,10.7,0.326,2.2,0.8,0
7.17,39.75,34.3,0.171,10.93,0.5,0
12.22,63.21,12.5,0.482,11.27,0.5,0
17.8,113.89,38.6,0.425,7.21,0.8,1
3.56,50.25,21.8,0.651,1.13,0.5,0
14.64,82.79,42.6,0.108,4.5,0.5,1
1.0,20.45,22.0,0.45,12.43,0.5,0
15.93,102.85,37.9,0.524,4.32,0.5,1
1.16,13.61,26.3,0.283,3.59,0.8,0
4.3,29.58,32.7,0.791,0.47,0.5,0
13.57,86.46,33.9,0.392,5.24,0.2,1
1.38,0.0,23.8,0.228,5.55,0.2,0
2.21,29.04,26.6,0.412,0.71,0.2,0
10.89,75.76,20.0,0.246,1.93,0.2,0
10.82,89.51,12.2,0.201,3.19,0.2,0
8.71,23.71,24.9,0.373,1.08,0.2,0
10.06,60.44,31.8,0.46,15.46,0.8,1
6.65,52.59,36.5,0.164,0.69,0.8,0
2.47,6.03,38.8,0.624,12.73,0.5,1
3.61,21.45,18.0,0.26,0.69,0.8,0
1.7,25.31,25.9,0.607,2.6,1.0,0
20.32,80.37,38.1,0.366,16.54,0.2,1
7.44,56.07,31.1,0.236,0.82,0.5,0
4.35,40.76,23.0,0.437,5.08,0.5,0
5.27,32.37,29.0,0.413,2.71,0.8,0
25.01,124.59,25.8,0.275,2.08,0.5,1
1.41,27.09,16.8,0.804,2.05,0.5,0
7.5,31.58,37.9,0.186,3.1,0.2,0
5.99,40.82,26.4,0.442,5.53,0.2,0
8.04,62.19,45.2,0.351,1.5,1.0,1
0.16,23.36,42.3,0.154,20.79,0.8,1
17.48,112.65,36.6,0.493,9.02,0.8,1
22.86,131.45,27.4,0.363,2.57,0.5,1
7.08,67.34,26.1,0.65,2.91,0.2,0
10.14,55.46,31.0,0.561,4.89,0.8,1
21.74,67.03,28.1,0.351,1.33,0.5,0
10.44,17.84,42.9,0.381,2.63,0.2,0
1.41,52.91,20.7,0.661,1.6,0.8,0
7.3,39.69,36.8,0.282,2.1,0.2,0
7.93,54.41,33.9,0.21,6.16,0.8,0
4.69,66.36,39.2,0.673,2.69,1.0,1
11.33,60.54,32.4,0.287,6.84,0.8,1
23.15,100.9,34.4,0.513,0.81,0.8,1
22.08,129.8,46.4,0.307,4.14,0.5,1
5.09,15.5,19.2,0.371,7.52,0.2,0
1.02,29.55,19.8,0.119,0.79,0.2,0
35.61,168.31,29.1,0.202,2.48,0.5,1
15.52,58.82,30.9,0.291,8.97,0.5,1
1.13,16.43,23.6,0.467,11.51,1.0,0
21.56,112.93,18.7,0.365,5.49,0.5,1
17.34,95.21,14.5,0.18,4.08,1.0,0
6.22,57.46,37.9,0.335,0.72,0.2,0
7.61,54.13,31.2,0.37,14.22,0.8,1
4.33,25.17,40.5,0.178,0.06,0.8,0
0.48,22.0,28.3,0.697,2.95,0.2,0
3.47,55.8,36.2,0.625,0.78,0.2,0
13.8,93.35,31.2,0.514,11.08,0.2,1
0.04,36.58,33.9,0.046,4.11,0.5,0
3.45,17.23,28.5,0.45,8.0,0.2,0
4.32,59.61,18.7,0.338,2.15,1.0,0
6.55,66.86,45.4,0.3,5.09,0.8,1
21.45,112.19,40.3,0.737,4.63,0.2,1
3.61,40.99,27.0,0.088,7.52,0.8,0
3.62,28.79,46.1,0.532,0.17,0.5,0
11.37,61.64,26.7,0.534,2.93,0.8,1
5.12,40.48,30.2,0.58,5.34,0.5,0
2.16,39.7,37.7,0.349,15.59,0.2,1
5.12,35.24,26.9,0.266,4.66,0.8,0
1.29,21.61,27.3,0.667,3.46,1.0,0
1.65,23.55,29.5,0.28,2.75,0.5,0
5.86,87.29,30.8,0.595,1.45,0.5,1
4.61,26.54,20.7,0.35,0.56,0.8,0
20.94,153.59,14.0,0.261,9.72,0.2,1
3.83,31.37,43.8,0.693,0.78,1.0,1
7.39,31.64,28.1,0.392,4.82,0.8,0
8.5,67.43,19.7,0.508,5.92,0.8,1
0.11,0.0,37.8,0.177,7.43,0.8,0
9.26,56.32,26.5,0.476,1.46,0.8,0
1.67,26.56,23.0,0.478,8.24,0.8,0
27.59,73.74,46.4,0.154,2.68,0.5,1
1.37,32.38,43.8,0.968,0.74,0.8,1
4.55,25.21,19.9,0.551,0.41,0.8,0
0.76,2.38,42.8,0.738,0.37,1.0,0
49.03,247.78,42.4,0.419,4.0,0.8,1
5.93,80.37,34.5,0.54,4.87,0.5,1
7.69,22.91,32.1,0.241,2.34,1.0,0
0.59,28.63,24.2,0.429,0.75,1.0,0
11.78,43.1,20.6,0.604,11.31,0.5,1
2.0,22.62,33.8,0.634,2.05,1.0,0
19.41,79.52,39.8,0.366,0.3,0.5,1
1.95,34.64,35.8,0.315,1.06,0.5,0
1.8,17.01,22.9,0.692,3.52,0.2,0
0.32,0.89,26.4,0.764,2.45,0.8,0
5.43,43.75,32.5,0.42,2.66,0.8,0
7.07,60.55,34.3,0.458,1.21,0.5,0
0.58,18.28,18.2,0.297,0.01,0.8,0
12.7,61.85,34.0,0.382,0.58,1.0,1
5.13,43.09,37.1,0.357,10.64,0.2,0
6.32,25.58,22.9,0.444,3.37,0.8,0
4.94,47.19,25.1,0.117,0.69,0.8,0
4.35,38.67,25.5,0.506,0.79,0.5,0
6.97,63.59,44.9,0.467,9.43,0.5,1
1.43,31.32,29.4,0.354,0.92,0.8,0
1.71,17.39,32.1,0.105,0.34,0.8,0
16.82,107.07,36.8,0.152,10.71,0.5,1
24.83,141.08,28.5,0.812,1.06,0.5,1
3.97,33.73,19.9,0.208,7.75,0.8,0
2.68,7.6,35.0,0.619,5.77,0.2,0
8.78,62.62,35.3,0.675,1.52,0.2,1
4.47,40.26,25.5,0.509,14.37,0.5,1
0.22,32.69,15.7,0.643,10.35,0.5,0
1.44,47.29,35.2,0.508,1.38,0.8,0
10.7,72.5,36.2,0.261,0.96,0.8,1
9.14,70.15,14.9,0.292,0.2,0.8,0
0.23,14.21,35.9,0.561,9.62,0.5,0
2.13,17.03,44.8,0.365,8.1,1.0,1
2.23,46.07,22.9,0.42,4.38,0.5,0
9.47,83.95,31.9,0.683,9.4,0.5,1
0.17,4.81,36.0,0.346,1.29,0.8,0
0.93,34.41,24.6,0.542,0.42,0.5,0
13.68,88.18,37.6,0.692,5.76,1.0,1
1.67,9.6,41.5,0.236,14.27,1.0,1
8.99,58.67,39.5,0.415,1.12,0.2,0
2.31,16.12,25.5,0.642,0.95,0.8,0
0.89,0.0,39.2,0.085,10.67,1.0,0
2.37,27.07,29.5,0.332,4.83,1.0,0
10.89,66.48,25.7,0.206,1.26,1.0,0
16.45,100.45,22.5,0.274,3.13,1.0,1
15.07,149.11,43.3,0.662,2.47,0.2,1
4.3,46.48,29.9,0.473,5.03,0.2,0
9.37,61.12,41.4,0.43,2.1,0.5,1
1.95,36.64,22.1,0.107,1.98,0.2,0
2.95,27.37,38.0,0.089,7.23,0.5,0
19.27,86.19,20.1,0.596,4.67,0.5,1
0.11,25.73,14.0,0.246,4.83,0.2,0
0.76,26.73,50.0,0.275,1.21,0.2,0
1.98,18.76,18.2,0.448,2.31,0.8,0
0.23,0.0,30.7,0.316,3.43,0.2,0
1.7,18.6,41.9,0.24,1.14,0.5,0
7.44,52.83,39.7,0.43,18.88,1.0,1
4.65,39.76,30.9,0.792,2.26,0.5,0
18.97,127.37,33.9,0.341,1.75,0.2,1
14.46,86.3,34.4,0.498,7.24,0.5,1
3.56,38.67,20.1,0.747,1.08,0.8,0
2.55,12.78,26.2,0.354,6.16,0.5,0
4.06,33.27,26.7,0.91,10.88,0.8,1
7.58,32.19,28.7,0.461,4.84,0.2,0
2.65,6.27,25.9,0.733,2.62,0.5,0
8.32,54.38,25.2,0.489,0.5,0.2,0
4.48,55.24,28.1,0.657,4.58,1.0,1
6.83,18.44,28.7,0.595,6.84,0.2,0
4.87,37.05,31.2,0.342,2.04,0.8,0
2.96,45.93,22.7,0.472,5.51,0.2,0
25.2,171.84,38.7,0.543,2.95,1.0,1
12.26,66.89,41.2,0.331,5.69,0.2,1
1.28,14.85,25.1,0.554,1.19,0.5,0
17.24,68.0,20.7,0.485,0.02,0.2,0
5.68,53.23,36.7,0.517,21.06,0.5,1
19.12,69.95,44.0,0.376,0.7,0.5,1
13.67,91.59,15.7,0.238,8.02,1.0,1
4.71,20.17,13.7,0.606,0.35,0.5,0
0.19,34.18,23.0,0.387,4.02,0.5,0
2.66,52.56,35.7,0.338,0.22,0.8,0
6.63,64.18,46.6,0.238,4.22,0.5,1
8.53,18.24,37.5,0.299,0.43,0.5,0
2.54,44.29,33.1,0.767,3.53,1.0,1
1.28,0.0,36.1,0.194,1.71,0.2,0
15.31,95.73,24.6,0.486,2.83,0.2,1
35.37,142.79,35.8,0.415,0.19,1.0,1
6.34,49.2,27.2,0.698,1.66,0.8,0
1.6,35.64,24.3,0.621,5.76,0.8,0
2.7,30.76,24.8,0.443,5.68,0.8,0
0.16,0.0,35.3,0.421,4.11,0.5,0
20.88,104.68,38.0,0.357,11.4,0.5,1
1.06,25.4,33.3,0.265,4.13,0.8,0
7.3,49.24,17.7,0.175,1.61,0.5,0
2.72,10.87,15.9,0.227,4.27,0.5,0
6.87,71.29,24.2,0.659,1.67,1.0,1
8.96,67.13,26.3,0.432,3.53,0.5,0
15.05,110.93,29.3,0.349,4.2,0.5,1
1.97,15.85,18.4,0.17,2.31,0.2,0
0.09,0.0,36.8,0.598,15.6,0.2,0
1.25,36.2,36.4,0.184,0.4,0.5,0
19.57,134.74,27.9,0.662,2.69,0.5,1
17.6,66.5,32.8,0.161,8.6,0.5,1
7.73,59.51,19.7,0.097,2.2,0.2,0
7.8,65.7,29.6,0.297,3.61,0.8,0
9.3,54.88,41.1,0.325,2.01,0.2,0
1.64,27.89,35.1,0.58,11.92,0.2,0
20.89,106.03,19.8,0.509,14.26,0.2,1
4.61,48.75,40.7,0.229,0.79,0.2,0
4.11,19.01,35.6,0.244,10.31,0.5,0
6.22,45.01,30.5,0.618,2.74,1.0,1
0.41,8.39,35.9,0.613,3.24,0.2,0
1.55,48.71,22.6,0.369,10.93,0.8,0
11.39,65.8,32.6,0.343,5.07,0.5,1
0.73,11.8,34.1,0.657,3.78,0.2,0
7.86,42.32,44.2,0.098,8.0,1.0,1
2.39,18.27,17.9,0.167,4.08,0.5,0
4.19,63.54,28.6,0.378,0.3,0.5,0
2.9,55.36,44.7,0.613,4.52,0.5,1
3.74,48.67,24.2,0.433,10.85,1.0,1
10.79,97.26,39.5,0.257,2.89,0.8,1
3.0,39.58,11.2,0.6,2.94,0.2,0
7.1,50.82,14.9,0.584,1.24,0.8,0
5.49,55.8,27.4,0.648,3.14,1.0,1
9.26,45.29,38.1,0.413,10.55,0.8,1
23.48,151.08,19.8,0.501,1.27,1.0,1
11.21,93.13,28.8,0.19,13.09,0.2,1
2.06,38.98,21.0,0.106,4.69,0.8,0
0.27,9.42,24.4,0.176,0.94,0.8,0
2.59,0.0,31.6,0.13,4.63,0.2,0
7.68,44.59,27.2,0.485,2.09,0.5,0
0.45,0.0,24.0,0.536,3.36,0.5,0
5.83,24.98,29.1,0.567,7.5,0.8,0
7.72,28.16,36.2,0.292,0.92,0.5,0
3.46,28.96,20.5,0.558,2.26,0.2,0
12.53,76.73,31.1,0.446,2.19,0.5,1
0.96,39.48,25.9,0.287,4.45,0.2,0
0.66,29.59,28.7,0.829,0.27,0.5,0
11.07,88.27,39.8,0.36,0.78,0.2,1
5.82,55.89,44.3,0.292,2.21,1.0,1
9.91,38.6,25.0,0.5,2.99,0.8,0
4.85,40.69,34.4,0.531,0.17,1.0,0
2.4,6.99,35.5,0.297,2.23,0.5,0
14.53,109.34,40.5,0.422,3.68,0.5,1
13.66,50.29,42.8,0.192,0.55,1.0,1
10.08,75.47,30.8,0.291,2.21,1.0,1
2.7,38.02,48.2,0.414,5.11,0.8,1
7.58,31.9,47.0,0.185,0.36,0.5,0
3.81,44.55,31.6,0.39,3.68,0.2,0
0.82,31.32,32.4,0.167,1.84,0.5,0
21.19,132.22,35.3,0.515,2.28,0.2,1
1.25,36.98,28.6,0.36,1.7,0.2,0
25.5,91.75,35.2,0.655,0.33,0.5,1
5.02,42.63,31.8,0.346,3.47,0.2,0
1.74,25.58,15.7,0.546,2.1,0.5,0
6.64,51.78,40.9,0.201,6.97,0.8,1
17.54,63.46,44.9,0.114,5.01,1.0,1
11.2,64.8,14.9,0.643,3.29,0.5,0
13.96,61.13,38.7,0.5,1.03,1.0,1
9.14,46.29,28.9,0.157,2.52,0.8,0
10.02,63.83,33.3,0.159,5.71,0.2,0
16.08,98.78,31.5,0.396,0.47,0.5,1
2.44,8.73,32.6,0.696,0.48,1.0,0
5.71,41.6,31.4,0.375,0.94,0.2,0
2.13,43.44,40.9,0.151,8.26,0.2,0
37.36,255.89,35.7,0.54,2.7,0.5,1
24.51,149.97,29.5,0.334,14.18,0.8,1
0.34,12.3,35.8,0.647,8.24,0.8,1
10.39,78.25,46.6,0.159,1.0,0.5,1
22.05,65.1,18.6,0.503,16.19,0.8,1
1.69,24.83,28.9,0.218,2.56,1.0,0
7.13,58.21,41.6,0.257,7.76,0.8,1
21.0,128.15,37.2,0.74,2.45,0.5,1
0.29,15.66,44.6,0.437,11.1,0.2,0
10.16,49.59,16.1,0.074,5.17,0.8,0
3.0,13.13,41.3,0.533,2.85,0.5,0
21.95,137.76,38.8,0.434,4.57,0.8,1
30.11,148.91,39.5,0.579,0.98,0.5,1
24.54,123.83,33.6,0.243,7.34,0.5,1
5.46,53.48,16.9,0.518,1.21,0.2,0
16.84,72.81,32.3,0.708,3.42,0.8,1
15.82,61.48,29.4,0.774,18.01,0.5,1
3.27,24.42,32.1,0.757,0.21,0.8,0
15.01,90.53,37.2,0.459,0.72,0.8,1
0.32,32.25,33.6,0.438,4.41,0.5,0
7.71,53.12,26.4,0.42,3.85,0.8,0
2.22,21.29,33.7,0.409,4.9,1.0,0
1.09,21.64,18.8,0.582,0.07,0.2,0
0.68,29.75,12.2,0.524,4.36,1.0,0
10.13,75.07,29.3,0.263,10.77,0.2,1
3.53,16.73,37.7,0.311,1.95,0.5,0
10.97,70.72,39.8,0.503,2.56,0.5,1
0.57,39.37,32.6,0.372,4.58,0.8,0
3.22,16.27,41.5,0.265,8.07,0.2,0
6.59,34.62,20.8,0.191,5.32,0.5,0
13.29,60.55,46.5,0.787,12.41,1.0,1
3.26,44.37,43.9,0.413,5.11,0.5,1
8.36,52.72,33.7,0.43,1.28,0.2,0
18.46,82.07,17.4,0.212,8.59,0.2,0
8.13,45.48,30.5,0.709,2.7,0.8,1
2.25,41.81,22.9,0.484,9.52,0.5,0
0.21,24.62,34.3,0.078,0.26,0.5,0
17.35,69.33,23.2,0.127,3.96,1.0,0
0.18,22.91,31.1,0.616,0.05,0.2,0
17.65,92.81,23.8,0.356,0.62,0.8,1
6.4,37.28,23.0,0.463,1.37,0.2,0
23.78,127.02,25.1,0.702,5.11,0.5,1
13.63,46.1,15.2,0.623,2.07,0.8,0
52.55,161.5,36.6,0.488,2.22,1.0,1
3.67,3.73,26.8,0.557,1.33,0.8,0
12.39,60.28,36.1,0.59,7.04,0.8,1
4.37,43.23,34.9,0.318,12.59,0.2,0
5.56,46.14,17.8,0.403,15.53,0.5,0
8.39,66.34,27.0,0.524,2.8,0.5,0
17.59,105.54,32.9,0.33,0.17,1.0,1
35.19,212.25,43.7,0.11,0.39,0.5,1
12.43,86.28,29.3,0.525,7.83,0.2,1
4.6,35.68,31.6,0.709,3.45,0.2,0
4.65,54.62,37.5,0.542,0.76,0.8,1
11.37,53.33,39.1,0.446,2.92,0.5,1
2.32,66.74,44.0,0.28,3.63,0.5,1
1.0,44.47,31.4,0.69,7.4,0.5,1
3.72,32.04,23.4,0.377,4.1,1.0,0
2.88,18.68,37.9,0.203,2.51,0.2,0
2.99,35.45,20.8,0.396,3.51,0.8,0
2.26,35.73,29.7,0.326,0.55,1.0,0
0.37,37.2,34.3,0.405,1.06,0.8,0
0.15,3.08,35.9,0.129,2.86,0.5,0
37.4,119.7,37.0,0.485,0.91,0.8,1
4.74,23.53,23.4,0.391,16.06,0.2,0
4.12,39.08,48.1,0.674,3.02,1.0,1
9.68,71.75,22.8,0.373,0.59,0.8,0
2.09,56.7,19.4,0.442,9.73,0.2,0
25.46,93.25,35.2,0.55,4.7,0.8,1
13.12,75.15,43.3,0.318,0.15,0.5,1
0.8,0.0,32.8,0.711,1.72,0.2,0
4.59,25.87,33.6,0.366,2.11,0.2,0
17.96,41.35,32.3,0.352,2.86,0.8,0
24.61,120.29,16.3,0.235,1.44,0.8,1
5.35,16.37,35.6,0.114,4.86,1.0,0
8.08,30.46,28.2,0.535,3.0,0.5,0
1.55,27.86,44.6,0.136,0.18,0.8,0
40.2,162.76,23.1,0.257,0.31,0.5,1
2.24,33.08,26.7,0.116,1.52,0.8,0
24.31,115.44,31.6,0.563,4.0,0.5,1
8.91,78.26,31.0,0.574,3.97,0.5,1
7.95,58.48,29.2,0.455,0.79,0.5,0
6.11,50.4,27.0,0.306,8.48,0.2,0
2.23,29.74,21.7,0.775,2.74,0.8,0
1.65,10.82,39.7,0.407,3.3,0.8,0
2.12,35.3,30.4,0.404,5.92,0.5,0
1.75,18.72,33.1,0.157,0.46,0.5,0
12.85,72.88,32.5,0.352,2.82,0.2,0
3.66,43.64,33.1,0.645,4.52,1.0,1
0.51,0.0,36.3,0.197,0.87,0.5,0
29.56,81.72,34.4,0.564,0.72,0.2,1
18.29,100.81,25.9,0.054,10.46,0.5,1
22.34,90.86,32.6,0.379,5.74,0.8,1
44.88,146.7,25.0,0.482,0.1,0.8,1
1.62,31.16,33.4,0.367,1.96,0.5,0
4.29,36.34,30.0,0.319,0.77,0.5,0
12.07,76.9,16.0,0.208,1.45,0.8,0
10.12,63.59,37.1,0.668,1.29,0.8,1
1.42,26.83,25.9,0.364,25.0,0.5,1
14.38,73.39,43.8,0.417,14.1,0.2,1
2.16,34.29,26.1,0.808,0.36,0.5,0
2.15,46.29,50.3,0.674,1.05,0.5,1
6.54,33.92,30.7,0.363,5.75,0.5,0
7.64,70.68,14.9,0.355,3.81,0.8,0
7.38,47.0,18.4,0.362,0.31,0.5,0
0.82,34.61,18.7,0.568,0.19,0.5,0
17.84,96.99,17.2,0.358,0.68,0.2,0
2.62,29.56,25.7,0.589,2.16,0.2,0
1.18,31.16,27.3,0.731,7.61,0.5,0
18.67,142.61,20.1,0.472,1.77,0.2,1
26.48,90.23,30.1,0.781,1.27,1.0,1
16.84,124.32,28.4,0.376,1.35,0.5,1
14.09,74.94,34.5,0.101,3.76,0.5,0
9.05,88.39,23.5,0.74,1.75,0.8,1
6.8,66.99,43.5,0.392,2.31,0.5,1
0.77,24.36,31.8,0.699,1.99,0.8,0
4.46,42.36,34.2,0.381,1.84,0.2,0
3.96,47.04,16.0,0.552,0.68,0.2,0
2.56,18.72,32.8,0.18,9.87,0.2,0
10.92,45.71,28.4,0.512,0.55,0.5,0
5.82,53.37,44.0,0.608,3.4,0.5,1
0.72,41.89,42.2,0.684,0.23,1.0,1
2.11,53.92,34.6,0.214,0.76,0.2,0
9.77,60.79,38.0,0.391,1.51,0.8,1
0.67,23.12,34.7,0.566,0.83,0.2,0
16.19,123.82,14.0,0.36,1.84,0.8,1
5.81,37.06,36.2,0.584,4.5,0.2,0
5.57,56.17,22.8,0.297,3.96,0.2,0
7.63,51.99,35.7,0.376,3.03,0.5,0
14.8,103.69,13.1,0.179,1.37,0.8,0
3.63,44.93,26.9,0.413,7.09,0.2,0
9.63,88.76,31.9,0.648,7.44,0.5,1
7.09,48.83,27.5,0.712,0.94,0.8,0
2.64,64.16,36.0,0.495,13.1,0.5,1
17.93,72.55,32.0,0.046,0.68,0.8,0
13.57,84.84,46.2,0.847,1.14,0.8,1
9.13,54.33,28.2,0.157,4.94,0.2,0
16.16,101.08,36.7,0.355,4.88,0.5,1
17.17,119.01,40.3,0.509,1.02,0.5,1
10.47,34.53,25.3,0.54,2.78,0.8,0
15.42,54.18,37.6,0.472,0.1,0.5,1
10.16,59.72,29.1,0.264,3.25,0.2,0
9.69,46.05,20.9,0.617,9.83,0.8,1
8.19,41.99,11.8,0.731,0.74,0.8,0
11.88,56.89,37.3,0.617,0.06,0.5,1
1.47,20.44,23.1,0.329,5.76,0.8,0
18.08,68.77,16.9,0.623,10.96,1.0,1
17.46,111.1,31.4,0.284,1.23,0.5,1
0.25,51.75,27.9,0.081,8.33,1.0,0
14.86,69.64,35.9,0.199,2.31,1.0,1
1.17,5.79,20.0,0.339,5.96,0.5,0
3.47,28.24,21.1,0.426,1.36,0.2,0
11.57,97.93,29.3,0.42,10.06,0.2,1
1.49,32.06,31.9,0.561,0.28,0.5,0
14.48,98.62,39.8,0.322,7.99,1.0,1
15.17,108.88,33.3,0.514,1.55,0.8,1
6.02,46.28,43.0,0.479,0.02,0.8,1
0.05,46.61,24.2,0.482,1.34,0.5,0
2.88,37.82,33.6,0.447,6.33,0.5,0
8.16,39.11,35.0,0.538,0.38,1.0,1
33.77,208.87,36.8,0.747,4.15,0.2,1
8.49,22.07,48.9,0.737,7.32,1.0,1
2.56,0.0,30.8,0.153,1.4,1.0,0
8.54,77.09,28.5,0.376,2.19,0.2,0
6.6,61.83,40.9,0.119,0.05,0.5,0
12.86,90.01,22.8,0.194,0.93,0.8,0
0.96,5.38,15.8,0.47,0.84,0.5,0
12.17,60.33,30.2,0.483,6.88,0.5,1
6.62,52.69,25.1,0.545,8.46,0.5,0
28.02,127.09,29.1,0.319,2.94,0.8,1
3.56,52.69,48.6,0.349,3.32,1.0,1
8.51,51.36,27.9,0.378,0.26,0.2,0
22.85,115.3,36.3,0.826,3.08,1.0,1
0.92,42.62,25.2,0.073,1.13,0.8,0
23.53,129.68,26.7,0.315,1.83,0.2,1
9.9,76.59,25.0,0.435,2.4,0.8,1
0.6,31.64,33.0,0.021,3.33,0.8,0
3.04,40.27,24.5,0.369,2.74,0.5,0
10.47,65.98,36.6,0.548,0.5,0.8,1
0.59,30.91,35.6,0.242,2.55,1.0,0
7.42,56.01,29.7,0.456,1.23,0.2,0
3.61,9.94,14.9,0.345,7.91,0.8,0
8.24,79.83,14.6,0.564,0.67,0.8,0
0.4,38.92,32.2,0.457,4.03,0.2,0
17.44,106.42,40.4,0.248,6.15,0.8,1
30.86,188.51,33.6,0.325,0.32,0.2,1
29.49,86.03,30.1,0.4,3.09,0.2,1
11.77,74.08,42.0,0.465,1.02,0.2,1
1.18,5.9,23.5,0.479,0.78,0.8,0
12.07,59.84,28.2,0.107,1.03,1.0,0
0.21,20.61,32.9,0.368,1.56,0.5,0
0.19,9.43,26.4,0.66,6.9,0.5,0
3.32,42.3,50.6,0.387,1.41,0.5,0
5.7,48.64,30.4,0.13,16.32,0.2,0
12.51,75.52,16.9,0.66,0.03,0.5,0
9.77,30.97,22.8,0.164,6.55,0.2,0
5.02,37.26,32.2,0.362,0.63,0.2,0
2.72,18.68,32.6,0.772,5.6,0.2,0
49.74,130.22,48.4,0.616,3.81,0.5,1
4.72,32.86,33.7,0.659,3.41,0.8,1
5.1,17.83,35.3,0.493,0.9,1.0,0
1.52,21.99,24.1,0.213,4.65,0.8,0
13.46,70.53,19.9,0.471,2.61,0.2,0
10.06,34.63,33.7,0.337,9.71,0.5,0
2.12,36.79,41.3,0.052,0.92,0.8,0
0.73,1.6,33.4,0.391,7.64,0.5,0
9.7,34.46,30.2,0.593,5.16,0.5,0
9.03,43.82,33.2,0.217,0.38,0.2,0
2.71,37.69,30.8,0.333,2.88,0.5,0
25.61,121.04,21.4,0.38,4.55,0.5,1
1.39,50.45,37.3,0.333,0.32,1.0,0
4.81,42.63,32.2,0.397,1.74,0.2,0
24.44,154.1,29.2,0.268,5.41,1.0,1
4.63,30.26,32.8,0.592,2.22,0.8,0
8.65,28.15,24.9,0.481,0.9,0.5,0
4.31,38.19,29.9,0.16,0.64,0.2,0
2.72,15.9,34.2,0.736,6.69,0.5,0
35.14,222.06,24.5,0.171,0.26,0.8,1
4.48,10.35,37.5,0.158,0.49,0.5,0
19.08,112.19,31.9,0.378,6.88,0.2,1
2.22,12.39,41.2,0.315,4.23,1.0,0
2.04,14.52,40.7,0.694,1.02,0.5,0
0.27,29.69,31.4,0.291,0.69,1.0,0
8.96,56.02,23.4,0.469,0.45,0.5,0
3.91,33.48,37.1,0.521,0.19,0.8,0
16.98,84.26,29.7,0.312,0.9,0.5,0
5.45,77.0,33.5,0.656,5.55,0.8,1
29.31,150.22,20.0,0.747,3.62,1.0,1
1.74,30.91,34.4,0.252,4.82,0.5,0
17.25,77.09,28.6,0.537,13.84,0.5,1
12.74,81.71,27.6,0.332,2.11,0.8,1
12.53,72.35,47.9,0.131,9.87,0.2,1
15.83,78.35,30.0,0.257,0.3,0.5,0
12.17,93.79,35.6,0.643,5.9,0.2,1
8.36,56.65,34.3,0.56,3.69,0.5,1
1.2,41.4,19.8,0.719,3.87,0.5,0
0.28,38.87,37.4,0.114,0.01,0.8,0
21.56,118.61,27.3,0.344,0.86,0.5,1
8.15,65.75,39.0,0.372,11.68,0.8,1
13.53,39.55,33.8,0.095,4.0,0.5,0
5.58,41.2,27.1,0.62,9.37,0.8,1
1.06,18.79,28.1,0.38,0.58,0.5,0
1.14,19.22,37.0,0.054,2.98,1.0,0
9.83,42.92,32.6,0.568,1.11,0.8,0
4.78,44.86,35.3,0.293,13.12,0.5,1
1.9,6.17,22.1,0.591,5.52,0.8,0
5.75,52.23,38.6,0.357,12.83,0.5,1
0.56,35.07,27.2,0.306,0.13,0.2,0
7.41,35.61,34.1,0.468,0.97,0.2,0
2.66,48.61,20.3,0.577,9.38,0.2,0
13.58,53.66,27.2,0.6,0.66,0.2,0
3.16,40.64,34.8,0.75,4.24,0.2,0
5.16,31.37,25.9,0.178,9.82,0.2,0
0.1,36.0,42.0,0.226,0.05,0.5,0
0.64,36.72,35.1,0.536,2.91,0.2,0
4.24,51.51,41.6,0.459,3.56,0.8,1
5.56,34.63,29.1,0.289,5.66,0.2,0
7.79,26.54,15.6,0.452,5.67,1.0,0
2.93,23.87,33.1,0.561,3.04,0.5,0
10.09,91.21,27.7,0.244,8.25,0.2,0
16.72,103.51,30.4,0.574,1.16,0.2,1
12.86,39.5,35.6,0.418,2.02,1.0,1
0.34,4.44,36.1,0.274,4.14,0.5,0
5.57,62.59,15.0,0.146,6.22,1.0,0
0.94,31.42,38.1,0.55,1.56,0.5,0
2.36,14.71,31.4,0.365,1.61,0.2,0
36.7,134.13,32.7,0.161,2.38,0.8,1
1.31,18.05,26.6,0.443,1.29,0.8,0
5.87,15.98,29.7,0.727,1.56,0.5,0
8.18,59.5,36.4,0.082,3.77,0.5,0
10.3,116.08,38.3,0.688,0.94,0.8,1
6.97,35.62,28.9,0.655,2.75,0.2,0
0.08,17.43,35.9,0.248,12.63,0.5,0
3.36,50.5,25.4,0.588,9.35,0.8,1
6.2,57.08,40.1,0.652,1.87,0.5,1
0.78,20.9,33.9,0.212,1.16,0.5,0
3.67,35.21,38.3,0.314,17.93,0.5,1
0.29,4.33,31.0,0.484,0.93,0.5,0
0.7,18.0,24.5,0.803,6.5,0.5,0
4.3,41.2,29.9,0.444,11.84,0.5,1
1.21,40.42,28.8,0.67,25.0,0.2,1
7.13,50.81,27.5,0.547,2.16,0.5,0
9.94,75.56,24.0,0.832,2.1,1.0,1
13.71,62.99,37.8,0.38,4.23,0.5,1
1.9,28.82,18.9,0.611,1.92,1.0,0
1.56,39.93,42.3,0.248,1.02,0.2,0
0.94,34.08,22.7,0.36,1.38,0.8,0
8.6,34.62,47.9,0.421,0.34,0.5,0
10.42,80.61,48.9,0.367,1.01,0.5,1
0.27,11.45,29.2,0.332,0.78,0.5,0
23.39,139.33,48.8,0.401,2.36,0.2,1
0.45,19.61,41.5,0.535,14.64,0.8,1
6.62,20.67,18.7,0.305,4.31,0.8,0
10.49,64.41,45.3,0.727,0.8,0.2,1
17.41,97.17,16.3,0.419,9.07,0.2,1
10.64,61.52,23.0,0.337,0.65,0.2,0
13.75,49.94,33.3,0.387,2.84,1.0,1
3.52,23.15,18.6,0.273,3.87,0.8,0
14.33,50.95,22.2,0.331,1.71,0.5,0
0.71,17.2,45.7,0.315,6.06,0.2,0
19.14,95.33,49.9,0.192,0.55,0.8,1
6.74,65.77,39.0,0.693,2.84,0.2,1
14.45,62.24,31.8,0.662,1.57,1.0,1
5.12,42.17,42.8,0.571,0.04,0.5,0
8.77,68.34,20.2,0.14,2.41,0.5,0
6.35,60.66,45.1,0.449,1.94,0.5,1
11.18,102.94,28.0,0.215,0.75,1.0,1
0.72,33.36,41.2,0.27,1.82,0.5,0
0.53,27.82,35.3,0.781,0.7,0.5,0
2.41,10.73,46.2,0.605,2.21,0.5,0
1.48,11.04,41.3,0.364,2.09,1.0,0
17.46,102.99,42.3,0.231,3.62,0.2,1
2.1,43.48,34.4,0.39,1.23,1.0,0
31.65,210.73,40.2,0.78,0.84,0.5,1
3.49,45.21,37.7,0.632,4.76,0.8,1
1.71,42.76,22.2,0.105,5.86,0.5,0
13.25,63.15,34.8,0.396,0.2,0.5,0
9.14,61.36,21.7,0.681,2.81,0.5,0
5.86,37.69,41.5,0.384,2.49,0.5,0
6.89,52.95,17.8,0.65,2.19,0.2,0
10.8,73.34,48.7,0.817,0.09,0.8,1
2.2,46.75,29.2,0.521,2.97,0.5,0
47.67,186.75,22.6,0.589,3.87,0.5,1
31.29,113.83,44.6,0.369,6.53,0.8,1
8.93,51.66,16.5,0.087,5.69,0.2,0
1.89,36.93,30.8,0.74,0.92,0.8,0
9.69,60.0,38.1,0.186,10.23,0.5,1
0.64,29.91,27.1,0.393,0.32,0.5,0
0.26,28.49,32.1,0.474,3.04,0.5,0
2.53,25.1,36.1,0.336,0.96,0.5,0
5.28,38.81,45.6,0.298,4.35,0.5,0
17.23,122.06,19.7,0.493,6.38,0.8,1
11.04,71.28,22.1,0.555,6.38,0.5,1
11.54,89.19,31.7,0.529,1.18,0.5,1
4.71,41.56,29.7,0.355,2.0,0.8,0
3.61,39.94,29.5,0.34,1.71,0.2,0
3.94,31.53,26.6,0.524,0.36,0.8,0
37.35,179.4,32.8,0.147,6.1,0.2,1
0.35,19.52,42.1,0.38,1.62,0.5,0
17.15,113.58,22.2,0.822,2.07,0.5,1
7.35,59.63,24.1,0.389,4.33,0.8,0
4.91,50.46,35.4,0.557,3.75,0.5,0
10.98,94.24,17.2,0.451,6.89,0.8,1
5.67,40.86,35.4,0.621,2.21,0.2,0
17.57,66.07,27.0,0.233,8.35,0.5,1
19.63,128.75,28.2,0.213,16.93,0.5,1
4.66,36.29,29.4,0.156,1.65,0.2,0
2.75,33.49,28.0,0.306,0.68,1.0,0
7.63,57.27,40.5,0.082,0.7,1.0,0
20.69,144.49,45.3,0.368,1.86,0.8,1
2.01,44.2,32.5,0.475,2.03,0.8,0
8.29,58.79,33.3,0.498,12.45,0.8,1
8.49,41.47,18.1,0.609,7.37,0.8,0
11.23,53.87,36.5,0.26,13.94,0.2,1
1.2,34.76,33.3,0.384,3.26,0.5,0
10.69,27.43,16.8,0.702,0.14,0.5,0
20.38,101.86,23.5,0.734,1.56,0.2,1
1.68,30.15,23.7,0.31,7.48,1.0,0
2.31,46.52,22.6,0.072,2.93,1.0,0
30.21,206.07,35.1,0.538,3.68,1.0,1
1.7,23.12,44.2,0.229,3.65,0.8,0
16.38,95.48,37.9,0.546,13.83,0.2,1
5.76,45.91,31.0,0.481,2.9,0.5,0
2.41,3.45,29.3,0.284,4.58,0.2,0
17.39,120.9,28.9,0.276,0.39,0.5,1
5.01,25.76,33.7,0.54,2.25,0.5,0
6.15,68.57,28.2,0.522,8.42,0.5,1
3.78,30.18,24.5,0.367,4.84,0.2,0
7.64,41.93,33.7,0.232,2.43,0.5,0
1.52,2.11,29.0,0.65,5.05,1.0,0
4.22,30.79,13.6,0.471,0.51,0.2,0
29.64,132.44,14.5,0.471,6.21,0.5,1
2.54,21.06,25.9,0.526,6.22,0.2,0
9.09,68.92,31.8,0.212,5.76,0.8,1
3.34,19.0,28.1,0.587,3.02,0.2,0
12.62,71.27,14.7,0.703,0.14,0.2,0
1.19,44.74,24.4,0.399,6.32,1.0,0
29.76,126.24,19.4,0.335,0.2,0.5,1
5.14,41.59,45.4,0.133,12.65,0.2,0
2.29,44.66,27.0,0.555,3.91,0.2,0
0.65,22.98,13.7,0.37,0.06,0.5,0
1.58,4.71,35.1,0.379,0.43,0.5,0
6.23,37.81,24.7,0.223,3.8,0.5,0
3.49,22.57,32.9,0.289,23.24,0.2,1
15.01,97.26,21.8,0.525,0.36,0.2,0
4.79,47.61,48.3,0.636,0.27,0.8,1
2.43,27.09,47.0,0.12,4.29,1.0,0
8.16,62.26,35.0,0.418,3.69,0.8,1
10.43,28.12,36.3,0.612,7.71,0.8,1
1.55,14.42,29.8,0.437,7.54,0.5,0
1.56,49.45,46.4,0.504,3.8,0.5,1
0.32,21.7,29.8,0.492,1.35,0.8,0
11.33,71.64,24.9,0.479,4.46,0.8,1
9.27,48.32,20.3,0.522,0.77,0.5,0
5.47,72.47,23.9,0.427,0.41,0.8,0
15.8,70.26,33.0,0.469,4.5,0.2,1
13.92,56.25,25.0,0.283,2.1,0.2,0
7.48,63.91,35.0,0.488,5.31,0.8,1
17.23,120.79,28.8,0.115,0.31,1.0,1
1.96,47.79,42.3,0.493,18.21,0.2,1
1.01,25.2,32.7,0.477,2.75,1.0,0
2.67,27.26,34.2,0.225,8.47,1.0,0
0.5,6.89,32.7,0.073,2.49,0.2,0
6.44,23.86,42.2,0.068,1.07,0.5,0
23.45,154.91,17.7,0.388,1.48,0.5,1
0.34,29.69,17.9,0.536,8.67,0.2,0
1.11,24.02,36.2,0.407,4.58,0.5,0
5.12,52.62,38.0,0.538,0.81,0.8,1
23.09,107.13,30.0,0.508,1.64,1.0,1
3.23,46.82,28.0,0.335,0.13,0.5,0
6.02,64.8,26.0,0.469,3.9,0.2,0
0.36,6.09,24.7,0.309,1.77,0.5,0
1.36,30.52,43.4,0.321,0.21,0.5,0
36.68,188.04,26.5,0.426,6.61,0.5,1
28.52,110.44,34.8,0.426,2.15,0.8,1
0.04,29.2,38.6,0.304,5.23,0.8,0
25.78,112.74,14.5,0.726,3.49,0.8,1
8.66,40.76,15.6,0.208,2.41,0.5,0
17.21,101.4,27.5,0.265,0.42,0.8,1
5.16,41.66,36.0,0.55,3.77,0.2,0
6.16,48.29,25.5,0.66,3.09,1.0,1
5.7,32.81,11.2,0.75,16.88,0.8,1
9.34,57.71,26.3,0.227,3.32,0.8,0
1.28,0.0,19.1,0.394,2.97,0.2,0
0.26,17.74,24.2,0.632,10.75,0.8,0
3.13,32.07,27.5,0.494,2.48,0.2,0
10.37,66.5,20.9,0.351,0.84,0.2,0
1.92,16.64,36.3,0.543,1.9,0.2,0
9.51,21.74,25.4,0.562,1.31,1.0,0
29.78,122.35,35.1,0.397,2.69,0.5,1
0.84,36.63,33.6,0.122,8.15,0.8,0
9.49,89.66,42.7,0.641,0.03,1.0,1
4.99,83.8,19.0,0.258,2.86,1.0,0
17.22,104.02,24.1,0.733,3.21,0.8,1
1.66,8.08,41.4,0.13,1.26,0.5,0
10.03,47.23,39.8,0.111,2.95,0.2,0
15.48,107.56,23.3,0.36,8.55,0.8,1
24.59,123.47,20.0,0.696,7.58,0.5,1
9.77,67.91,41.0,0.365,0.84,0.5,1
5.84,79.22,22.8,0.171,2.81,0.8,0
8.18,42.27,41.6,0.206,5.0,0.8,0
17.27,75.8,46.3,0.04,11.52,0.5,1
7.19,71.16,24.3,0.062,5.28,1.0,0
0.26,12.0,40.4,0.609,4.11,0.8,0
22.72,129.7,29.8,0.266,1.06,0.5,1
9.94,70.59,38.7,0.426,2.69,0.2,1
9.59,56.29,29.4,0.114,1.92,0.8,0
2.06,30.7,18.1,0.296,1.97,0.5,0
9.14,70.22,36.5,0.424,1.1,0.8,1
4.26,26.61,21.8,0.321,1.54,0.2,0
8.95,63.6,44.2,0.44,5.18,0.5,1
0.96,30.55,29.6,0.266,1.93,0.5,0
9.12,19.52,18.7,0.131,0.25,0.2,0
63.25,242.27,24.5,0.196,0.19,0.5,1
0.42,26.34,41.3,0.146,0.86,0.5,0
32.13,150.94,27.2,0.228,0.96,0.5,1
4.44,17.97,41.0,0.397,10.79,0.5,0
17.39,58.93,22.6,0.369,3.3,1.0,1
12.96,73.4,30.8,0.105,6.11,0.8,1
7.11,71.91,41.9,0.385,0.39,0.8,1
11.4,53.68,16.7,0.475,0.49,0.5,0
17.92,136.75,26.8,0.615,0.29,1.0,1
4.4,37.51,43.3,0.655,3.81,0.5,1
3.37,35.74,33.6,0.546,3.29,0.2,0
9.36,54.89,36.6,0.236,1.85,0.8,0
14.02,68.79,40.5,0.151,0.31,0.2,0
12.21,40.12,32.0,0.256,2.17,1.0,0
13.59,96.96,40.6,0.562,1.88,0.2,1
4.86,13.32,34.6,0.151,0.4,0.2,0
14.47,58.9,35.8,0.253,1.65,0.2,0
1.09,27.45,21.9,0.464,6.9,0.2,0
6.68,49.0,44.8,0.296,8.59,0.2,1
0.05,0.0,38.9,0.238,1.09,0.8,0
3.34,47.26,25.3,0.751,1.27,0.2,0
3.88,24.15,33.2,0.36,1.28,1.0,0
4.29,34.88,28.7,0.167,3.74,0.5,0
10.11,59.94,35.1,0.763,1.78,1.0,1
4.18,38.7,49.7,0.496,4.21,0.5,1
5.06,56.98,16.5,0.396,0.03,0.8,0
2.31,24.98,45.7,0.418,3.64,0.2,0
3.97,46.51,18.2,0.53,1.85,0.5,0
2.19,30.41,30.6,0.282,3.75,0.5,0
0.65,32.5,31.1,0.442,9.41,0.5,0
7.86,70.05,25.8,0.165,12.47,0.8,1
9.38,62.65,32.9,0.443,3.04,1.0,1
8.21,62.61,40.2,0.399,0.74,0.8,1
5.29,55.36,26.5,0.253,9.91,1.0,1
4.06,58.5,18.1,0.809,2.49,0.5,0
16.92,63.84,34.4,0.35,1.7,0.8,1
6.22,52.85,37.6,0.456,0.59,0.2,0
5.55,52.26,45.8,0.747,9.31,1.0,1
0.22,37.32,22.1,0.846,12.81,0.8,1
3.55,49.31,42.9,0.39,12.59,0.5,1
4.07,41.63,31.1,0.104,2.37,1.0,0
4.33,52.2,24.8,0.439,7.26,0.8,0
7.38,43.77,46.4,0.604,4.61,0.5,1
6.48,53.86,24.8,0.673,2.4,0.5,0
7.96,47.24,37.0,0.472,6.73,0.5,1
12.31,83.31,38.6,0.438,2.41,0.8,1
14.25,100.09,29.9,0.286,5.87,0.8,1
10.76,63.88,35.9,0.841,11.67,0.5,1
26.46,156.96,33.0,0.785,4.13,0.8,1
0.16,16.43,23.3,0.34,10.38,0.5,0
1.85,40.58,37.8,0.137,2.9,0.5,0
0.06,9.21,44.2,0.372,0.98,0.5,0
8.86,40.23,31.2,0.753,3.16,0.2,0
19.41,64.67,49.8,0.456,3.01,0.2,1
2.37,3.58,29.9,0.388,1.16,1.0,0
22.25,60.56,31.1,0.23,4.4,0.5,1
0.53,4.7,35.4,0.688,0.64,0.2,0
23.16,159.98,23.1,0.849,2.53,0.5,1
3.68,33.84,42.9,0.54,1.08,0.5,0
0.91,18.16,39.1,0.185,14.86,0.5,0
5.65,14.23,41.6,0.372,0.85,0.5,0
2.52,25.94,33.9,0.083,11.31,0.8,0
2.85,2.61,42.1,0.521,10.07,0.5,0
3.12,27.52,35.6,0.395,1.67,0.5,0
13.81,111.07,31.7,0.515,0.07,0.5,1
6.59,68.29,44.4,0.483,4.98,0.5,1
3.17,25.59,30.2,0.083,0.65,1.0,0
8.01,67.32,31.5,0.426,3.86,0.5,0
10.7,58.66,22.5,0.361,0.84,0.2,0
2.71,19.64,45.4,0.344,0.08,0.5,0
4.54,70.77,24.3,0.368,0.14,0.2,0
1.1,6.42,23.6,0.51,3.89,0.8,0
1.7,19.18,19.7,0.668,6.71,0.2,0
9.71,71.74,30.5,0.604,7.74,0.5,1
1.7,12.27,25.9,0.545,3.67,0.2,0
6.33,45.98,37.2,0.217,1.57,0.2,0
10.49,50.87,26.9,0.654,3.23,0.5,0
0.96,33.4,36.7,0.425,4.21,1.0,0
7.12,61.97,23.5,0.389,3.67,1.0,0
2.52,24.18,24.6,0.607,1.03,0.5,0
28.01,156.16,39.2,0.203,3.59,0.5,1
5.62,33.55,28.5,0.549,2.03,1.0,0
13.94,97.48,20.2,0.703,2.29,0.5,1
6.79,77.75,46.3,0.222,4.51,0.2,1
0.38,47.57,22.8,0.23,4.06,1.0,0
8.52,72.29,21.8,0.42,0.85,0.8,0
25.71,124.79,28.2,0.245,0.0,0.8,1
7.82,92.5,19.4,0.415,7.34,1.0,1
14.54,73.22,22.0,0.542,4.57,0.2,0
18.33,82.72,40.6,0.535,8.47,0.2,1
2.2,29.43,22.6,0.125,1.19,0.2,0
2.03,16.69,20.1,0.609,16.42,1.0,1
8.03,54.66,42.0,0.498,2.16,0.5,1
4.5,25.3,30.3,0.449,9.43,1.0,1
15.57,81.65,22.1,0.235,3.91,0.5,0
19.57,145.13,33.3,0.779,1.23,0.8,1
3.71,42.8,16.2,0.772,1.55,0.8,0
2.3,31.22,29.9,0.468,3.82,0.5,0
12.89,86.74,33.4,0.375,4.32,0.5,1
2.73,34.46,46.0,0.536,3.04,1.0,1
14.7,79.3,27.4,0.713,11.24,0.8,1
4.69,38.27,38.0,0.429,4.03,0.5,0
9.36,82.45,21.1,0.499,0.69,0.5,0
0.85,22.07,30.0,0.699,0.21,1.0,0
8.31,68.27,24.4,0.129,6.68,0.2,0
5.11,26.39,31.3,0.123,1.31,0.8,0
7.51,47.32,29.6,0.249,14.3,0.5,1
1.56,14.3,47.9,0.555,5.02,1.0,1
11.35,49.63,43.7,0.215,1.33,0.8,1
16.88,123.75,33.3,0.576,11.51,0.2,1
2.08,39.87,22.8,0.131,0.24,0.8,0
0.86,8.03,32.7,0.587,2.63,0.5,0
0.2,27.26,38.8,0.286,0.68,0.5,0
8.73,54.26,15.9,0.213,9.8,0.5,0
7.94,41.95,30.0,0.424,0.13,0.8,0
6.73,28.58,16.3,0.556,5.03,0.2,0
2.24,42.47,25.0,0.351,7.53,1.0,0
4.21,20.63,19.2,0.313,1.24,0.8,0
7.67,60.04,46.2,0.518,4.96,0.5,1
5.84,25.71,22.5,0.458,0.35,0.8,0
37.44,164.64,21.8,0.242,0.66,0.8,1
1.25,20.99,47.2,0.084,12.15,0.2,0
10.1,67.81,31.8,0.239,0.97,0.2,0
4.4,40.35,37.7,0.674,1.31,0.5,0
4.75,47.77,27.4,0.425,8.5,0.5,0
10.75,61.84,32.2,0.078,1.32,0.5,0
10.02,58.26,12.5,0.634,2.76,0.2,0
40.28,148.86,29.4,0.221,1.34,1.0,1
1.17,0.0,32.7,0.712,4.76,0.5,0
0.93,7.82,31.8,0.152,13.53,0.2,0
10.95,61.73,29.4,0.427,0.47,0.8,0
7.34,57.86,38.7,0.093,6.14,0.5,0
2.72,24.73,31.5,0.344,3.21,0.5,0
0.7,2.78,34.5,0.69,2.97,0.2,0
0.76,0.0,23.1,0.49,3.68,0.8,0
19.09,84.49,41.2,0.553,6.55,0.5,1
1.81,43.21,28.3,0.684,4.68,1.0,1
3.32,21.78,31.1,0.833,2.66,0.8,0
2.18,31.63,28.0,0.631,0.11,0.8,0
3.73,30.51,42.5,0.239,1.95,0.5,0
0.61,31.27,42.9,0.188,8.69,0.5,0
6.22,51.81,24.4,0.288,3.27,0.5,0
0.6,4.41,37.6,0.509,1.83,0.2,0
13.7,86.32,19.8,0.051,0.26,0.8,0
2.26,55.11,15.3,0.271,13.11,1.0,0
6.6,78.92,40.3,0.552,1.0,0.5,1
18.03,75.09,21.0,0.606,4.16,0.2,1
8.94,66.54,22.0,0.461,3.42,0.8,0
6.47,44.58,33.8,0.487,0.69,1.0,0
3.33,41.22,39.6,0.407,0.89,1.0,0
3.44,30.71,23.2,0.345,10.7,1.0,0
9.41,52.39,20.3,0.46,21.46,0.5,1
43.69,205.96,18.5,0.479,1.74,1.0,1
9.22,43.76,14.8,0.406,2.64,0.2,0
6.94,37.12,20.4,0.629,2.79,0.8,0
11.15,50.24,45.1,0.454,0.51,0.2,0
5.32,51.67,19.4,0.259,13.83,0.8,0
0.53,21.89,33.6,0.514,1.39,0.5,0
7.02,49.07,43.9,0.667,2.2,0.5,1
26.87,118.48,34.3,0.693,8.1,0.5,1
1.64,12.88,15.5,0.368,4.61,0.2,0
9.96,47.55,33.6,0.508,1.33,0.8,1
1.91,9.98,43.0,0.368,0.25,0.2,0
6.52,27.51,27.3,0.205,0.55,0.8,0
0.86,41.53,27.0,0.503,1.88,0.5,0
5.09,36.08,25.2,0.183,2.23,0.8,0
12.0,54.5,31.6,0.208,2.49,0.5,0
3.63,63.38,24.8,0.268,0.26,1.0,0
9.29,56.74,36.8,0.39,0.15,0.8,0
13.49,68.53,34.7,0.269,3.71,0.2,0
22.27,111.88,29.2,0.355,0.67,1.0,1
2.27,27.3,36.7,0.446,4.05,0.5,0
4.33,35.09,19.5,0.67,0.62,0.2,0
1.41,33.15,37.5,0.576,3.03,1.0,1
41.57,262.65,33.7,0.561,1.22,0.2,1
22.25,100.28,34.4,0.564,0.85,0.5,1
6.6,52.53,17.7,0.649,0.95,0.8,0
15.69,81.98,34.1,0.676,2.12,1.0,1
6.26,36.04,31.4,0.175,2.95,0.5,0
8.31,57.25,31.2,0.575,6.62,0.8,1
0.79,5.34,27.2,0.674,4.94,0.2,0
11.96,74.79,12.7,0.54,0.9,0.8,0
1.16,26.51,29.8,0.291,2.17,1.0,0
14.87,69.23,29.2,0.456,0.12,0.2,0
12.95,61.33,29.8,0.531,3.21,0.8,1
10.49,110.0,33.9,0.236,4.63,0.5,1
0.31,7.59,26.6,0.065,5.15,0.5,0
3.07,49.92,25.8,0.417,0.5,0.8,0
2.6,16.57,31.4,0.692,2.63,0.8,0
3.8,42.73,33.5,0.383,8.15,0.5,0
0.78,31.24,32.9,0.823,0.78,0.5,0
23.49,109.9,42.0,0.075,0.29,0.5,1
6.86,43.93,38.1,0.584,1.14,0.2,0
3.1,33.67,16.9,0.363,0.42,1.0,0
4.3,37.99,32.9,0.17,0.23,0.8,0
5.04,61.5,29.6,0.847,0.97,1.0,1
7.8,50.44,28.3,0.424,1.74,1.0,0
6.16,36.56,46.1,0.357,5.17,0.5,1
21.4,124.62,30.5,0.608,0.29,0.5,1
5.84,40.78,36.6,0.244,13.92,1.0,1
41.21,247.38,46.7,0.435,0.05,0.2,1
16.21,107.6,21.8,0.565,6.24,0.8,1
1.99,0.0,17.1,0.635,0.02,0.8,0
22.68,141.1,27.0,0.318,1.1,0.8,1
1.05,0.0,16.4,0.538,10.27,0.8,0
14.46,43.85,20.4,0.516,2.16,0.5,0
4.07,68.78,49.4,0.172,1.59,0.5,0
17.88,122.93,46.2,0.799,4.06,1.0,1
17.22,127.68,35.9,0.263,5.54,1.0,1
13.94,80.22,37.6,0.076,9.52,0.5,1
13.27,90.29,21.4,0.128,9.23,0.5,0
3.09,8.05,33.6,0.259,4.56,0.5,0
0.72,38.47,21.9,0.559,0.18,0.5,0
4.38,29.1,28.7,0.521,1.41,0.8,0
1.62,16.7,27.9,0.41,1.37,0.5,0
10.09,86.76,34.0,0.149,1.47,0.2,0
3.61,43.25,18.6,0.256,0.43,0.5,0
31.57,169.91,19.8,0.117,0.16,1.0,1
8.71,30.96,33.9,0.374,1.0,0.8,0
14.69,66.51,34.5,0.166,3.33,0.5,0
1.21,39.16,27.7,0.528,0.01,1.0,0
16.84,93.08,21.6,0.508,8.31,0.5,1
21.77,142.42,42.2,0.241,9.66,0.5,1
5.67,28.7,17.0,0.552,3.62,0.8,0
7.92,56.91,36.6,0.368,0.2,0.8,0
12.3,108.83,21.4,0.139,14.8,0.2,1
1.63,14.01,34.5,0.462,3.67,0.5,0
5.94,60.01,35.2,0.106,2.87,0.2,0
4.32,71.91,39.2,0.63,2.46,0.5,1
1.35,28.5,29.1,0.509,0.53,0.5,0
3.89,30.71,14.5,0.491,6.07,0.5,0
0.6,10.99,39.4,0.382,2.6,1.0,0
0.22,40.9,30.3,0.34,0.08,0.2,0
1.23,42.47,40.7,0.189,0.63,1.0,0
28.05,160.07,38.3,0.241,1.28,1.0,1
6.78,38.62,31.5,0.712,9.34,1.0,1
28.7,123.36,51.3,0.528,2.34,0.5,1
4.82,37.76,30.7,0.386,10.73,1.0,1
3.18,16.42,36.0,0.45,1.22,0.2,0
6.0,72.08,35.3,0.616,15.75,0.5,1
4.92,73.12,31.9,0.473,11.8,0.2,1
0.95,8.18,33.3,0.691,4.73,0.2,0
8.7,45.66,39.0,0.43,5.37,0.8,1
2.07,29.64,33.0,0.46,0.09,0.5,0
8.22,78.33,30.4,0.582,0.99,0.5,1
8.93,44.92,35.2,0.241,0.82,0.8,0
1.4,26.91,15.7,0.567,12.18,0.8,0
0.54,13.93,20.0,0.526,2.0,0.5,0
12.9,96.48,20.8,0.597,3.5,0.8,1
5.23,30.46,29.8,0.192,1.19,0.5,0
0.51,34.46,41.6,0.232,1.12,0.8,0
44.81,272.14,34.7,0.534,2.06,0.8,1
0.51,8.14,47.2,0.455,1.45,1.0,0
10.09,67.67,16.1,0.564,5.29,0.8,0
34.98,200.38,36.7,0.645,3.7,1.0,1
2.32,19.85,27.0,0.285,4.5,0.8,0
1.3,29.8,14.6,0.461,2.95,0.2,0
1.1,0.0,39.9,0.318,8.86,0.2,0
3.07,0.0,22.3,0.248,0.25,0.8,0
0.91,0.0,24.1,0.495,5.26,0.8,0
10.01,68.65,27.7,0.738,1.04,0.2,0
0.55,22.09,38.7,0.421,3.71,0.2,0
6.05,42.63,34.2,0.712,9.88,1.0,1
48.56,280.0,25.6,0.257,1.41,0.5,1
14.3,52.08,22.5,0.641,12.63,0.2,1
8.12,58.67,20.1,0.375,0.74,0.2,0
3.11,35.76,21.8,0.491,11.8,1.0,1
8.31,49.51,41.5,0.628,0.16,0.5,1
6.36,55.17,43.9,0.434,1.51,0.8,1
4.72,56.91,46.8,0.79,4.56,0.5,1
1.19,21.76,40.2,0.427,7.07,0.8,0
18.5,114.31,42.3,0.369,0.69,1.0,1
5.08,30.45,39.6,0.487,10.35,0.5,1
1.84,0.0,46.1,0.628,0.65,1.0,0
3.9,34.58,40.6,0.333,7.71,0.5,0
4.54,19.02,30.7,0.532,8.21,0.8,0
14.94,86.66,27.3,0.457,5.09,0.2,1
11.24,78.44,33.3,0.33,8.42,0.5,1
12.47,81.24,33.9,0.087,0.33,0.8,0
0.09,30.88,33.1,0.403,9.87,1.0,1
4.57,27.98,36.3,0.709,2.37,0.8,1
5.58,40.52,36.1,0.268,1.33,0.2,0
0.16,24.53,19.0,0.317,0.02,0.2,0
2.56,29.23,26.2,0.325,3.21,0.2,0
12.14,63.68,42.4,0.292,0.24,0.5,0
1.25,35.46,33.4,0.443,0.05,0.5,0
6.51,56.03,27.4,0.379,2.05,0.2,0
2.06,32.06,40.8,0.625,0.24,1.0,1
0.1,4.45,25.2,0.426,7.12,0.5,0
2.35,25.86,29.4,0.187,0.18,0.2,0
31.66,122.08,26.0,0.862,3.14,0.8,1
13.75,91.23,41.6,0.451,2.86,1.0,1
27.27,121.86,36.9,0.86,3.13,0.5,1
5.69,45.64,30.6,0.212,0.54,0.8,0
0.99,17.13,44.5,0.33,8.12,1.0,1
6.75,47.98,44.2,0.631,4.02,0.2,1
5.15,19.59,36.4,0.476,5.8,0.5,0
15.81,85.37,42.5,0.147,7.15,0.2,1
0.88,18.25,36.6,0.205,8.55,0.2,0
5.69,19.62,34.3,0.474,4.87,0.8,0
1.38,24.45,29.7,0.76,4.93,0.2,0
3.34,24.15,25.9,0.377,0.61,0.5,0
11.36,63.08,17.5,0.48,0.71,0.5,0
5.49,26.68,39.1,0.294,5.32,0.5,0
4.01,32.06,20.6,0.481,0.94,1.0,0
4.26,32.72,29.5,0.239,3.06,0.5,0
5.23,34.71,24.7,0.383,1.2,1.0,0
13.07,94.39,30.5,0.15,1.12,0.8,1
18.92,98.86,27.1,0.317,2.28,0.5,1
26.42,163.34,40.0,0.749,0.69,0.2,1
13.14,71.04,47.7,0.571,7.11,0.5,1
3.22,12.72,45.0,0.366,0.61,0.8,0
9.9,82.85,34.2,0.264,5.73,1.0,1
4.89,55.1,47.8,0.184,2.41,0.5,0
2.5,40.97,29.2,0.477,0.88,1.0,0
15.62,49.98,32.0,0.424,1.59,0.2,0
0.33,12.07,25.4,0.262,2.11,0.2,0
19.72,106.13,42.7,0.057,1.24,1.0,1
5.26,13.19,22.9,0.316,6.31,0.5,0
8.62,57.79,33.9,0.764,1.66,1.0,1
9.15,77.37,39.0,0.403,2.56,1.0,1
19.17,133.38,33.6,0.683,0.11,0.5,1
8.61,50.73,18.5,0.198,0.97,0.5,0
8.09,44.14,33.9,0.309,0.32,0.2,0
0.59,42.02,38.0,0.56,9.09,0.8,1
6.21,49.6,23.2,0.661,7.51,0.2,0
1.38,18.09,37.1,0.381,1.25,0.2,0
11.37,31.96,41.9,0.426,2.54,0.8,1
6.1,70.3,48.6,0.599,1.49,0.8,1
9.69,60.67,29.5,0.383,5.7,0.8,1
0.36,10.6,14.8,0.313,1.0,0.2,0
0.75,28.71,29.7,0.626,6.35,0.8,0
10.71,84.57,35.1,0.617,0.75,0.5,1
0.64,24.91,42.4,0.299,1.31,0.8,0
0.63,18.62,44.8,0.787,8.34,0.2,1
0.1,44.71,43.3,0.336,1.28,1.0,0
26.65,87.46,35.0,0.036,9.19,0.5,1
11.37,73.54,35.7,0.473,0.55,0.8,1
3.7,42.85,11.5,0.708,3.8,0.5,0
2.99,42.59,28.3,0.408,1.24,1.0,0
3.66,38.6,43.2,0.358,1.47,0.5,0
12.67,88.95,35.9,0.054,6.81,0.5,1
9.2,62.91,30.8,0.588,3.23,1.0,1
1.74,10.41,19.8,0.524,0.94,0.5,0
1.63,10.81,25.1,0.578,11.05,0.5,0
0.88,28.61,32.7,0.366,1.97,0.5,0
9.18,53.57,42.7,0.424,8.04,0.8,1
12.29,56.05,19.4,0.45,9.23,0.5,0
2.62,50.36,21.9,0.664,2.06,0.5,0
0.18,25.41,35.0,0.234,2.03,0.5,0
0.73,11.58,26.5,0.174,3.06,0.5,0
29.22,130.33,22.5,0.34,3.85,0.8,1
2.98,42.2,22.8,0.257,0.21,0.8,0
12.46,105.72,31.3,0.534,0.27,0.8,1
8.33,27.75,33.3,0.639,1.1,0.5,0
4.09,40.18,43.0,0.833,2.15,0.8,1
1.96,41.55,32.1,0.174,4.04,0.2,0
1.1,49.45,35.9,0.33,0.83,0.5,0
8.11,46.7,22.9,0.187,1.38,0.8,0
12.67,102.95,36.5,0.618,1.99,0.8,1
8.78,85.48,34.8,0.201,1.25,1.0,1
6.42,15.31,24.1,0.638,1.85,0.5,0
0.36,28.88,35.3,0.399,0.52,0.8,0
29.39,137.87,24.0,0.361,0.06,0.8,1
13.63,50.54,33.5,0.503,0.83,0.5,0
2.95,24.08,35.3,0.483,1.21,0.5,0
33.24,221.37,36.0,0.398,5.93,0.2,1
7.83,47.51,43.3,0.247,5.29,0.2,0
7.42,37.48,45.4,0.355,4.92,0.2,0
11.72,97.78,39.4,0.453,12.27,0.5,1
14.2,95.16,41.9,0.304,2.0,0.2,1
9.08,58.52,14.2,0.539,0.42,0.2,0
1.17,26.13,28.3,0.677,6.48,0.5,0
3.51,28.12,16.1,0.63,3.33,0.5,0
22.37,103.43,24.4,0.374,25.0,0.5,1
2.16,45.77,28.8,0.142,1.58,0.8,0
3.96,37.53,41.5,0.386,7.88,0.2,0
4.81,54.61,31.7,0.128,7.47,0.2,0
4.92,40.82,34.8,0.413,15.56,0.5,1
8.07,35.38,28.3,0.788,15.76,0.8,1
24.36,153.95,33.7,0.298,18.28,0.2,1
2.34,30.14,39.6,0.578,9.32,0.2,0
1.1,7.3,26.7,0.428,1.15,0.2,0
1.87,55.09,44.5,0.351,2.21,0.5,0
18.53,100.17,24.0,0.22,13.39,0.5,1
8.82,58.43,43.8,0.342,1.93,0.5,1
2.86,48.31,15.1,0.299,9.52,1.0,0
14.39,39.87,32.4,0.32,5.37,0.5,0
16.8,55.7,48.5,0.313,7.64,0.8,1
15.93,87.46,33.9,0.454,5.38,0.5,1
21.36,115.67,32.7,0.208,1.83,0.8,1
2.47,52.73,35.7,0.318,1.21,0.8,0
11.96,85.42,26.3,0.2,4.62,0.2,0
5.25,64.34,17.1,0.663,0.35,0.2,0
15.68,100.18,25.2,0.732,0.78,1.0,1
11.08,70.33,22.8,0.283,0.12,0.5,0
12.73,85.48,44.0,0.379,1.27,0.8,1
9.07,71.67,40.9,0.701,1.42,0.8,1
1.66,14.64,27.1,0.391,8.51,0.5,0
6.69,84.09,40.3,0.448,5.45,0.2,1
35.51,208.25,24.0,0.175,4.4,0.2,1
23.55,167.02,23.6,0.478,6.06,0.8,1
0.38,0.2,38.0,0.576,3.86,1.0,0
1.53,20.34,27.4,0.243,1.16,0.8,0
1.2,25.65,17.7,0.675,11.97,0.8,0
11.0,57.21,36.7,0.637,0.56,0.2,0
14.47,69.37,49.0,0.346,0.43,1.0,1
2.04,6.97,32.9,0.311,1.04,0.8,0
5.99,33.18,25.6,0.331,7.37,0.8,0
15.61,108.18,28.6,0.89,2.22,1.0,1
11.22,77.37,34.8,0.446,1.92,0.8,1
6.64,45.18,36.2,0.724,1.27,0.2,0
7.59,59.68,42.2,0.243,12.21,0.5,1
6.04,17.8,43.2,0.354,5.6,0.2,0
3.0,30.38,41.2,0.739,0.69,0.8,1
7.08,43.31,34.8,0.479,1.63,0.5,0
9.92,74.12,30.4,0.837,1.7,0.2,1
17.56,67.86,35.6,0.253,0.96,0.5,0
8.6,47.55,35.3,0.156,0.52,0.5,0
12.17,49.95,24.2,0.619,6.92,1.0,1
1.48,41.14,31.7,0.265,2.79,0.2,0
5.26,46.78,23.9,0.391,1.67,0.2,0
0.08,22.07,42.8,0.919,0.24,0.8,1
2.41,19.39,27.3,0.708,1.11,0.5,0
11.02,66.09,39.2,0.321,4.9,1.0,1
40.84,221.44,28.7,0.321,8.55,0.5,1
0.89,0.0,37.9,0.445,8.45,0.8,0
4.36,28.92,24.3,0.464,1.43,0.8,0
13.68,114.25,37.9,0.876,4.69,0.5,1
1.94,40.63,22.9,0.491,0.61,0.5,0
6.88,37.59,31.3,0.608,1.27,0.5,0
11.23,87.37,20.2,0.587,2.76,1.0,1
8.14,71.03,32.1,0.488,5.68,1.0,1
1.77,28.6,39.7,0.356,9.18,1.0,1
3.73,43.1,37.7,0.175,10.84,1.0,1
13.02,67.86,16.8,0.356,0.67,1.0,0
6.87,64.18,31.3,0.276,2.22,0.8,0
0.04,53.15,40.9,0.262,4.28,0.5,0
12.17,55.72,34.9,0.257,5.31,0.8,1
0.31,18.81,17.4,0.076,2.67,0.8,0
11.64,58.33,27.3,0.239,0.22,0.8,0
1.92,28.3,32.7,0.369,6.14,0.2,0
26.96,155.66,22.6,0.237,7.52,0.5,1
3.9,56.79,35.7,0.486,8.42,0.5,1
3.37,26.37,34.5,0.675,7.92,0.5,1
1.37,26.3,23.7,0.164,5.33,0.5,0
3.1,8.98,32.6,0.464,2.04,0.5,0
17.79,107.34,39.4,0.595,0.75,0.2,1
47.67,170.98,28.6,0.252,0.54,0.5,1
3.9,29.56,25.1,0.701,4.68,1.0,0
5.06,31.21,36.2,0.445,5.73,0.5,0
10.88,62.76,18.1,0.458,4.01,0.2,0
18.47,99.05,40.1,0.115,3.23,0.8,1
7.64,22.03,45.1,0.362,3.38,0.2,0
4.22,10.66,46.6,0.52,0.26,0.8,0
4.52,31.69,30.0,0.197,1.26,0.8,0
10.11,51.74,34.2,0.159,0.71,1.0,0
0.03,0.0,41.1,0.364,2.3,0.2,0
8.22,76.13,24.4,0.097,0.31,1.0,0
3.73,37.35,15.1,0.545,1.53,0.8,0
13.44,75.44,28.9,0.227,7.92,0.5,1
0.83,20.36,42.1,0.267,0.39,0.5,0
7.54,38.89,31.6,0.416,3.17,0.2,0
5.57,57.82,32.1,0.267,1.16,0.5,0
8.74,52.63,35.9,0.462,1.76,0.5,0
0.57,10.69,33.1,0.432,1.35,0.8,0
7.37,39.34,17.1,0.134,0.24,0.5,0
7.01,29.78,32.8,0.211,0.27,0.2,0
6.99,33.18,34.8,0.381,2.41,0.8,0
7.86,49.78,34.6,0.333,7.13,0.5,0
9.59,54.09,36.9,0.295,10.24,0.5,1
13.89,84.18,31.9,0.345,0.98,0.8,1
2.67,28.9,42.8,0.617,8.66,0.2,1
14.82,92.3,30.7,0.587,0.19,0.5,1
5.86,66.82,31.9,0.127,6.96,0.2,0
0.68,32.88,38.4,0.679,3.03,0.8,1
0.51,36.65,40.2,0.538,0.34,1.0,0
3.46,16.44,34.8,0.408,0.3,0.5,0
13.06,89.33,20.8,0.294,0.58,0.2,0
10.45,81.77,27.5,0.208,0.19,0.8,0
13.21,78.63,14.3,0.603,4.66,1.0,1
6.19,28.49,26.5,0.604,3.64,0.2,0
4.93,43.98,33.0,0.513,6.93,0.2,0
1.36,10.03,39.2,0.454,2.53,0.8,0
3.38,36.21,33.3,0.605,3.33,0.5,0
4.84,46.98,16.1,0.098,0.59,0.8,0
0.79,2.7,25.5,0.241,2.8,0.5,0
2.12,23.98,33.2,0.451,1.44,0.8,0
7.75,94.58,36.4,0.584,2.28,0.8,1
11.31,82.65,41.4,0.37,6.89,0.8,1
54.45,280.0,46.8,0.34,4.23,0.8,1
22.99,133.65,42.5,0.642,0.24,0.2,1
8.74,66.56,30.8,0.246,12.12,0.8,1
4.65,9.07,37.4,0.15,1.13,0.5,0
8.59,63.24,24.9,0.423,2.34,0.8,0
13.09,65.43,17.7,0.338,2.41,1.0,0
1.07,37.8,17.1,0.48,3.97,0.5,0
4.48,30.0,24.9,0.306,7.08,0.2,0
15.57,123.86,15.9,0.6,1.26,0.8,1
4.12,27.66,40.8,0.224,1.33,0.2,0
7.21,50.33,31.3,0.335,0.96,0.2,0
7.53,32.65,39.4,0.383,5.42,1.0,1
1.73,9.3,44.9,0.187,3.84,0.2,0
3.82,53.94,49.7,0.482,0.89,0.8,1
3.46,35.7,44.7,0.709,2.25,0.8,1
0.23,37.52,36.6,0.251,1.98,0.5,0
0.21,36.34,30.2,0.718,2.93,0.8,0
15.15,71.31,33.6,0.382,6.54,0.5,1
2.71,46.95,39.6,0.207,8.48,1.0,1
6.2,45.68,42.7,0.486,0.93,0.2,0
3.02,17.32,46.0,0.139,3.51,0.2,0
24.01,93.41,37.0,0.149,6.16,0.5,1
2.55,16.28,32.3,0.339,0.56,0.5,0
4.77,56.55,46.8,0.146,1.59,0.2,0
17.52,82.56,46.1,0.021,0.67,0.5,1
15.68,88.32,31.0,0.235,1.8,0.2,0
1.75,46.97,34.8,0.178,0.16,0.8,0
13.79,32.15,39.3,0.461,2.59,0.8,1
5.21,32.24,30.0,0.159,21.51,0.2,0
5.61,46.69,40.0,0.436,7.9,0.5,1
1.22,59.66,20.1,0.595,2.7,0.8,0
0.71,6.06,31.1,0.5,3.36,0.8,0
11.06,45.0,31.1,0.811,5.55,0.2,1
5.83,26.64,35.7,0.586,1.0,0.5,0
4.88,46.43,20.4,0.571,3.03,1.0,0
11.11,72.14,19.8,0.442,2.51,0.5,0
12.33,87.54,42.9,0.469,1.84,0.5,1
1.47,39.5,26.8,0.492,2.31,0.5,0
8.01,60.76,27.4,0.294,5.58,0.2,0
1.24,29.38,38.3,0.069,1.82,1.0,0
11.83,83.83,29.6,0.586,9.56,0.8,1
9.09,57.88,40.2,0.467,8.67,0.5,1
26.67,159.45,29.3,0.613,13.83,0.8,1
0.61,26.56,37.8,0.464,0.25,0.2,0
0.5,34.84,32.0,0.247,3.55,1.0,0
2.82,18.87,44.7,0.703,0.88,0.8,1
2.58,0.0,27.4,0.19,0.32,0.8,0
2.41,36.37,28.3,0.213,2.74,0.8,0
20.12,133.43,47.0,0.511,10.29,0.8,1
2.44,37.26,37.2,0.305,1.33,0.8,0
2.7,37.44,38.2,0.599,1.93,0.5,0
12.11,83.93,26.5,0.458,4.36,0.8,1
5.08,52.42,32.2,0.773,7.9,0.8,1
12.74,66.19,27.0,0.399,0.41,0.5,0
0.57,23.95,25.5,0.396,3.42,0.2,0
5.68,77.24,32.2,0.156,1.04,1.0,0
0.29,0.0,48.8,0.295,5.7,0.5,0
0.55,24.42,24.1,0.541,1.17,0.8,0
20.14,71.66,25.0,0.37,4.94,0.8,1
1.27,38.31,25.0,0.82,4.76,0.2,0
6.46,21.0,38.8,0.315,14.15,0.5,1
4.5,21.22,31.7,0.387,2.59,0.8,0
3.63,29.89,28.9,0.413,0.66,0.5,0
19.56,93.22,40.5,0.169,5.99,0.5,1
0.19,11.68,26.6,0.313,5.23,0.2,0
9.27,56.01,29.0,0.615,7.23,0.5,1
28.11,153.53,18.2,0.556,3.11,0.8,1
6.98,55.84,20.5,0.584,4.09,0.5,0
23.48,102.31,21.2,0.265,12.57,0.8,1
0.46,32.79,27.9,0.314,0.06,0.8,0
4.61,35.07,32.0,0.439,4.19,0.5,0
2.56,63.43,10.8,0.168,2.34,0.2,0
11.16,58.83,23.2,0.628,2.01,0.2,0
33.82,141.23,22.7,0.361,1.35,0.2,1
2.52,32.15,25.3,0.228,4.92,0.2,0
9.03,58.63,22.4,0.59,0.46,0.5,0
1.88,17.69,23.4,0.38,0.99,0.5,0
7.08,42.06,48.3,0.392,1.47,0.5,1
5.3,48.34,33.5,0.597,0.86,0.5,0
30.39,153.45,37.9,0.64,0.6,0.2,1
7.97,77.17,39.7,0.187,2.53,0.8,1
3.66,45.72,35.3,0.834,0.48,0.2,0
1.03,16.47,36.2,0.469,1.39,1.0,0
1.39,32.61,34.4,0.553,9.04,0.5,0
2.17,46.36,34.8,0.568,3.0,1.0,1
2.46,7.21,44.2,0.22,2.78,0.2,0
16.16,79.64,23.1,0.506,6.33,0.2,1
7.0,50.15,25.9,0.627,4.46,0.5,0
6.3,36.45,19.3,0.742,1.72,0.5,0
1.04,24.82,40.3,0.188,0.55,0.8,0
16.72,98.35,30.4,0.508,5.31,0.8,1
10.91,67.64,43.2,0.438,0.45,0.2,1
0.6,27.4,29.5,0.407,1.39,1.0,0
10.46,76.41,30.2,0.587,5.71,0.5,1
6.67,51.27,30.4,0.313,4.64,1.0,0
0.72,60.58,34.0,0.403,7.09,1.0,1
5.21,67.65,38.0,0.379,3.53,0.5,1
5.64,57.13,28.0,0.206,3.73,0.5,0
1.54,35.61,34.4,0.43,2.61,0.8,0
24.76,142.86,23.7,0.365,1.38,0.5,1
16.12,94.46,32.6,0.46,2.54,0.5,1
9.4,62.8,32.5,0.609,0.48,0.2,0
5.27,32.0,42.3,0.225,19.47,0.5,1
4.51,17.21,42.6,0.498,1.6,0.5,0
8.95,72.3,31.2,0.718,7.38,0.2,1
6.7,42.14,14.8,0.586,9.19,0.8,0
0.55,26.2,40.6,0.554,0.1,0.5,0
6.11,49.29,10.8,0.612,3.45,0.5,0
13.96,102.89,31.0,0.309,7.31,0.5,1
5.23,62.76,14.3,0.478,2.19,0.5,0
0.45,30.5,28.0,0.635,0.24,0.8,0
13.12,89.04,34.5,0.661,1.83,0.8,1
1.91,30.65,28.5,0.772,1.22,0.8,0
2.54,5.08,44.2,0.256,8.29,0.8,0
1.53,1.74,34.6,0.39,4.17,0.5,0
3.41,69.57,34.8,0.236,1.15,0.8,0
12.02,69.89,28.6,0.285,6.22,0.5,0
6.23,29.87,16.0,0.243,2.7,0.5,0
1.95,33.57,37.2,0.155,7.91,1.0,0
17.87,118.4,36.6,0.332,6.14,0.8,1
17.99,101.9,32.1,0.255,4.16,0.2,1
17.38,146.32,29.6,0.222,0.47,0.8,1
2.32,49.66,32.3,0.197,3.51,0.2,0
5.1,25.36,37.4,0.455,3.64,0.5,0
35.69,131.66,36.5,0.738,6.43,0.2,1
12.57,80.64,35.1,0.512,0.77,0.8,1
0.23,19.03,43.0,0.277,3.58,1.0,0
0.57,5.65,33.9,0.546,6.68,1.0,0
5.3,10.89,13.7,0.439,0.07,0.8,0
20.39,73.38,34.1,0.651,3.6,0.2,1
6.58,25.94,34.0,0.7,6.41,0.8,1
5.85,57.84,18.0,0.692,2.28,0.2,0
0.95,18.97,29.9,0.162,0.81,1.0,0
9.09,55.59,34.9,0.132,5.82,0.8,0
14.68,122.18,36.2,0.255,0.36,0.2,1
4.07,15.23,42.5,0.355,2.9,0.5,0
12.7,73.31,40.5,0.489,0.02,0.8,1
28.37,97.18,20.4,0.322,2.42,0.5,1
1.94,32.01,33.9,0.581,8.63,1.0,1
6.3,62.86,33.6,0.075,10.12,0.5,0
2.88,42.08,26.8,0.835,0.68,0.5,0
13.38,60.54,23.0,0.19,3.68,1.0,0
7.33,65.18,23.6,0.076,0.22,0.8,0
8.56,74.49,22.8,0.416,4.34,0.5,0
13.59,35.68,39.2,0.18,5.53,0.2,0
4.29,33.6,21.7,0.397,2.33,0.5,0
20.96,146.44,25.6,0.377,2.11,1.0,1
6.47,44.94,24.2,0.129,3.03,0.8,0
1.46,13.08,36.5,0.274,1.32,0.5,0
10.12,60.69,22.1,0.231,2.49,0.8,0
13.4,95.85,14.7,0.426,7.77,0.5,1
3.24,62.94,28.6,0.515,0.45,0.2,0
16.54,58.49,26.8,0.513,3.03,0.5,0
20.11,102.11,29.2,0.436,1.45,0.8,1
2.76,59.24,37.6,0.241,5.44,1.0,1
34.9,219.29,13.4,0.424,1.56,0.8,1
1.29,15.77,15.9,0.541,6.04,0.8,0
1.92,37.63,25.4,0.683,1.92,0.8,0
1.73,31.73,42.4,0.288,3.66,0.2,0
19.08,98.99,22.5,0.57,4.58,1.0,1
9.03,58.83,50.4,0.438,1.47,0.2,1
1.4,33.67,39.2,0.339,2.07,0.5,0
4.93,55.56,30.5,0.403,7.04,0.8,1
8.12,42.19,37.4,0.793,2.22,0.2,1
0.74,22.74,31.9,0.575,2.4,0.5,0
18.2,105.67,32.9,0.33,3.34,0.8,1
13.83,66.27,33.2,0.302,5.78,0.8,1
5.98,47.25,34.8,0.688,0.28,0.2,0
29.03,152.03,17.5,0.686,3.47,0.2,1
4.6,34.99,34.1,0.349,7.6,0.2,0
35.21,168.44,36.6,0.591,1.56,0.2,1
9.37,61.77,26.9,0.624,4.38,0.8,1
8.56,69.19,47.8,0.441,1.13,0.2,1
1.54,53.99,21.6,0.237,0.44,0.5,0
18.16,68.97,43.3,0.463,0.72,0.2,1
4.74,48.27,35.5,0.475,4.86,0.8,1
1.5,29.46,35.2,0.691,3.39,1.0,1
0.11,0.0,41.8,0.514,0.82,0.5,0
6.97,37.44,40.1,0.322,0.14,0.5,0
6.37,55.63,27.9,0.444,6.68,0.5,0
10.8,51.77,36.3,0.392,4.59,0.2,0
18.78,95.82,16.8,0.533,2.28,0.8,1
0.7,18.94,30.7,0.473,0.88,0.5,0
11.18,88.21,44.8,0.651,12.81,0.5,1
1.76,22.76,25.9,0.575,1.8,0.8,0
16.6,146.38,16.8,0.688,9.93,0.5,1
14.53,67.51,33.3,0.686,0.96,0.8,1
6.62,55.9,28.1,0.439,8.22,0.8,1
10.53,58.85,28.7,0.4,2.98,0.5,0
3.21,37.72,33.3,0.408,10.94,0.5,0
5.42,66.08,34.2,0.563,0.5,0.2,0
14.65,70.72,30.1,0.167,17.87,0.5,1
5.23,37.78,31.7,0.844,0.86,0.8,1
3.76,34.42,49.6,0.727,0.37,1.0,1
5.79,73.05,46.0,0.44,3.16,1.0,1
14.97,77.43,36.3,0.319,4.33,0.5,1
3.47,60.27,22.2,0.612,1.81,0.2,0
1.62,32.61,28.2,0.161,4.55,1.0,0
10.58,79.97,42.1,0.68,11.1,0.8,1
14.86,86.89,29.8,0.291,6.05,0.5,1
0.9,41.13,45.9,0.245,8.26,0.8,1
2.33,29.19,31.2,0.282,8.67,0.2,0
1.3,45.78,41.2,0.477,1.35,0.2,0
3.63,39.42,15.7,0.45,4.67,0.8,0
5.09,13.23,30.0,0.36,5.23,0.2,0
11.74,92.01,36.1,0.427,0.49,0.2,1
8.95,52.38,41.3,0.326,2.52,0.8,1
8.25,76.5,33.9,0.628,4.06,0.8,1
3.69,50.63,22.7,0.275,1.3,0.5,0
15.65,70.43,42.2,0.568,3.87,0.5,1
5.42,47.22,33.1,0.691,0.2,0.5,0
32.88,230.18,20.0,0.393,3.39,0.5,1
8.55,43.49,30.7,0.538,0.4,0.5,0
1.15,35.14,36.1,0.429,4.36,0.2,0
9.58,85.14,30.4,0.145,4.06,0.5,0
3.34,63.34,41.6,0.485,3.71,0.5,1
9.85,37.9,29.8,0.545,1.13,0.8,0
0.61,28.3,33.3,0.514,4.2,0.2,0
1.63,12.34,24.0,0.427,2.03,0.2,0
16.46,47.34,31.8,0.772,2.92,0.8,1
2.19,36.91,24.3,0.129,4.38,1.0,0
15.42,76.83,24.4,0.486,1.76,0.2,0
2.78,52.45,26.1,0.29,19.95,0.5,1
8.75,61.28,16.4,0.471,0.25,0.8,0
10.07,66.47,22.3,0.385,4.98,0.5,0
6.11,45.39,29.8,0.344,1.04,0.5,0
3.1,20.41,21.0,0.481,15.23,0.5,0
2.03,17.4,21.1,0.702,2.87,0.2,0
0.29,37.8,46.8,0.397,5.84,1.0,1
3.08,28.61,29.9,0.549,0.86,0.8,0
9.0,75.47,29.3,0.513,8.07,0.5,1
23.68,157.31,25.7,0.357,12.68,0.8,1
17.42,46.76,31.8,0.275,2.94,0.5,0
12.35,64.92,33.6,0.064,7.24,0.2,0
13.2,106.01,29.7,0.508,4.21,0.8,1
9.3,68.7,29.1,0.726,1.06,0.5,1
2.56,28.85,36.1,0.486,9.52,0.2,0
20.21,93.42,45.5,0.346,5.74,0.5,1
9.44,70.91,41.9,0.151,8.43,0.5,1
6.99,53.52,20.5,0.482,1.71,0.5,0
1.0,9.55,34.9,0.521,2.3,0.5,0
5.04,49.56,12.6,0.505,1.29,0.5,0
5.24,32.44,34.4,0.091,1.55,0.8,0
16.99,102.62,30.7,0.089,1.15,0.8,1
6.72,43.56,31.3,0.068,4.94,0.5,0
4.07,22.14,33.4,0.193,1.81,0.8,0
31.99,150.42,37.3,0.466,5.0,1.0,1
1.0,34.91,36.9,0.335,4.26,0.2,0
4.67,33.29,16.4,0.25,3.08,0.8,0
0.36,39.74,37.1,0.484,4.23,0.5,0
11.45,56.36,40.0,0.442,3.06,0.5,1
21.27,53.55,17.9,0.425,4.83,0.8,0
2.79,33.8,27.3,0.078,1.5,0.5,0
16.61,143.61,38.8,0.345,5.78,0.2,1
2.94,42.71,31.3,0.783,1.35,1.0,1
20.54,125.15,36.0,0.543,14.69,0.8,1
11.92,64.13,31.5,0.701,1.85,0.2,1
13.89,91.01,47.7,0.793,0.05,0.2,1
0.15,0.0,44.7,0.53,2.38,0.5,0
27.98,99.59,26.1,0.632,11.85,0.5,1
11.03,81.44,28.9,0.31,3.82,0.2,0
3.09,27.69,30.0,0.202,0.41,0.5,0
15.03,84.26,19.8,0.654,0.43,0.5,1
2.81,35.43,29.3,0.263,2.26,0.5,0
17.52,106.97,38.2,0.305,0.97,0.2,1
1.02,56.9,40.7,0.421,3.53,0.2,0
10.34,53.09,42.2,0.255,10.33,0.8,1
6.61,51.91,13.7,0.459,12.85,0.8,0
0.86,17.96,38.7,0.471,9.66,0.2,0
2.35,40.29,31.6,0.357,1.33,0.2,0
0.11,23.13,23.8,0.372,14.28,0.2,0
5.38,33.7,31.5,0.26,1.4,0.2,0
3.05,0.26,40.6,0.355,3.74,0.2,0
7.75,53.18,30.0,0.462,8.41,0.8,1
3.0,30.61,49.2,0.773,4.08,0.5,1
3.03,36.38,34.1,0.558,21.56,0.8,1
11.56,49.66,31.3,0.314,1.63,0.5,0
0.42,43.49,26.5,0.163,0.48,0.2,0
19.82,89.55,13.2,0.419,0.95,0.5,0
16.25,133.55,33.9,0.655,0.77,0.2,1
9.37,79.26,33.2,0.551,8.89,0.5,1
7.65,68.88,31.9,0.597,2.38,1.0,1
18.94,102.89,32.3,0.513,2.76,0.8,1
1.74,53.57,40.5,0.398,0.72,0.5,0
0.7,9.13,27.1,0.219,0.92,0.2,0
2.33,29.62,32.6,0.224,6.11,0.2,0
13.45,68.46,35.6,0.525,4.36,0.8,1
0.3,32.81,23.9,0.379,1.52,0.5,0
7.43,72.19,44.1,0.589,6.03,0.5,1
45.81,176.73,37.1,0.466,0.21,0.2,1
16.45,101.64,17.0,0.479,0.28,0.5,0
6.26,94.15,41.4,0.453,0.35,0.5,1
0.56,22.27,44.3,0.236,4.62,0.5,0
15.13,67.65,38.8,0.21,3.44,0.8,1
7.77,37.79,29.8,0.812,7.52,0.2,1
1.04,26.39,49.8,0.337,13.15,0.8,1
0.84,27.5,20.7,0.398,1.58,0.2,0
20.43,131.6,32.3,0.819,3.77,0.2,1
9.4,70.06,22.5,0.514,7.77,0.5,1
15.03,102.56,30.1,0.299,1.01,0.5,1
17.95,60.78,44.2,0.573,0.38,1.0,1
7.21,57.67,38.9,0.555,15.44,0.8,1
6.19,41.52,38.5,0.319,8.73,0.5,0
4.78,51.66,28.1,0.661,3.58,0.2,0
3.24,27.86,44.6,0.39,0.04,0.2,0
4.85,38.29,28.4,0.181,0.97,0.8,0
12.64,62.69,16.1,0.404,4.52,0.8,0
7.83,58.32,34.6,0.174,1.7,0.5,0
18.96,102.18,28.3,0.646,3.2,0.2,1
4.98,76.08,21.9,0.752,0.22,0.5,0
7.94,64.99,44.6,0.175,3.02,0.5,0
8.48,46.28,34.5,0.496,0.59,0.8,0
7.61,20.86,44.9,0.382,0.42,0.5,0
10.31,37.94,33.3,0.252,2.55,0.2,0
2.3,10.71,17.7,0.76,2.74,0.2,0
6.1,69.32,15.3,0.162,8.78,0.2,0
0.94,27.38,42.9,0.202,17.0,0.5,1
4.13,29.18,16.0,0.254,0.44,0.5,0
5.68,23.19,34.0,0.287,1.44,0.5,0
8.98,54.75,26.6,0.306,5.06,0.5,0
25.55,118.07,35.8,0.696,4.07,0.8,1
7.8,74.92,26.2,0.673,0.32,0.5,0
11.57,54.44,15.9,0.409,0.23,0.5,0
6.0,20.1,37.0,0.365,2.04,0.5,0
8.55,88.29,26.9,0.262,2.61,0.5,0
0.63,6.23,32.6,0.121,3.23,0.8,0
2.5,24.1,38.2,0.751,3.87,0.2,0
3.82,52.18,36.2,0.269,2.5,0.2,0
5.44,51.54,27.9,0.499,4.81,0.8,0
0.4,14.28,37.4,0.426,0.47,1.0,0
1.28,9.17,44.1,0.262,5.15,0.5,0
2.75,21.57,33.9,0.381,3.67,0.2,0
30.25,141.67,36.2,0.276,0.04,0.5,1
3.42,37.03,41.4,0.609,2.42,0.8,1
5.59,52.53,40.5,0.676,1.65,0.8,1
1.86,27.09,28.0,0.815,1.11,0.5,0
8.02,59.11,49.4,0.443,0.22,0.8,1
2.8,20.64,15.1,0.217,14.39,0.5,0
1.97,33.44,48.7,0.818,1.25,0.2,1
6.18,68.41,25.1,0.248,2.33,0.2,0
0.05,17.81,30.2,0.137,0.38,1.0,0
0.07,17.58,42.1,0.369,6.06,0.2,0
2.1,31.89,25.0,0.438,0.09,1.0,0
0.32,37.83,24.4,0.537,3.39,0.8,0
0.97,10.27,34.7,0.305,1.23,0.5,0
3.52,52.37,36.3,0.13,1.61,0.5,0
13.79,85.21,12.6,0.373,2.83,0.8,0
7.21,49.97,30.4,0.767,2.4,0.5,1
6.11,74.8,31.3,0.126,2.01,0.2,0
2.95,15.97,25.8,0.28,3.74,1.0,0
22.82,147.69,32.5,0.289,3.02,0.5,1
4.3,42.23,22.0,0.613,1.53,0.5,0
0.77,10.16,27.3,0.518,0.79,0.2,0
8.16,64.87,36.5,0.334,0.64,0.5,0
1.03,29.32,41.7,0.41,0.14,0.5,0
3.6,30.03,33.4,0.366,2.24,1.0,0
6.02,59.55,18.3,0.308,0.73,0.2,0
17.62,94.59,35.6,0.461,8.13,1.0,1
5.78,50.43,42.7,0.369,2.09,1.0,1
10.3,76.76,31.6,0.681,3.74,0.5,1
41.96,247.58,31.4,0.316,1.42,0.5,1
1.2,34.61,49.3,0.285,1.14,0.5,0
2.73,30.09,34.5,0.546,6.44,0.5,0
4.27,23.08,39.2,0.619,1.75,0.8,0
4.66,18.2,34.8,0.405,0.38,0.8,0
4.5,47.35,24.3,0.55,1.49,0.5,0
20.24,82.59,26.2,0.061,0.48,0.5,0
10.64,59.67,35.2,0.469,2.36,0.2,0
7.96,40.84,30.5,0.571,1.32,0.8,0
3.15,24.41,29.3,0.619,6.52,0.5,0
14.76,86.45,14.6,0.459,0.26,0.8,0
26.37,155.06,42.1,0.499,15.83,1.0,1
14.63,89.71,42.2,0.541,6.03,0.5,1
0.01,24.32,30.6,0.355,4.17,0.8,0
8.6,60.95,36.1,0.175,0.21,0.8,0
0.45,22.13,22.8,0.338,14.83,0.5,0
2.53,56.85,31.6,0.178,5.44,0.8,0
0.52,38.8,30.1,0.198,2.28,0.8,0
7.87,81.67,35.0,0.166,6.71,0.8,1
9.86,58.52,30.8,0.305,1.57,0.8,0
1.03,10.23,31.5,0.282,1.99,0.2,0
4.12,26.75,26.5,0.155,4.23,1.0,0
5.18,22.55,16.7,0.132,9.71,0.5,0
3.91,54.88,43.7,0.419,9.57,0.8,1
1.1,13.96,13.4,0.48,1.02,0.8,0
4.61,0.0,26.1,0.648,3.9,0.5,0
11.82,94.31,30.3,0.686,8.2,1.0,1
0.63,14.58,27.2,0.586,0.42,0.2,0
0.71,14.0,32.6,0.096,0.78,0.5,0
3.72,60.35,30.7,0.256,5.86,0.8,0
24.16,74.85,25.4,0.258,3.14,0.8,1
9.39,73.82,19.0,0.481,0.22,0.5,0
9.65,38.8,21.3,0.216,2.91,0.2,0
3.82,16.82,31.2,0.908,9.67,0.8,1
7.65,67.35,40.6,0.104,0.77,0.8,0
0.09,34.3,19.6,0.378,0.27,1.0,0
8.59,72.32,35.5,0.24,11.12,0.8,1
20.78,130.14,38.8,0.478,1.82,0.2,1
8.06,60.94,26.0,0.364,5.69,0.5,0
17.59,68.97,35.3,0.631,3.54,0.8,1
10.94,52.79,35.8,0.29,0.79,1.0,0
1.09,10.8,36.3,0.132,0.86,0.2,0
19.78,84.25,42.4,0.452,5.16,0.5,1
0.58,28.58,29.2,0.279,3.82,0.8,0
6.49,70.42,25.0,0.293,0.06,0.5,0
1.3,21.3,32.4,0.685,2.6,0.5,0
0.1,17.33,17.6,0.123,9.54,0.8,0
4.66,16.92,27.6,0.365,2.89,0.5,0
2.97,34.01,42.1,0.254,0.11,0.2,0
5.66,47.13,32.2,0.458,2.55,0.2,0
7.32,67.96,30.1,0.483,0.18,0.5,0
0.38,29.64,25.7,0.52,2.29,0.5,0
1.12,14.03,25.2,0.402,5.08,0.8,0
6.95,48.6,24.8,0.57,0.53,0.8,0
3.57,48.54,40.0,0.156,1.58,0.8,0
11.1,73.72,48.5,0.084,0.84,0.5,1
8.98,40.83,32.2,0.232,1.9,0.2,0
15.88,83.17,18.6,0.092,0.62,0.2,0
10.02,94.96,37.5,0.462,1.21,0.5,1
4.78,36.51,41.8,0.541,0.55,0.8,1
9.5,87.25,44.4,0.338,2.02,1.0,1
2.74,26.1,34.3,0.451,2.42,1.0,0
3.11,18.24,31.6,0.154,3.36,0.2,0
13.22,114.19,34.1,0.645,5.37,0.2,1
5.03,43.61,13.5,0.519,0.42,1.0,0
13.61,47.71,35.0,0.518,7.73,0.8,1
14.69,65.84,36.4,0.183,4.57,0.5,0
16.57,77.53,36.7,0.127,0.43,0.2,0
21.12,121.06,32.8,0.564,1.81,0.5,1
4.79,73.63,36.1,0.854,1.8,0.2,1
3.26,28.2,34.6,0.539,4.63,1.0,1
7.42,77.48,20.3,0.204,0.62,0.8,0
3.94,30.87,42.8,0.692,0.24,0.5,0
7.81,32.86,34.2,0.443,0.1,0.5,0
10.39,67.12,36.9,0.792,7.68,0.2,1
9.91,58.64,27.8,0.649,3.66,1.0,1
3.99,18.24,43.8,0.207,0.08,0.2,0
1.55,13.5,31.6,0.197,10.51,0.2,0
4.79,8.64,35.6,0.105,0.44,0.8,0
1.31,46.99,45.7,0.769,5.25,0.8,1
18.77,103.32,43.6,0.212,7.33,0.2,1
3.61,26.38,34.7,0.703,3.99,0.2,0
1.43,26.94,22.4,0.233,0.28,0.8,0
0.22,8.61,45.6,0.373,3.18,1.0,0
8.82,27.31,48.3,0.619,2.29,0.8,1
8.61,114.98,19.8,0.388,5.41,0.8,1
3.54,33.93,30.4,0.242,1.19,0.8,0
0.63,14.06,32.5,0.531,4.52,1.0,0
4.48,8.88,19.2,0.523,0.86,1.0,0
3.17,9.22,23.2,0.337,4.69,1.0,0
9.61,87.86,32.3,0.14,1.16,0.8,0
7.91,83.98,46.4,0.13,16.49,0.2,1
3.85,41.25,15.1,0.164,9.89,0.8,0
2.09,15.58,43.4,0.308,2.69,0.8,0
37.62,243.34,42.8,0.395,4.6,0.8,1
5.14,53.13,41.0,0.771,6.41,1.0,1
9.91,80.96,28.7,0.272,4.36,1.0,1
1.29,31.66,31.3,0.609,6.38,0.2,0
5.65,26.38,29.3,0.371,1.4,0.2,0
0.24,2.94,45.4,0.442,0.49,0.8,0
5.98,46.13,31.9,0.567,0.5,1.0,1
28.26,117.83,18.6,0.531,3.93,0.5,1
4.12,13.81,25.9,0.718,2.41,0.2,0
0.34,18.87,30.7,0.273,6.49,0.8,0
0.27,18.32,45.8,0.094,0.23,0.2,0
4.17,48.52,33.0,0.361,3.0,0.5,0
1.48,36.38,36.0,0.393,0.66,0.5,0
0.2,5.95,19.0,0.107,4.63,0.5,0
12.0,93.66,41.8,0.786,1.49,0.2,1
5.21,22.2,32.3,0.498,1.03,0.8,0
2.9,46.16,43.9,0.483,0.03,0.5,0
19.58,88.7,30.3,0.457,2.72,0.5,1
1.05,26.98,35.7,0.276,3.51,0.2,0
26.53,159.02,30.9,0.811,4.55,0.8,1
3.2,32.33,21.5,0.826,16.51,0.8,1
18.64,91.17,25.9,0.023,3.17,0.2,0
7.85,55.93,17.9,0.745,4.01,0.8,1
14.9,87.79,30.2,0.471,3.41,1.0,1
35.16,163.06,34.8,0.532,4.43,1.0,1
2.89,16.3,25.0,0.251,9.68,0.5,0
27.61,124.38,31.3,0.253,12.84,0.8,1
4.19,29.4,30.6,0.609,3.31,0.2,0
4.14,22.75,32.2,0.269,3.37,0.5,0
3.54,27.37,23.1,0.553,6.73,1.0,0
6.63,55.98,32.2,0.727,0.06,0.8,1
1.42,30.03,28.3,0.523,0.81,0.5,0
6.86,63.71,26.3,0.271,0.73,0.8,0
6.63,74.99,33.4,0.61,0.28,0.8,1
12.2,65.94,21.7,0.285,1.69,1.0,0
15.25,113.0,42.9,0.432,5.3,0.2,1
4.94,43.46,44.6,0.215,3.44,0.2,0
3.06,45.68,35.1,0.199,1.18,1.0,0
2.55,41.5,26.7,0.487,8.45,0.5,0
1.84,29.05,34.3,0.557,1.42,0.8,0
0.5,54.6,33.7,0.516,2.82,1.0,1
3.56,30.11,29.0,0.34,0.17,0.5,0
2.68,52.57,26.3,0.407,6.99,0.2,0
28.85,127.07,22.5,0.534,14.39,0.5,1
6.93,51.05,24.2,0.133,8.43,0.5,0
3.63,51.75,34.9,0.591,2.0,0.5,0
7.38,31.28,42.2,0.287,0.65,1.0,0
1.27,25.54,28.9,0.413,1.37,0.2,0
4.99,46.16,20.6,0.522,9.42,0.8,0
8.37,67.99,13.4,0.306,13.86,0.2,0
5.71,39.96,29.4,0.469,0.23,0.5,0
4.37,37.28,24.7,0.453,0.54,0.2,0
43.27,200.23,27.3,0.448,6.54,0.5,1
18.04,138.24,24.9,0.642,0.72,0.5,1
8.3,55.78,35.2,0.103,1.86,0.8,0
7.16,57.1,34.6,0.491,0.14,0.5,0
8.24,45.59,43.4,0.549,0.88,0.5,1
1.91,0.0,36.1,0.578,0.74,0.8,0
4.27,24.27,22.3,0.377,6.44,0.5,0
0.34,0.0,37.6,0.445,0.23,0.8,0
5.49,67.33,22.9,0.354,3.44,0.5,0
6.66,36.89,32.7,0.423,3.34,1.0,0
2.2,20.74,18.4,0.868,11.32,0.2,0
28.26,75.04,16.6,0.602,0.4,0.8,1
20.42,116.28,30.7,0.435,3.9,0.2,1
10.89,37.6,19.8,0.26,5.42,0.2,0
6.48,62.52,26.8,0.395,0.03,0.5,0
17.34,116.69,27.7,0.689,3.96,0.5,1
1.19,16.69,38.1,0.327,0.46,1.0,0
13.29,78.51,27.5,0.154,3.78,0.2,0
1.13,26.07,31.4,0.563,1.28,0.5,0
13.44,66.6,38.2,0.652,0.44,0.5,1
2.74,11.95,23.8,0.384,2.31,0.5,0
17.82,101.54,39.2,0.448,3.71,0.5,1
24.51,100.67,40.1,0.725,1.45,0.5,1
1.37,47.77,48.9,0.415,2.85,1.0,1
5.28,25.63,30.3,0.38,1.75,1.0,0
33.68,255.04,28.5,0.392,10.65,0.5,1
5.61,42.53,36.2,0.458,3.44,0.5,0
16.93,55.15,17.3,0.622,1.49,0.8,0
7.55,31.49,16.1,0.226,0.93,0.5,0
4.0,51.51,27.6,0.648,3.27,0.8,1
2.86,53.13,36.9,0.649,14.95,0.5,1
1.93,29.79,20.4,0.477,2.48,0.5,0
12.19,86.55,34.5,0.544,9.22,0.2,1
4.15,16.65,25.8,0.531,2.87,0.8,0
6.09,64.5,34.9,0.173,6.19,0.8,0
5.76,32.88,30.5,0.763,3.39,0.2,0
7.32,62.23,20.3,0.155,3.34,1.0,0
17.06,124.56,25.1,0.744,2.08,1.0,1
33.57,179.15,24.2,0.397,4.41,0.5,1
4.45,47.43,22.3,0.579,2.59,0.2,0
14.94,125.9,30.8,0.447,7.08,0.8,1
12.29,85.76,45.8,0.392,9.71,0.5,1
7.24,52.11,35.1,0.567,2.57,1.0,1
26.56,99.81,40.3,0.581,1.16,0.8,1
1.9,15.39,48.0,0.377,2.27,0.5,0
0.98,12.33,32.4,0.252,4.63,0.2,0
16.35,83.54,24.8,0.43,2.65,0.5,1
4.92,33.75,44.2,0.179,1.92,0.8,0
15.96,109.78,36.1,0.459,0.1,0.8,1
19.0,87.61,46.1,0.608,0.77,0.8,1
0.55,21.07,34.9,0.571,6.99,0.8,0
18.27,95.58,38.3,0.291,5.49,0.5,1
5.06,32.1,42.4,0.24,0.33,0.8,0
6.07,39.49,37.8,0.127,0.43,0.2,0
8.37,36.41,32.8,0.288,10.32,0.5,0
22.18,130.88,30.9,0.699,6.07,0.8,1
0.16,32.94,39.8,0.349,1.98,0.2,0
5.51,48.26,38.2,0.279,13.68,0.8,1
9.89,94.61,28.4,0.231,13.73,0.5,1
10.9,62.04,31.5,0.689,23.13,0.8,1
10.02,60.17,34.5,0.785,1.82,1.0,1
1.23,8.31,15.1,0.667,2.89,1.0,0
3.02,21.86,25.1,0.293,4.0,0.5,0
3.78,27.46,25.2,0.774,6.48,0.8,1
13.87,51.74,42.1,0.248,0.82,0.5,0
2.78,44.83,27.5,0.38,1.51,0.5,0
2.01,40.52,32.5,0.6,1.68,0.8,0
26.83,138.15,40.1,0.678,6.84,0.2,1
0.08,8.02,25.5,0.581,2.47,0.2,0
52.09,199.35,20.7,0.579,3.29,0.5,1
9.6,39.55,45.4,0.475,5.79,0.8,1
14.99,116.91,36.2,0.676,3.85,1.0,1
2.97,10.24,22.8,0.555,9.32,0.5,0
0.12,3.71,39.7,0.437,0.63,0.5,0
11.38,64.13,38.6,0.155,2.42,0.5,0
15.27,102.5,40.3,0.294,1.87,0.8,1
11.47,72.55,26.0,0.232,6.43,0.8,1
1.31,8.81,30.4,0.531,2.5,0.2,0
11.9,99.22,36.0,0.361,9.66,0.5,1
12.45,36.09,29.0,0.245,1.25,0.2,0
9.13,44.68,18.0,0.682,1.08,0.2,0
12.35,86.68,21.2,0.456,3.36,1.0,1
15.9,89.67,33.6,0.172,0.19,0.8,1
8.08,80.72,28.6,0.283,4.1,1.0,1
0.79,5.42,12.2,0.167,5.53,0.5,0
5.68,77.1,38.0,0.303,1.16,0.5,0
0.69,38.16,29.6,0.621,1.68,0.5,0
4.45,59.6,27.0,0.242,4.16,0.2,0
4.44,61.92,36.5,0.396,3.1,0.5,0
0.58,24.66,30.5,0.697,3.75,0.2,0
3.65,22.91,36.0,0.662,3.12,0.2,0
1.0,23.59,13.5,0.268,2.62,1.0,0
14.04,49.83,13.0,0.32,0.12,0.5,0
25.08,139.07,32.8,0.22,1.77,0.2,1
0.64,25.59,48.1,0.387,3.52,0.5,0
26.38,143.3,25.9,0.512,6.1,0.2,1
6.28,30.85,35.7,0.604,7.54,0.8,1
3.03,29.07,22.6,0.556,1.71,1.0,0
0.68,30.2,27.0,0.561,4.57,0.2,0
5.9,58.84,18.5,0.384,0.33,0.5,0
13.45,41.06,42.0,0.161,1.71,0.5,0
10.44,54.3,26.9,0.612,0.66,0.8,0
0.44,19.22,24.6,0.16,2.41,0.2,0
0.64,4.39,37.0,0.448,3.89,0.8,0
4.38,30.34,23.6,0.199,10.76,0.8,0
2.97,39.23,24.9,0.298,7.07,0.8,0
2.25,37.58,19.8,0.594,0.68,0.5,0
2.8,32.06,46.4,0.478,5.47,0.5,1
13.83,67.26,25.1,0.319,3.28,0.5,0
22.51,155.96,50.1,0.426,6.5,1.0,1
4.41,57.72,22.8,0.316,2.46,1.0,0
20.11,91.14,14.4,0.121,0.86,0.5,0
3.3,46.72,42.6,0.227,0.31,1.0,0
5.5,56.21,33.2,0.155,1.18,0.2,0
2.18,47.57,28.0,0.314,0.82,0.8,0
8.7,43.28,31.8,0.569,3.58,0.8,1
32.83,119.07,25.5,0.223,3.93,0.8,1
7.86,49.91,34.5,0.468,2.22,0.8,1
3.76,66.1,34.1,0.611,2.31,0.5,1
8.87,73.52,18.6,0.037,7.64,0.8,0
1.11,35.28,43.3,0.713,0.59,0.8,1
18.66,139.43,30.6,0.401,0.44,1.0,1
5.94,57.78,23.4,0.786,0.28,0.8,0
5.07,48.05,26.9,0.211,2.45,0.5,0
7.49,60.35,41.4,0.189,5.77,0.2,0
8.33,51.33,28.8,0.563,4.21,0.2,0
0.63,42.25,32.8,0.034,0.35,1.0,0
9.75,70.23,45.4,0.658,2.67,0.8,1
2.35,39.27,34.9,0.279,0.16,1.0,0
10.64,102.11,35.5,0.302,0.52,1.0,1
14.7,95.45,25.2,0.416,0.89,1.0,1
13.85,101.99,35.3,0.517,2.13,0.8,1
6.83,52.69,29.1,0.557,1.73,0.5,0
6.24,61.29,43.4,0.491,4.34,0.5,1
1.31,34.77,20.9,0.515,5.44,0.2,0
12.69,58.39,26.2,0.711,9.04,0.8,1
2.69,44.56,17.8,0.319,3.55,0.2,0
5.84,83.88,28.8,0.691,1.14,1.0,1
2.84,12.77,21.7,0.187,2.71,0.5,0
1.22,12.81,40.6,0.742,3.87,0.5,0
8.44,110.41,44.1,0.519,0.77,0.5,1
0.47,27.85,35.3,0.833,2.05,0.5,0
11.74,74.42,19.8,0.285,1.46,1.0,0
3.25,27.51,27.8,0.026,3.94,0.5,0
0.0,38.13,46.5,0.366,0.37,0.8,0
6.08,85.61,21.2,0.292,6.53,0.8,0
0.41,12.39,32.7,0.129,0.38,0.8,0
2.75,29.18,28.1,0.385,6.77,0.2,0
10.43,43.19,51.2,0.575,0.57,0.2,1
0.55,33.12,26.2,0.186,5.66,0.5,0
15.54,85.12,16.6,0.707,7.64,0.2,1
0.03,44.42,36.2,0.599,3.28,0.8,1
2.41,42.74,27.4,0.425,8.94,1.0,1
11.48,89.2,35.0,0.59,1.32,0.5,1
3.23,24.71,19.8,0.515,1.55,0.5,0
0.91,11.71,32.0,0.783,1.79,0.5,0
3.8,57.14,28.6,0.209,12.47,0.5,0
2.68,28.72,32.3,0.638,0.28,1.0,0
15.72,92.9,40.9,0.441,0.03,0.2,1
3.2,27.35,47.2,0.338,0.2,0.8,0
13.22,92.92,37.6,0.347,2.55,0.2,1
18.91,79.13,38.0,0.504,0.95,0.2,1
4.84,24.91,32.1,0.053,2.54,0.2,0
20.46,95.86,19.5,0.16,2.89,0.2,0
4.03,18.93,35.3,0.459,2.52,0.2,0
28.27,102.38,21.7,0.327,2.26,1.0,1
0.8,0.0,25.1,0.411,1.9,0.2,0
9.87,76.78,36.3,0.425,1.48,0.2,0
5.79,56.24,35.0,0.409,1.48,0.8,0
4.17,31.19,27.0,0.767,0.9,0.2,0
8.51,75.3,38.2,0.483,1.92,0.2,1
10.34,57.6,44.9,0.447,3.02,0.2,1
0.04,9.67,32.5,0.216,10.66,0.8,0
1.55,19.74,35.5,0.114,4.91,0.8,0
10.61,89.45,25.8,0.239,9.18,0.8,1
9.33,56.45,47.0,0.627,0.94,0.5,1
28.75,169.73,25.9,0.642,1.09,1.0,1
12.17,60.74,42.3,0.612,1.38,0.8,1
25.6,139.26,44.2,0.315,12.99,0.5,1
10.31,106.21,36.7,0.302,2.85,1.0,1
3.01,15.85,39.4,0.267,6.56,0.5,0
0.95,32.64,30.6,0.55,6.38,0.8,0
12.94,79.43,43.8,0.113,8.23,0.2,1
8.78,12.59,37.3,0.185,0.88,0.8,0
0.42,15.82,27.4,0.706,2.77,0.8,0
3.79,49.82,15.7,0.276,3.41,0.8,0
26.71,113.3,32.4,0.694,2.74,0.8,1
5.9,55.87,40.4,0.612,7.31,0.2,1
4.82,51.58,41.2,0.306,10.53,0.8,1
5.2,30.94,40.2,0.641,0.95,0.2,0
1.99,23.24,24.1,0.137,0.23,0.5,0
3.91,57.18,29.8,0.455,5.06,0.5,0
3.92,52.22,34.0,0.597,2.71,0.5,0
0.46,17.34,35.3,0.477,10.61,0.8,0
12.4,83.7,27.6,0.508,4.7,1.0,1
4.58,32.09,35.9,0.56,1.42,0.2,0
14.68,99.38,33.5,0.377,2.88,0.5,1
16.15,116.29,32.9,0.449,8.69,0.5,1
2.03,28.1,35.2,0.052,7.17,0.5,0
9.1,73.39,33.7,0.529,2.39,0.2,0
5.43,21.26,22.4,0.52,0.95,0.2,0
18.03,70.1,41.7,0.426,0.43,0.5,1
2.07,20.06,24.9,0.597,0.72,0.2,0
9.63,61.13,37.3,0.251,2.22,0.5,0
7.95,74.47,22.8,0.659,4.79,0.2,0
2.97,51.07,35.1,0.541,0.72,0.5,0
1.25,29.12,42.6,0.525,4.36,0.5,0
8.96,77.24,13.0,0.665,1.38,0.8,0
11.4,71.58,47.9,0.722,3.74,0.5,1
3.22,49.62,15.2,0.407,2.53,1.0,0
8.8,47.42,13.2,0.514,7.84,0.5,0
4.27,58.19,41.1,0.323,9.82,0.5,1
10.62,61.57,36.4,0.492,1.85,0.8,1
1.89,0.29,19.9,0.351,1.75,0.2,0
18.78,90.07,44.7,0.28,3.61,0.2,1
2.88,44.94,35.4,0.213,1.32,0.8,0
3.9,32.75,20.1,0.426,3.35,0.5,0
0.51,17.31,41.2,0.293,2.02,0.2,0
1.0,23.23,31.1,0.605,2.46,0.5,0
6.17,17.52,26.0,0.556,5.95,0.5,0
2.65,0.0,39.9,0.288,0.45,0.5,0
15.34,99.04,37.2,0.611,0.61,0.8,1
0.13,8.16,34.2,0.378,0.46,1.0,0
4.05,70.81,42.8,0.498,3.7,0.5,1
3.5,60.69,41.2,0.378,7.68,0.8,1
0.17,44.44,24.5,0.348,8.83,0.8,0
1.13,13.61,41.9,0.623,2.81,0.5,0
4.54,20.72,28.6,0.272,3.97,0.5,0
5.77,37.28,30.0,0.295,4.46,0.8,0
4.4,29.88,47.2,0.349,2.35,1.0,1
6.43,12.17,37.8,0.364,4.01,0.8,0
7.69,53.04,27.2,0.134,1.66,0.8,0
0.08,17.35,34.8,0.496,3.75,0.8,0
5.3,32.28,32.3,0.087,2.61,0.5,0
28.14,119.62,20.4,0.354,0.67,1.0,1
6.22,47.79,42.3,0.522,7.08,0.5,1
9.62,76.08,39.8,0.767,1.17,0.8,1
3.18,20.07,38.3,0.535,0.42,0.2,0
12.64,93.9,32.8,0.589,6.75,0.8,1
12.6,77.64,24.3,0.513,7.6,0.8,1
6.26,45.38,42.1,0.596,0.19,0.5,1
31.71,101.45,28.1,0.327,10.52,0.5,1
1.14,4.42,14.3,0.183,0.28,0.2,0
0.15,46.18,48.1,0.273,0.89,1.0,1
12.5,101.0,41.2,0.473,0.02,0.8,1
13.99,82.38,34.2,0.212,0.06,0.8,1
1.09,22.82,13.4,0.577,0.34,0.2,0
2.62,25.51,24.5,0.725,8.23,0.2,0
0.15,28.1,30.4,0.37,0.22,1.0,0
2.95,9.77,34.3,0.239,5.19,0.5,0
12.61,63.09,36.3,0.389,3.22,1.0,1
6.2,36.94,38.7,0.256,5.89,0.8,0
3.64,29.32,32.7,0.389,6.79,0.8,0
3.95,17.9,35.0,0.632,2.09,0.8,0
0.01,25.05,39.4,0.594,0.63,0.2,0
3.03,35.18,36.7,0.312,0.01,0.5,0
8.84,83.45,45.8,0.338,8.33,0.8,1
31.09,232.61,41.7,0.408,2.99,1.0,1
15.96,84.75,22.5,0.614,2.74,0.8,1
0.2,23.27,45.4,0.228,5.13,0.8,0
19.45,133.93,23.7,0.263,1.51,0.8,1
12.99,97.3,49.3,0.509,19.15,0.5,1
12.88,62.15,36.2,0.227,3.19,1.0,1
5.21,21.24,34.3,0.189,0.28,0.8,0
4.31,41.32,27.3,0.296,0.72,0.8,0
3.07,21.94,21.1,0.638,1.35,0.5,0
0.58,23.89,20.8,0.591,0.64,0.5,0
2.2,22.25,41.4,0.435,9.08,0.5,0
2.41,28.71,30.0,0.463,2.33,1.0,0
5.63,34.16,32.8,0.424,2.06,1.0,0
11.7,72.12,44.4,0.621,5.33,0.2,1
5.46,27.48,25.4,0.61,6.61,0.5,0
0.51,23.86,37.9,0.075,1.16,0.5,0
26.9,176.3,30.8,0.311,0.18,0.5,1
24.31,112.0,24.0,0.438,0.58,0.2,1
13.07,69.65,40.9,0.659,7.48,0.2,1
40.35,225.28,35.6,0.562,2.05,0.5,1
6.68,28.73,19.4,0.574,0.96,0.8,0
27.97,151.19,32.4,0.445,16.45,1.0,1
0.67,7.34,40.8,0.418,0.94,0.8,0
3.87,46.54,17.9,0.522,6.18,0.5,0
2.17,42.67,29.6,0.452,25.0,0.5,1
1.85,12.59,39.2,0.688,0.58,0.2,0
1.29,39.08,41.1,0.133,4.33,0.5,0
8.28,70.84,38.3,0.307,6.83,0.8,1
12.92,112.67,26.8,0.365,9.63,0.8,1
7.34,45.94,31.6,0.437,1.33,0.8,0
1.35,22.3,37.3,0.554,0.31,0.2,0
14.17,89.27,21.9,0.51,0.15,0.5,0
8.59,38.67,33.6,0.612,1.68,0.8,1
4.18,30.45,36.7,0.583,0.63,0.2,0
9.53,61.64,40.8,0.299,1.72,0.5,0
2.56,31.44,20.2,0.584,8.66,0.8,0
3.6,14.04,27.5,0.611,1.01,0.5,0
21.21,70.82,32.4,0.401,3.32,0.2,1
2.92,39.94,36.2,0.034,14.38,0.8,0
5.4,45.04,36.9,0.536,1.82,0.5,0
18.77,70.25,25.3,0.225,0.92,1.0,0
10.46,72.17,13.6,0.324,11.14,0.5,0
0.55,18.52,36.0,0.186,3.3,1.0,0
1.35,20.83,43.3,0.295,0.21,1.0,0
0.07,0.0,39.0,0.406,0.53,0.8,0
8.47,86.02,34.2,0.392,3.3,0.2,0
5.05,41.78,47.7,0.273,2.51,0.8,1
1.23,3.16,30.0,0.264,2.26,0.2,0
26.93,127.79,32.0,0.272,3.01,0.8,1
6.41,50.69,13.4,0.469,1.72,0.8,0
2.35,48.87,45.3,0.296,6.82,0.5,1
5.9,49.75,33.3,0.329,11.1,1.0,1
9.68,48.05,29.0,0.475,1.44,0.2,0
0.67,12.12,16.4,0.387,4.31,0.8,0
2.73,41.6,28.3,0.415,1.81,0.8,0
13.98,89.65,11.8,0.412,0.65,0.2,0
5.23,37.81,27.3,0.332,0.89,1.0,0
6.72,47.18,45.6,0.473,1.05,0.5,1
4.82,21.56,21.9,0.256,2.58,1.0,0
0.38,45.85,32.5,0.294,1.16,0.5,0
1.54,55.76,23.1,0.211,2.75,1.0,0
5.01,36.85,38.5,0.293,0.0,0.5,0
1.99,10.29,32.8,0.243,1.42,0.2,0
0.44,27.28,23.7,0.621,1.88,0.5,0
15.77,79.63,41.4,0.34,3.7,0.5,1
33.77,176.65,38.5,0.375,0.18,1.0,1
13.39,71.66,45.6,0.361,9.74,0.5,1
16.34,95.09,10.8,0.541,1.41,0.8,0
2.35,31.37,30.6,0.723,2.6,0.8,0
27.49,80.16,51.6,0.437,4.51,0.5,1
1.86,29.4,39.4,0.211,1.75,0.2,0
25.71,141.41,40.1,0.666,3.78,0.8,1
44.73,261.94,34.2,0.689,2.58,1.0,1
10.57,58.2,36.5,0.466,2.44,1.0,1
33.75,153.03,39.2,0.501,0.77,0.5,1
7.16,63.73,19.2,0.619,1.89,0.2,0
2.55,42.99,35.9,0.265,0.88,0.2,0
4.88,42.43,39.5,0.21,5.95,0.8,0
7.65,60.16,16.1,0.437,0.54,1.0,0
0.65,43.0,26.6,0.203,0.17,0.2,0
8.28,44.54,27.3,0.186,1.9,0.5,0
33.77,154.56,40.9,0.56,0.06,0.8,1
1.79,22.34,38.4,0.279,1.68,0.8,0
13.37,94.25,35.0,0.556,5.76,0.5,1
20.27,88.57,39.2,0.07,6.1,0.2,1
24.46,148.65,30.5,0.482,1.81,0.2,1
27.39,157.11,41.7,0.746,3.68,0.2,1
6.26,21.15,24.7,0.756,3.68,0.5,0
32.18,176.83,36.2,0.326,2.16,0.8,1
12.04,56.62,24.9,0.678,2.95,0.8,1
1.5,20.91,16.1,0.383,3.71,0.5,0
5.51,46.71,26.2,0.53,2.21,0.2,0
10.77,78.24,31.3,0.43,11.06,0.5,1
2.42,0.0,40.5,0.312,7.6,0.5,0
8.7,63.68,31.7,0.76,4.6,1.0,1
9.34,61.91,22.9,0.469,3.16,1.0,0
1.51,23.58,49.5,0.381,4.47,0.2,0
7.08,77.09,25.8,0.831,6.73,0.2,1
12.55,83.56,48.5,0.076,0.47,0.5,1
5.87,36.45,44.7,0.538,0.45,0.5,0
0.1,29.12,32.4,0.451,1.81,1.0,0
0.08,12.05,19.2,0.56,10.93,1.0,0
3.75,32.56,36.0,0.724,0.56,0.8,1
22.15,67.75,40.6,0.597,2.73,1.0,1
2.21,5.15,30.3,0.596,0.97,0.8,0
8.55,64.13,24.9,0.394,0.63,0.2,0
2.13,30.52,39.1,0.448,7.94,1.0,1
3.3,24.77,32.5,0.431,4.49,0.8,0
16.02,108.21,23.5,0.101,3.93,0.8,1
11.09,67.69,45.5,0.248,3.22,0.5,1
0.85,12.83,45.4,0.28,4.83,0.8,0
4.76,50.23,28.4,0.268,5.46,0.2,0
0.25,0.0,17.7,0.652,1.76,0.8,0
5.57,57.42,34.4,0.45,1.9,0.5,0
9.23,62.03,27.1,0.721,0.83,0.2,0
1.07,40.17,17.8,0.259,7.55,0.5,0
2.9,47.77,42.5,0.421,0.55,1.0,1
4.31,49.3,50.7,0.465,3.02,0.2,1
21.42,134.02,28.0,0.273,0.12,0.8,1
42.49,130.78,37.4,0.164,2.7,0.8,1
0.39,0.63,17.8,0.755,7.44,0.5,0
12.17,96.88,28.5,0.239,9.95,0.5,1
3.95,38.56,20.0,0.328,7.05,0.8,0
4.24,25.78,17.2,0.158,5.48,0.2,0
11.93,59.86,33.4,0.459,0.66,0.5,0
21.3,157.02,39.1,0.5,3.46,1.0,1
25.62,128.01,30.5,0.234,0.49,0.8,1
7.32,46.48,32.0,0.387,0.32,0.5,0
3.76,46.85,25.8,0.253,0.04,0.8,0
13.17,61.37,37.1,0.469,0.97,0.5,1
2.46,37.52,28.3,0.431,5.16,0.5,0
7.06,56.81,17.9,0.665,2.49,0.2,0
3.77,40.99,22.4,0.498,0.69,1.0,0
9.09,78.97,20.9,0.294,1.08,0.8,0
2.34,32.18,30.1,0.385,1.18,0.5,0
1.81,13.72,17.8,0.245,6.57,0.8,0
21.28,138.84,39.3,0.169,1.24,0.2,1
0.91,27.32,43.2,0.316,0.9,0.2,0
5.99,64.55,25.1,0.563,2.1,0.8,0
2.12,29.2,31.2,0.619,8.19,1.0,1
0.34,33.04,31.9,0.317,5.22,0.2,0
0.31,20.82,48.5,0.599,4.2,0.5,1
1.64,35.53,17.8,0.444,9.56,1.0,0
17.13,64.41,35.3,0.21,6.06,0.8,1
2.82,28.5,27.9,0.24,1.56,0.5,0
25.54,170.21,31.5,0.603,0.22,0.2,1
7.41,47.44,24.2,0.294,0.39,0.5,0
4.88,70.21,22.2,0.756,1.82,0.8,1
7.38,56.0,25.0,0.525,1.67,0.2,0
6.18,43.24,18.1,0.765,7.03,1.0,1
12.09,76.34,26.0,0.432,15.23,0.5,1
2.82,22.24,35.9,0.378,12.01,1.0,1
3.7,50.99,34.9,0.502,4.07,0.5,0
19.08,141.28,32.7,0.573,1.97,0.5,1
24.88,127.75,10.6,0.413,1.76,0.8,1
18.96,73.18,20.8,0.719,0.09,0.5,1
4.62,26.78,40.5,0.382,7.73,0.2,0
12.88,76.51,25.8,0.36,8.83,0.2,0
5.5,47.44,43.4,0.266,0.87,0.5,0
5.85,63.02,41.7,0.453,1.65,1.0,1
1.95,58.77,22.0,0.433,3.67,1.0,0
7.6,58.58,42.8,0.223,1.33,1.0,1
1.75,28.28,34.3,0.804,1.66,1.0,1
3.42,29.07,34.4,0.275,2.35,0.8,0
16.42,107.82,40.9,0.526,1.72,0.2,1
1.97,59.0,29.3,0.527,0.44,0.5,0
0.63,49.41,37.1,0.406,4.94,1.0,1
0.61,39.99,35.3,0.646,0.66,0.2,0
24.03,133.3,38.1,0.366,7.39,0.8,1
6.01,61.8,35.1,0.346,1.49,0.8,0
4.48,37.55,18.6,0.384,1.12,0.2,0
14.16,60.87,26.4,0.685,4.71,1.0,1
15.36,74.4,44.9,0.154,5.63,0.2,1
3.43,39.85,24.4,0.53,1.42,1.0,0
10.05,24.15,30.9,0.767,8.82,0.8,1
12.53,78.37,28.2,0.628,4.15,0.2,1
9.04,56.93,18.9,0.672,0.52,0.8,0
1.4,40.44,22.9,0.158,0.59,0.5,0
17.74,58.95,26.3,0.642,0.97,0.8,1
6.58,64.12,30.7,0.4,5.8,0.5,0
2.82,19.16,41.7,0.35,10.42,0.5,0
4.71,57.82,31.8,0.52,5.64,0.5,1
0.33,0.0,34.9,0.375,0.09,0.8,0
1.16,33.05,29.8,0.379,0.61,0.8,0
12.33,44.35,41.6,0.448,2.87,0.5,1
0.0,12.36,35.2,0.369,3.27,0.2,0
4.58,41.2,19.2,0.64,6.93,0.5,0
6.28,42.13,31.0,0.47,1.7,0.8,0
0.48,25.18,40.0,0.504,7.51,0.2,0
30.73,177.04,37.0,0.622,0.66,1.0,1
2.18,20.49,43.1,0.169,0.82,1.0,0
3.08,26.54,24.5,0.589,1.28,0.5,0
3.08,29.93,47.6,0.61,1.07,1.0,1
2.23,33.49,26.2,0.782,5.81,0.8,1
0.01,19.08,16.8,0.511,1.58,0.8,0
11.11,72.3,31.4,0.22,0.45,0.8,0
28.96,154.12,20.1,0.13,2.77,0.8,1
2.16,29.71,35.6,0.335,0.51,0.8,0
9.25,47.45,42.9,0.384,6.59,0.2,1
11.51,33.81,43.9,0.298,1.54,1.0,1
16.04,105.52,33.8,0.501,2.59,0.2,1
4.67,56.34,32.2,0.607,8.18,0.5,1
3.07,43.09,49.8,0.181,1.95,1.0,1
3.34,24.39,33.2,0.605,0.38,0.5,0
10.6,89.46,44.2,0.503,7.62,1.0,1
14.43,65.46,43.6,0.429,0.56,0.2,1
1.7,36.08,26.4,0.621,5.3,0.2,0
3.94,37.72,13.6,0.687,2.21,0.5,0
19.74,124.2,30.1,0.377,5.59,0.2,1
13.97,87.93,41.2,0.549,0.41,0.2,1
35.62,103.29,40.3,0.781,5.16,0.8,1
11.93,41.13,33.8,0.362,3.56,0.5,0
4.25,49.34,22.0,0.592,0.97,0.8,0
7.59,46.6,20.0,0.108,2.16,1.0,0
9.2,67.64,45.8,0.47,7.44,1.0,1
0.69,26.91,29.7,0.205,2.94,0.8,0
6.68,25.69,34.8,0.124,0.54,0.5,0
10.5,69.42,43.1,0.524,5.36,0.5,1
1.56,40.33,41.5,0.254,0.5,0.5,0
12.89,45.46,32.9,0.194,1.65,1.0,0
7.45,63.08,31.2,0.327,0.42,0.8,0
25.85,119.68,37.1,0.382,1.92,0.8,1
0.37,14.23,28.0,0.541,7.38,0.8,0
2.62,30.35,34.3,0.391,5.72,0.5,0
7.82,60.35,14.6,0.637,9.15,0.5,0
2.99,8.92,39.9,0.177,2.95,0.5,0
10.65,57.29,50.7,0.583,4.05,0.5,1
12.1,73.9,45.8,0.248,3.8,1.0,1
0.92,0.0,28.2,0.269,0.19,0.5,0
6.13,61.22,32.2,0.515,3.54,1.0,1
6.04,18.21,24.8,0.31,2.42,0.5,0
3.92,39.31,26.7,0.696,1.7,0.2,0
22.97,151.68,30.6,0.669,0.66,1.0,1
14.94,103.73,37.4,0.302,0.51,0.2,1
10.16,68.89,14.1,0.333,2.69,0.5,0
10.65,60.03,29.1,0.491,0.7,0.8,0
5.26,37.36,32.7,0.416,5.26,0.5,0
21.58,161.29,24.1,0.636,5.63,0.2,1
10.08,21.96,18.5,0.122,1.29,0.8,0
11.1,42.05,32.3,0.619,3.65,1.0,1
16.82,112.07,34.6,0.319,0.24,0.8,1
2.72,30.27,34.6,0.304,9.04,0.8,0
13.99,79.33,28.2,0.613,3.74,0.5,1
1.85,34.23,24.8,0.113,1.67,0.5,0
3.6,29.03,24.3,0.57,3.05,0.5,0
3.48,24.94,16.1,0.61,1.63,0.8,0
32.65,167.25,23.1,0.482,0.32,0.5,1
16.5,119.35,39.7,0.375,1.16,1.0,1
10.27,57.52,11.7,0.417,0.04,0.2,0
11.04,66.99,16.4,0.439,5.63,1.0,0
7.02,61.03,20.8,0.616,12.92,0.5,1
24.98,169.07,29.7,0.371,1.39,0.2,1
5.83,45.54,27.6,0.607,4.8,0.2,0
4.07,30.55,22.8,0.355,2.82,0.8,0
1.51,51.79,20.1,0.353,0.08,0.5,0
13.11,87.54,44.8,0.441,13.94,0.2,1
11.27,95.37,43.4,0.558,12.48,0.5,1
4.12,34.77,38.2,0.574,8.38,0.2,0
0.22,17.4,25.3,0.278,1.44,0.5,0
15.52,91.4,27.3,0.731,0.55,0.2,1
0.1,24.82,35.2,0.363,1.44,0.5,0
10.34,60.82,26.4,0.473,5.07,0.5,0
29.88,145.01,32.1,0.576,2.47,0.5,1
4.89,46.14,34.9,0.17,9.46,0.5,0
2.28,19.76,31.9,0.437,0.07,0.5,0
10.37,39.58,29.5,0.52,12.38,1.0,1
14.44,72.58,27.9,0.288,12.05,0.5,1
6.72,53.47,38.3,0.538,5.83,0.5,1
29.0,93.22,37.2,0.552,2.69,0.5,1
0.45,18.05,36.0,0.283,1.69,0.8,0
5.97,58.61,28.6,0.642,11.83,1.0,1
10.77,57.97,38.3,0.405,4.44,0.2,0
16.87,107.02,46.0,0.579,5.49,1.0,1
1.68,19.79,35.8,0.216,6.28,0.2,0
13.68,48.6,29.4,0.421,7.48,0.8,1
6.84,85.06,38.9,0.477,2.65,1.0,1
4.29,11.11,33.9,0.764,11.91,0.8,1
1.2,38.65,41.9,0.082,1.33,0.5,0
17.04,70.5,36.5,0.536,5.94,0.2,1
1.45,18.12,38.1,0.396,0.52,0.8,0
3.15,15.11,35.3,0.264,1.75,0.2,0
2.91,42.21,19.2,0.317,2.23,0.5,0
17.43,112.11,31.2,0.502,3.07,0.8,1
9.49,63.77,17.2,0.609,0.3,0.8,0
13.54,102.52,30.3,0.199,1.91,0.5,1
2.45,28.83,36.6,0.356,1.42,0.5,0
8.33,24.34,29.7,0.32,2.36,0.2,0
7.21,32.93,11.2,0.183,4.97,0.5,0
15.2,124.47,28.5,0.729,0.62,0.5,1
20.11,86.48,17.9,0.503,4.36,1.0,1
0.1,4.17,38.4,0.381,1.68,0.5,0
9.53,50.98,38.5,0.377,1.39,0.8,1
0.45,11.11,39.2,0.36,1.96,0.5,0
6.77,58.82,15.3,0.516,7.36,0.5,0
2.88,12.49,15.5,0.706,0.26,0.2,0
3.11,25.16,43.0,0.35,3.25,0.5,0
3.7,30.5,20.7,0.792,5.04,0.5,0
8.25,73.25,35.4,0.266,3.72,0.5,0
3.46,48.06,38.9,0.464,2.91,0.5,0
11.21,47.32,30.3,0.448,3.7,0.5,0
4.41,63.94,32.5,0.468,1.66,0.2,0
0.6,19.83,24.5,0.45,2.1,0.5,0
13.02,83.48,44.0,0.568,1.87,1.0,1
2.86,56.57,26.7,0.397,3.3,0.5,0
4.82,50.29,24.2,0.708,8.21,0.5,1
9.83,56.76,32.0,0.429,2.43,0.2,0
3.44,33.31,23.3,0.534,1.97,0.5,0
0.5,13.33,35.8,0.354,4.3,0.8,0
3.98,33.89,31.8,0.401,0.84,0.5,0
24.57,131.62,21.7,0.36,8.47,0.8,1
8.73,31.48,17.9,0.17,5.37,0.5,0
9.46,64.43,21.2,0.254,1.64,0.2,0
8.5,40.57,21.2,0.191,0.89,0.5,0
1.89,22.02,27.0,0.404,3.88,0.2,0
4.61,55.7,40.2,0.223,12.16,0.2,1
11.82,74.22,17.3,0.555,7.89,0.8,1
0.91,20.98,20.9,0.416,0.31,0.5,0
2.77,19.0,26.7,0.474,1.24,1.0,0
2.75,36.75,32.6,0.517,4.42,0.8,0
4.81,62.99,37.9,0.72,2.97,0.5,1
33.41,151.56,43.9,0.418,0.82,0.5,1
0.59,51.78,29.5,0.3,7.64,1.0,0
6.22,70.26,19.9,0.151,12.82,0.8,0
1.68,46.82,24.0,0.566,1.87,1.0,0
30.0,172.52,26.3,0.27,3.42,0.5,1
1.02,43.49,38.6,0.456,1.66,0.2,0
4.39,25.47,35.8,0.461,0.88,0.8,0
11.38,44.34,23.9,0.652,8.68,1.0,1
10.36,82.05,40.4,0.612,2.08,0.8,1
4.67,37.83,41.1,0.41,0.11,0.5,0
3.62,37.85,42.1,0.799,1.48,0.2,1
4.31,1.02,25.9,0.488,1.92,0.8,0
2.61,23.51,21.1,0.359,0.71,0.5,0
1.95,7.66,19.8,0.202,5.05,0.5,0
5.61,48.9,29.2,0.737,0.74,0.8,1
2.66,32.18,29.9,0.232,7.67,0.5,0
2.88,17.99,41.5,0.298,3.55,0.5,0
9.09,97.47,25.7,0.085,5.97,0.2,0
29.4,204.9,34.3,0.678,4.34,0.8,1
7.87,66.37,38.7,0.311,5.47,0.2,0
0.68,55.76,25.8,0.254,2.05,0.2,0
0.67,35.06,25.7,0.219,3.42,0.2,0
25.71,114.36,35.3,0.393,1.83,0.8,1
3.0,15.95,36.8,0.33,4.84,1.0,0
0.82,36.58,46.2,0.187,1.41,0.2,0
7.77,25.11,40.8,0.343,1.55,0.2,0
8.31,66.37,39.8,0.336,6.68,0.5,1
8.89,12.96,35.9,0.243,0.75,0.5,0
2.64,30.05,20.5,0.328,1.93,0.8,0
0.13,33.3,39.3,0.204,3.24,0.2,0
28.5,176.11,44.6,0.338,0.54,0.5,1
2.46,42.52,29.0,0.323,3.61,0.5,0
9.58,103.0,27.0,0.522,1.78,0.2,1
10.42,45.91,32.0,0.398,0.92,0.5,0
8.0,108.48,46.0,0.463,0.22,1.0,1
3.19,37.43,16.9,0.51,3.15,0.2,0
2.69,47.15,36.4,0.291,13.5,1.0,1
7.74,40.14,39.5,0.282,5.64,0.8,1
17.09,133.79,38.7,0.473,1.92,0.5,1
24.93,112.47,32.9,0.562,0.8,0.2,1
0.95,44.61,43.8,0.08,5.28,0.5,0
1.43,26.37,21.1,0.388,7.57,0.5,0
24.61,136.24,25.1,0.273,1.61,0.2,1
11.34,85.21,26.8,0.51,0.24,0.2,0
18.24,73.15,12.8,0.361,3.67,0.2,0
1.92,23.62,28.5,0.149,0.37,0.8,0
7.53,45.11,22.2,0.069,0.72,0.8,0
10.27,111.53,36.8,0.499,0.02,0.8,1
9.69,75.68,29.6,0.794,1.15,0.8,1
4.46,43.48,36.2,0.69,5.45,0.5,1
0.13,19.6,26.5,0.286,6.53,0.2,0
7.43,43.54,21.0,0.664,11.25,0.2,0
2.48,35.12,21.0,0.618,6.58,0.5,0
5.09,45.73,23.7,0.363,0.9,0.5,0
26.86,107.58,20.3,0.681,2.82,1.0,1
4.33,22.38,24.3,0.204,3.36,0.5,0
15.57,83.04,33.2,0.302,0.52,0.5,1
1.78,27.86,25.4,0.344,2.17,0.5,0
9.49,47.04,27.8,0.519,1.38,0.8,0
32.07,130.08,17.0,0.249,5.31,0.2,1
0.91,28.46,42.5,0.375,0.32,0.5,0
0.07,28.37,21.3,0.497,1.23,1.0,0
4.83,38.36,27.9,0.598,0.42,1.0,0
0.83,15.82,28.7,0.7,2.36,0.8,0
11.73,80.06,38.2,0.318,0.8,0.5,1
20.91,74.37,31.1,0.355,0.42,0.5,1
4.84,20.5,28.8,0.253,4.08,0.2,0
2.54,49.79,36.0,0.65,7.09,0.5,1
4.84,50.22,33.6,0.413,0.86,1.0,0
10.93,57.89,18.5,0.654,0.5,0.5,0
0.08,0.0,27.0,0.248,4.1,0.5,0
7.57,29.77,47.8,0.594,0.17,0.5,1
8.08,97.64,31.1,0.428,1.03,0.5,1
8.63,26.37,29.8,0.29,1.38,0.2,0
2.36,22.19,21.8,0.189,9.58,0.8,0
10.64,62.52,40.4,0.38,1.64,0.2,0
0.81,27.87,21.1,0.251,2.89,1.0,0
1.89,5.83,19.9,0.323,5.63,0.5,0
17.84,116.99,30.1,0.525,7.09,0.5,1
11.41,56.87,30.1,0.263,0.38,0.5,0
0.12,21.92,48.1,0.491,5.33,1.0,1
2.43,19.93,20.9,0.54,5.33,1.0,0
2.05,13.2,31.1,0.372,8.0,1.0,0
2.68,39.68,23.6,0.35,5.51,0.2,0
2.42,27.94,36.2,0.231,0.53,0.2,0
0.55,28.6,29.0,0.239,1.36,0.2,0
5.22,54.06,34.8,0.512,2.09,0.2,0
11.22,88.25,27.7,0.507,0.46,0.2,0
7.93,27.22,32.9,0.651,0.49,0.2,0
9.5,75.47,30.8,0.301,5.9,0.5,1
0.72,22.51,28.6,0.288,0.71,0.5,0
25.72,118.13,32.3,0.371,8.95,0.5,1
15.5,84.87,28.8,0.408,0.91,0.5,1
13.9,86.32,39.2,0.313,2.56,1.0,1
14.72,50.62,31.4,0.392,0.9,0.8,0
22.94,143.23,43.0,0.619,10.76,1.0,1
6.68,69.98,24.3,0.298,2.97,0.8,0
1.9,44.36,20.2,0.478,3.12,0.8,0
8.15,74.93,28.8,0.59,7.79,0.8,1
11.54,56.41,23.0,0.759,0.62,0.2,0
11.38,93.82,29.1,0.517,0.35,1.0,1
6.26,34.03,23.8,0.194,13.96,0.2,0
0.6,18.07,41.5,0.365,9.53,0.8,0
3.94,60.06,32.9,0.344,1.11,0.2,0
21.55,130.45,31.4,0.513,3.41,0.2,1
7.46,55.81,38.6,0.595,4.49,0.2,1
6.57,64.2,21.0,0.66,9.93,0.2,0
2.66,49.56,41.0,0.192,0.9,0.5,0
3.91,19.26,31.1,0.387,5.9,0.2,0
19.19,126.91,21.2,0.184,0.75,0.5,1
9.33,64.69,39.7,0.434,3.11,0.8,1
13.16,101.1,30.6,0.19,0.85,0.8,1
5.15,22.85,33.8,0.725,1.34,0.8,0
8.46,65.77,42.5,0.788,2.88,1.0,1
2.43,32.88,42.4,0.148,1.46,1.0,0
10.39,33.28,42.5,0.206,22.28,0.5,1
4.74,30.47,29.6,0.289,3.93,0.5,0
4.97,20.2,37.5,0.344,6.88,0.5,0
8.91,39.86,24.7,0.512,0.83,0.8,0
23.4,114.76,40.1,0.327,0.53,0.2,1
0.56,26.17,27.8,0.107,1.25,0.8,0
14.8,89.52,30.7,0.147,6.4,0.2,0
2.94,13.59,42.4,0.113,0.84,1.0,0
4.99,60.86,39.2,0.372,1.07,0.2,0
0.19,20.84,45.7,0.499,5.16,0.8,1
3.04,36.89,28.3,0.352,6.13,0.5,0
5.94,64.44,21.8,0.402,3.01,0.8,0
0.49,6.72,43.3,0.251,0.59,0.5,0
5.74,55.39,31.3,0.317,6.84,0.2,0
22.26,122.97,42.4,0.312,3.32,1.0,1
0.95,17.13,37.0,0.693,10.23,0.5,1
12.29,74.7,41.7,0.595,0.88,0.5,1
4.48,39.33,35.0,0.234,0.6,0.8,0
9.05,56.18,39.4,0.128,0.97,0.5,0
2.56,26.84,20.5,0.209,0.8,0.2,0
1.48,35.24,46.8,0.128,6.22,0.8,0
1.49,40.52,22.9,0.405,0.38,1.0,0
0.62,24.0,14.8,0.552,6.35,1.0,0
1.75,46.59,32.1,0.385,3.94,1.0,0
9.28,67.78,36.4,0.486,9.45,0.8,1
18.14,87.53,36.6,0.588,2.39,0.2,1
14.3,76.89,27.7,0.596,1.2,0.2,0
9.82,86.73,37.6,0.225,8.83,0.2,1
0.99,20.55,40.5,0.173,0.03,0.5,0
2.9,36.07,33.9,0.083,9.51,0.5,0
3.15,52.7,28.9,0.264,3.72,0.5,0
2.44,28.18,34.0,0.464,0.67,0.2,0
6.15,53.36,41.2,0.652,1.32,0.2,1
6.52,44.95,42.9,0.344,3.39,0.2,0
3.75,41.04,15.4,0.556,0.39,0.2,0
3.71,47.18,20.6,0.523,0.22,0.8,0
14.99,87.47,12.0,0.356,2.78,0.2,0
13.24,69.94,31.3,0.46,0.13,0.8,1
3.13,73.2,30.1,0.268,5.6,0.2,0
20.83,134.98,32.5,0.369,4.54,0.5,1
25.96,115.42,35.7,0.201,9.97,0.5,1
3.36,39.73,28.4,0.287,6.64,0.8,0
3.72,39.53,23.9,0.117,0.25,0.2,0
5.99,32.81,29.1,0.273,0.86,0.5,0
24.07,158.99,12.9,0.67,0.85,0.5,1
17.77,60.23,40.0,0.587,2.22,0.5,1
0.92,46.05,28.8,0.463,3.01,0.5,0
4.24,51.88,34.2,0.778,2.36,0.2,0
6.85,36.52,27.3,0.202,0.98,0.8,0
5.95,53.35,34.0,0.38,9.37,0.8,1
1.83,43.41,32.4,0.332,0.14,0.2,0
16.64,105.67,23.9,0.25,0.12,1.0,1
9.6,80.25,34.3,0.237,5.41,0.8,1
15.47,111.83,20.1,0.374,1.27,0.2,0
16.64,120.68,31.1,0.243,5.17,0.2,1
11.73,52.73,36.7,0.466,1.35,0.2,0
4.92,37.2,32.5,0.772,3.17,0.2,0
8.02,59.65,37.4,0.754,7.62,0.2,1
1.49,11.8,25.9,0.683,0.79,0.8,0
9.52,92.91,16.7,0.061,4.8,0.5,0
1.68,14.69,17.2,0.263,6.34,0.2,0
10.06,70.75,25.8,0.168,13.84,1.0,1
2.22,21.65,29.4,0.564,0.8,0.2,0
1.06,36.61,32.3,0.455,2.64,0.8,0
1.54,12.85,37.7,0.396,1.32,0.5,0
0.02,0.0,40.4,0.479,2.17,0.5,0
10.78,87.79,36.0,0.391,0.26,0.5,1
11.21,76.69,30.7,0.595,8.52,0.5,1
6.15,37.23,25.6,0.1,1.47,1.0,0
1.5,17.33,29.9,0.639,17.11,0.8,1
0.74,49.86,25.9,0.229,2.21,0.5,0
0.16,11.05,34.2,0.394,1.66,1.0,0
1.54,22.34,39.6,0.429,2.66,1.0,0
18.83,116.11,31.9,0.483,0.57,0.8,1
2.35,12.38,16.5,0.113,7.12,0.5,0
3.72,23.1,44.9,0.304,6.27,0.2,0
0.95,3.04,26.5,0.1,6.59,1.0,0
2.14,44.75,43.5,0.137,2.04,0.8,0
6.23,44.23,39.5,0.288,1.69,1.0,0
7.95,90.15,29.5,0.402,12.12,0.2,1
2.39,21.06,17.2,0.466,3.19,1.0,0
0.51,9.99,45.4,0.403,8.35,1.0,1
4.22,65.73,35.1,0.106,1.14,0.5,0
2.27,45.12,25.2,0.591,2.99,0.2,0
2.11,33.9,32.2,0.421,4.26,0.8,0
27.33,94.56,34.5,0.507,0.39,0.8,1
8.14,77.14,24.5,0.368,8.18,0.5,1
6.92,38.9,19.3,0.557,2.21,0.5,0
4.57,40.49,25.7,0.206,6.05,0.2,0
4.76,58.62,16.6,0.564,6.09,0.5,0
6.62,39.17,18.0,0.514,4.35,0.5,0
10.13,40.36,22.0,0.229,1.82,0.2,0
10.29,66.05,22.1,0.288,3.13,0.2,0
1.6,15.27,25.1,0.749,6.24,0.8,0
5.89,0.0,44.8,0.437,0.41,0.8,0
4.51,33.08,33.1,0.719,6.47,0.8,1
17.38,72.27,29.8,0.426,1.28,0.2,0
8.48,24.36,32.9,0.768,1.8,0.2,0
6.46,46.52,12.3,0.8,1.27,0.2,0
1.04,13.06,42.6,0.757,15.32,1.0,1
7.91,50.76,32.2,0.641,4.74,0.5,1
1.06,4.3,30.4,0.353,23.7,1.0,1
3.5,47.02,45.0,0.274,0.38,0.8,0
1.31,6.98,37.0,0.171,13.13,0.2,0
10.01,13.83,27.7,0.142,0.98,0.5,0
1.96,45.62,44.7,0.153,0.07,0.8,0
4.23,23.91,40.9,0.411,0.93,0.2,0
19.21,105.11,45.8,0.462,0.77,0.8,1
1.94,36.77,19.4,0.294,5.23,0.5,0
6.03,48.71,45.9,0.306,4.23,0.2,0
4.62,47.98,32.4,0.143,1.67,0.5,0
0.16,22.36,35.4,0.148,0.78,0.8,0
13.38,66.91,24.0,0.784,1.69,0.8,1
0.61,40.94,21.4,0.305,12.81,0.2,0
5.46,43.44,18.6,0.223,1.36,0.5,0
6.99,48.95,29.8,0.296,4.42,0.5,0
8.42,71.15,24.3,0.177,1.55,0.8,0
9.92,41.4,18.7,0.436,6.23,0.5,0
2.48,53.58,45.9,0.368,3.26,0.5,1
0.09,40.61,37.0,0.482,4.17,0.8,0
10.93,94.47,31.9,0.273,0.15,1.0,1
6.52,67.58,37.3,0.431,5.06,0.5,1
15.37,76.83,33.9,0.249,1.19,1.0,1
14.64,64.31,22.8,0.778,3.92,0.5,1
15.76,78.81,34.5,0.889,2.06,0.2,1
5.64,79.97,35.6,0.462,1.47,0.5,1
3.45,26.99,24.8,0.347,1.64,0.5,0
13.33,92.18,27.2,0.39,0.47,0.8,1
5.1,45.41,28.8,0.116,0.54,0.8,0
1.72,6.8,33.7,0.657,0.48,0.2,0
16.41,58.43,20.8,0.475,4.26,0.5,0
18.21,97.75,37.3,0.868,1.25,0.2,1
5.34,33.39,27.9,0.194,12.22,1.0,0
0.67,22.08,35.9,0.255,6.53,0.2,0
4.17,59.17,44.5,0.608,1.61,0.5,1
13.83,100.7,41.5,0.468,2.76,0.8,1
19.72,96.41,37.2,0.61,5.84,0.2,1
1.93,37.58,23.4,0.125,0.6,0.8,0
0.59,17.43,37.0,0.566,0.77,0.8,0
17.84,68.87,34.5,0.373,1.81,0.5,1
4.19,45.12,38.2,0.218,2.81,0.2,0
6.63,44.91,41.5,0.723,0.52,0.5,1
29.27,112.34,27.0,0.479,2.39,0.2,1
0.59,19.97,34.7,0.484,0.83,0.2,0
8.88,60.18,25.9,0.618,8.03,0.5,1
0.65,18.94,27.9,0.183,10.4,1.0,0
4.0,25.04,31.9,0.308,5.06,0.5,0
13.84,108.3,30.0,0.213,0.56,0.8,1
4.83,61.57,33.7,0.198,4.42,1.0,0
49.91,280.0,37.8,0.4,2.95,0.5,1
6.96,60.0,33.8,0.687,7.2,0.5,1
3.29,2.47,47.0,0.301,1.83,0.2,0
2.11,42.42,37.2,0.963,14.98,0.2,1
3.67,24.27,48.5,0.465,6.14,0.5,1
3.96,45.2,37.3,0.591,0.86,0.2,0
0.61,0.0,31.7,0.195,4.21,0.2,0
3.92,16.16,29.5,0.176,2.78,0.2,0
5.3,54.77,37.1,0.556,5.05,0.2,0
10.9,62.35,35.8,0.253,1.79,0.2,0
9.09,53.4,35.3,0.414,0.05,0.5,0
10.49,96.95,36.7,0.627,1.86,0.8,1
0.07,53.54,41.6,0.396,4.08,0.5,0
2.09,44.25,24.5,0.333,0.55,0.8,0
9.21,40.83,32.9,0.372,10.6,0.8,1
5.62,79.87,33.7,0.502,1.56,0.5,1
0.05,0.0,26.4,0.203,3.39,1.0,0
13.87,59.96,48.8,0.323,0.45,1.0,1
12.6,65.22,38.6,0.159,0.1,0.5,0
6.76,82.16,27.2,0.481,2.82,0.8,1
0.58,37.04,28.2,0.559,2.43,0.5,0
12.36,51.69,36.6,0.654,23.21,0.8,1
7.45,26.6,13.3,0.334,6.61,1.0,0
12.95,107.34,30.7,0.678,4.61,0.5,1
11.84,79.55,27.8,0.535,3.89,0.5,1
13.81,71.13,40.9,0.453,11.02,0.5,1
6.2,23.15,38.8,0.27,8.5,0.5,0
1.29,34.72,27.5,0.254,0.4,0.2,0
9.45,61.88,41.3,0.528,1.44,0.5,1
8.24,47.25,43.5,0.55,0.92,0.8,1
11.52,68.62,32.6,0.26,4.21,0.5,0
1.58,32.49,22.1,0.749,7.31,0.5,0
1.84,37.05,38.1,0.301,11.25,0.5,0
18.79,80.12,27.2,0.383,20.73,0.5,1
11.78,56.8,32.1,0.176,7.54,0.2,0
20.3,76.37,16.5,0.59,1.58,1.0,1
12.09,79.95,31.5,0.196,0.86,1.0,1
7.73,46.32,28.7,0.482,1.21,0.5,0
9.02,90.27,35.8,0.718,4.55,0.8,1
18.69,106.94,16.1,0.243,3.96,0.5,0
7.35,37.9,34.3,0.634,6.96,0.5,1
8.51,62.76,38.2,0.426,1.18,0.5,0
1.45,42.7,13.4,0.21,3.16,0.2,0
5.46,42.36,37.5,0.493,9.01,0.2,1
10.71,75.42,21.0,0.513,0.28,0.5,0
2.69,41.35,36.1,0.121,1.7,0.2,0
1.92,17.15,30.5,0.364,0.32,0.5,0
3.2,29.79,32.6,0.124,5.28,1.0,0
2.35,40.83,27.7,0.128,0.21,0.2,0
2.06,24.12,25.1,0.636,11.09,0.8,1
4.7,56.63,18.1,0.228,6.84,0.5,0
20.27,160.47,41.3,0.32,0.22,0.2,1
6.01,69.43,33.9,0.158,6.48,0.2,0
1.77,54.39,48.2,0.562,0.44,1.0,1
0.68,21.1,40.8,0.182,4.59,0.5,0
10.13,68.24,41.5,0.495,4.52,0.2,1
4.1,45.42,33.6,0.563,12.63,0.5,1
14.66,83.99,18.6,0.172,2.32,0.2,0
9.16,76.22,43.5,0.546,5.29,1.0,1
13.52,41.51,20.4,0.18,3.17,0.5,0
2.7,31.55,31.9,0.551,14.95,0.8,1
10.02,26.28,41.0,0.511,2.65,1.0,1
2.61,17.31,30.9,0.537,10.75,1.0,1
23.78,147.77,22.4,0.404,1.99,1.0,1
8.6,48.33,28.6,0.394,0.79,0.2,0
3.33,45.96,48.9,0.443,1.8,0.5,1
2.67,23.85,51.6,0.192,2.25,0.8,0
1.8,41.72,36.4,0.538,4.06,0.2,0
10.08,66.39,42.3,0.566,3.65,0.5,1
2.1,0.0,16.4,0.366,0.78,1.0,0
7.69,60.67,26.0,0.427,0.51,0.2,0
2.61,1.61,28.5,0.369,2.78,0.5,0
9.22,48.77,13.3,0.376,0.23,0.2,0
14.34,51.25,28.7,0.22,3.64,0.8,0
12.79,58.65,19.3,0.48,3.61,0.5,0
12.16,73.46,31.9,0.169,0.85,0.8,0
1.77,13.57,12.0,0.506,11.01,1.0,0
0.79,3.04,25.8,0.25,3.24,0.2,0
10.2,76.79,41.4,0.325,25.0,1.0,1
3.91,22.22,24.0,0.825,0.17,1.0,0
4.81,8.51,17.7,0.334,5.38,1.0,0
0.27,15.96,25.2,0.401,1.13,1.0,0
2.55,12.37,40.0,0.188,2.78,0.5,0
0.29,7.56,33.4,0.688,0.42,0.8,0
17.96,120.63,33.4,0.145,0.62,0.8,1
2.37,21.69,10.7,0.551,1.46,0.2,0
6.93,24.06,30.9,0.558,5.74,1.0,1
0.34,27.71,25.7,0.728,6.61,0.5,0
9.34,70.9,27.6,0.562,0.75,0.5,0
3.32,43.22,33.6,0.494,0.53,0.5,0
19.4,56.02,41.7,0.319,11.17,0.8,1
18.62,51.17,23.0,0.167,4.86,0.5,0
3.34,30.21,38.0,0.143,0.57,0.5,0
19.65,85.45,16.7,0.384,0.32,0.5,0
47.27,242.43,27.4,0.355,1.85,1.0,1
14.84,47.46,24.2,0.108,0.45,1.0,0
15.84,69.6,43.6,0.52,4.71,0.5,1
2.43,57.22,22.8,0.19,0.76,0.5,0
7.31,44.09,33.2,0.502,2.58,0.2,0
0.59,31.47,22.3,0.332,1.73,0.5,0
0.85,22.41,30.9,0.139,3.7,0.5,0
57.85,280.0,29.5,0.255,9.92,0.5,1
3.36,32.92,16.2,0.484,2.07,0.2,0
11.72,66.59,39.9,0.6,2.47,0.8,1
13.97,37.04,38.4,0.168,7.62,0.5,0
16.59,75.68,26.0,0.108,3.8,1.0,0
51.38,206.36,34.0,0.659,0.21,0.5,1
2.35,46.25,28.3,0.228,0.11,0.8,0
0.35,32.28,38.1,0.466,10.22,0.5,1
4.5,25.56,35.9,0.369,0.86,1.0,0
1.18,41.2,19.1,0.491,9.22,1.0,0
0.19,32.01,40.6,0.268,2.17,1.0,0
3.8,52.35,22.9,0.595,2.33,1.0,0
13.02,111.27,22.7,0.193,18.5,0.2,1
7.1,87.98,37.0,0.215,2.75,0.5,0
3.19,45.67,23.0,0.308,13.77,0.2,0
9.03,67.3,20.6,0.359,3.86,0.8,0
2.24,42.54,27.6,0.205,5.6,0.8,0
0.12,11.83,40.4,0.316,0.26,1.0,0
12.29,48.85,22.8,0.393,0.06,0.8,0
8.31,62.92,27.7,0.673,4.84,0.2,0
12.21,64.57,26.3,0.323,2.68,0.2,0
0.34,30.66,28.1,0.332,6.09,0.2,0
15.43,97.9,36.5,0.22,0.75,0.2,0
8.21,47.0,29.4,0.191,6.44,0.5,0
7.04,41.67,37.8,0.265,4.15,0.5,0
8.33,70.49,34.6,0.142,1.11,1.0,0
16.99,66.25,28.3,0.602,9.17,0.8,1
7.52,59.01,30.0,0.543,13.28,0.2,1
7.39,68.07,36.2,0.584,2.34,0.5,1
39.74,162.98,32.2,0.618,2.28,0.2,1
12.02,48.76,41.5,0.333,3.22,0.5,1
4.96,45.92,44.5,0.524,4.78,0.5,1
10.45,61.7,36.6,0.9,4.59,0.5,1
4.19,26.59,49.0,0.416,2.89,0.2,0
2.21,15.82,33.6,0.383,9.53,0.8,0
7.72,72.68,16.1,0.683,0.68,0.5,0
22.39,143.29,31.6,0.388,0.84,1.0,1
22.5,84.6,24.6,0.426,4.86,0.5,1
3.56,50.73,27.6,0.318,5.14,0.2,0
6.38,51.68,31.3,0.361,1.9,0.5,0
2.02,23.33,26.5,0.097,1.35,0.5,0
46.18,194.45,26.9,0.317,0.18,0.5,1
33.74,190.61,29.3,0.545,1.86,0.2,1
8.91,40.85,26.3,0.362,1.08,0.8,0
13.87,59.66,22.5,0.254,6.83,0.5,0
10.67,69.52,38.0,0.199,2.56,0.2,0
7.64,35.63,29.1,0.566,3.16,1.0,0
0.47,20.47,40.1,0.37,5.16,0.2,0
5.16,60.03,42.1,0.343,1.35,0.2,0
9.55,64.07,37.5,0.82,8.33,0.2,1
9.62,48.98,29.1,0.442,1.91,0.2,0
3.97,61.0,36.7,0.577,0.43,0.2,0
24.16,85.69,22.0,0.439,7.4,0.2,1
1.56,55.62,35.1,0.386,9.73,0.8,1
5.9,55.54,29.4,0.287,0.93,0.8,0
9.98,71.9,35.0,0.444,4.02,0.2,1
10.15,49.04,37.6,0.447,4.43,0.2,0
8.89,44.6,32.8,0.417,1.07,0.8,0
2.74,39.46,34.7,0.646,2.12,0.5,0
1.44,37.43,24.0,0.745,1.93,0.2,0
8.59,65.57,33.5,0.295,3.76,0.8,1
7.77,34.31,30.6,0.638,2.55,0.8,0
1.68,15.75,29.9,0.409,4.28,0.8,0
10.38,77.82,29.5,0.574,0.36,0.2,0
5.16,45.46,26.9,0.382,1.3,0.8,0
9.37,76.21,26.8,0.072,0.21,0.5,0
15.44,118.37,36.1,0.409,3.06,0.2,1
1.58,25.34,32.7,0.616,2.07,0.5,0
0.16,20.54,15.3,0.229,13.1,0.5,0
12.84,93.25,16.7,0.433,1.38,1.0,1
8.0,80.11,33.0,0.201,1.23,0.5,0
10.22,33.87,40.6,0.311,1.66,0.8,0
15.48,55.85,16.4,0.389,2.49,0.2,0
13.8,64.64,31.6,0.33,3.6,0.5,0
27.56,193.96,40.8,0.345,1.69,0.8,1
6.53,36.32,12.0,0.476,4.21,0.5,0
5.7,34.5,26.0,0.84,4.83,0.5,0
4.37,50.58,43.8,0.456,5.14,0.5,1
1.42,42.07,18.7,0.219,7.09,0.5,0
7.23,53.28,33.8,0.284,0.63,0.2,0
2.76,47.87,31.7,0.524,5.22,0.2,0
21.61,88.79,21.8,0.437,1.33,0.8,1
7.44,37.22,16.3,0.317,4.93,0.2,0
7.64,82.19,31.5,0.472,0.11,0.2,0
3.73,39.5,37.1,0.362,0.91,1.0,0
0.45,2.53,22.8,0.486,2.5,0.5,0
0.27,1.22,35.9,0.462,3.41,0.5,0
4.68,28.44,32.5,0.648,11.15,0.8,1
0.75,23.52,28.2,0.688,1.08,0.8,0
7.94,59.85,35.2,0.19,2.84,0.2,0
18.09,111.59,23.3,0.315,2.58,0.2,1
18.23,120.33,30.5,0.577,4.48,0.5,1
9.15,52.48,32.5,0.055,1.06,0.5,0
2.02,49.43,30.6,0.336,10.02,0.2,0
16.9,144.93,29.2,0.183,19.95,0.2,1
18.47,110.59,37.2,0.345,8.2,0.8,1
1.86,38.08,35.0,0.457,4.64,0.5,0
11.37,64.99,34.6,0.218,4.25,0.8,1
2.87,31.94,42.5,0.485,5.27,0.8,1
13.79,107.2,49.7,0.455,3.11,0.5,1
50.08,280.0,32.9,0.493,1.02,0.8,1
0.26,14.42,27.9,0.189,8.38,0.8,0
19.35,92.4,38.4,0.508,4.06,0.2,1
8.28,61.93,21.5,0.4,0.31,0.2,0
30.82,106.89,31.8,0.335,2.61,0.2,1
5.32,79.32,32.0,0.576,2.26,0.2,0
15.98,66.91,48.3,0.386,0.38,0.8,1
0.55,25.44,49.3,0.25,1.73,0.8,0
3.47,31.46,39.0,0.436,0.89,0.8,0
0.59,20.83,30.9,0.209,0.17,0.5,0
31.47,144.96,32.5,0.138,0.08,0.5,1
14.43,48.72,27.2,0.287,1.24,0.8,0
16.27,88.01,40.0,0.827,0.37,0.8,1
23.63,66.67,37.4,0.054,7.02,0.8,1
0.76,4.91,38.1,0.543,14.13,0.5,1
4.14,62.37,21.3,0.47,2.37,0.5,0
0.63,3.46,29.2,0.181,3.39,0.2,0
2.01,1.55,32.3,0.411,11.35,0.5,0
2.21,12.09,20.7,0.35,5.27,0.5,0
5.38,72.93,28.5,0.447,2.7,1.0,1
2.66,5.69,19.0,0.436,2.11,1.0,0
0.9,10.92,46.1,0.422,5.22,0.2,0
1.56,3.15,37.5,0.378,1.48,1.0,0
1.35,23.96,34.2,0.197,5.27,0.5,0
30.73,179.63,23.8,0.397,0.28,0.8,1
12.11,68.01,27.6,0.144,2.75,0.2,0
29.19,188.51,21.6,0.575,0.76,1.0,1
4.92,25.51,32.3,0.857,5.04,0.2,0
2.77,25.97,39.7,0.304,13.29,0.8,1
13.61,69.48,14.2,0.331,4.05,0.8,0
3.36,24.98,19.8,0.258,4.9,0.2,0
3.02,40.52,24.6,0.607,0.68,0.5,0
2.25,22.6,36.5,0.459,3.03,0.8,0
1.18,31.71,42.6,0.679,5.73,0.8,1
2.52,29.3,37.6,0.443,7.41,0.8,1
3.73,0.0,32.0,0.445,14.11,0.2,0
9.53,87.96,19.9,0.521,5.22,0.5,1
0.55,53.84,37.7,0.532,3.24,0.8,1
2.01,23.53,19.9,0.198,6.4,0.5,0
14.07,88.83,27.9,0.417,1.13,0.2,0
1.35,47.03,26.9,0.063,7.83,0.2,0
3.57,62.98,28.2,0.175,5.78,0.5,0
17.0,66.79,27.4,0.609,0.69,0.5,1
1.43,23.32,38.1,0.729,7.24,0.5,1
0.73,21.6,22.6,0.264,6.75,0.2,0
5.63,15.93,40.6,0.445,9.84,0.8,1
3.06,32.15,41.1,0.181,8.79,0.8,0
7.04,63.57,31.3,0.558,1.51,0.8,1
13.84,90.74,19.9,0.206,2.72,0.2,0
1.25,10.04,33.1,0.233,6.23,0.2,0
7.39,71.42,39.7,0.815,5.58,0.5,1
5.99,37.31,26.4,0.572,6.25,1.0,1
1.32,22.57,40.3,0.112,1.01,0.2,0
8.31,23.23,35.5,0.13,6.0,0.8,0
2.72,19.64,48.7,0.514,0.41,0.5,0
5.69,62.03,39.9,0.405,2.51,0.8,1
0.73,24.45,23.6,0.267,0.22,0.2,0
5.23,32.75,30.4,0.396,2.29,0.5,0
3.11,34.9,19.8,0.102,1.07,0.5,0
14.69,97.34,18.0,0.407,2.78,0.2,0
0.5,11.15,36.3,0.777,4.74,0.8,1
4.61,64.86,43.4,0.08,0.12,0.2,0
5.21,60.58,47.3,0.47,1.16,0.5,1
10.97,82.05,25.8,0.818,0.62,1.0,1
7.26,45.83,23.7,0.495,0.77,0.8,0
9.35,70.46,32.8,0.451,3.31,0.8,1
12.76,90.85,23.6,0.738,0.25,0.5,1
16.85,106.89,26.5,0.509,4.65,0.8,1
3.2,47.34,40.3,0.25,1.01,0.2,0
6.56,43.67,39.4,0.437,12.23,0.8,1
15.58,87.59,42.6,0.52,10.36,0.2,1
38.69,202.38,31.1,0.362,5.0,0.2,1
18.72,93.87,32.9,0.336,5.88,0.8,1
3.95,33.06,38.1,0.146,4.83,0.8,0
1.85,18.0,24.9,0.316,4.93,0.8,0
5.71,36.0,39.8,0.316,0.75,0.2,0
11.5,75.39,14.0,0.621,9.91,0.2,0
5.77,12.94,39.0,0.605,6.15,1.0,1
5.61,47.17,38.3,0.326,3.23,0.5,0
15.48,115.44,26.7,0.237,0.69,0.8,1
3.81,27.02,36.9,0.168,5.69,0.5,0
16.7,110.59,24.1,0.205,9.09,0.2,1
4.44,58.89,33.1,0.459,2.43,1.0,1
3.38,41.95,36.1,0.358,0.34,0.2,0
5.14,32.91,36.5,0.512,13.03,0.8,1
12.22,74.53,48.2,0.36,0.71,0.5,1
1.14,38.25,23.0,0.448,6.01,1.0,0
1.86,43.8,31.1,0.129,15.76,0.8,1
25.71,121.25,42.0,0.346,1.31,0.5,1
1.64,24.18,32.8,0.251,0.4,0.5,0
7.13,66.2,41.8,0.263,6.33,0.5,1
7.36,65.14,30.0,0.396,0.27,0.2,0
5.72,64.67,38.9,0.729,2.85,0.5,1
8.8,56.8,41.6,0.538,4.98,0.8,1
2.22,11.93,40.6,0.359,3.89,0.2,0
6.84,43.55,41.6,0.43,3.17,0.5,0
3.96,29.22,24.2,0.646,1.09,0.8,0
9.21,78.81,30.1,0.258,1.44,0.2,0
1.29,20.36,22.7,0.527,1.69,0.2,0
7.19,70.85,22.9,0.366,4.05,0.2,0
1.74,19.84,31.2,0.691,4.33,0.8,0
2.78,20.18,46.2,0.517,0.73,0.8,0
2.1,38.86,33.5,0.582,0.09,0.8,0
1.72,48.93,40.9,0.414,0.29,0.8,0
14.85,65.66,44.7,0.506,4.37,0.2,1
2.86,0.0,18.9,0.299,0.38,0.8,0
22.26,88.71,22.2,0.216,1.42,0.5,0
29.78,150.99,26.4,0.334,3.04,0.5,1
7.2,19.1,34.1,0.625,3.05,0.5,0
1.31,13.99,17.6,0.115,2.93,0.5,0
3.99,38.77,38.6,0.464,9.58,0.5,1
13.58,23.66,17.7,0.4,2.23,0.2,0
3.89,29.13,22.1,0.273,0.69,0.5,0
0.77,6.66,28.8,0.442,0.21,0.2,0
6.92,28.56,32.7,0.242,2.74,0.2,0
15.85,53.63,42.0,0.319,3.54,0.8,1
13.51,55.36,46.5,0.511,3.27,0.5,1
1.64,32.52,42.2,0.155,0.81,1.0,0
9.5,78.88,19.9,0.527,0.17,0.8,0
2.12,26.08,34.4,0.148,7.96,0.5,0
2.09,19.48,30.2,0.551,2.24,1.0,0
17.61,84.53,20.8,0.313,0.43,0.2,0
2.44,17.22,32.7,0.201,4.1,0.2,0
2.6,12.4,28.2,0.459,4.02,0.8,0
0.01,0.0,27.9,0.126,3.61,0.8,0
17.39,59.46,19.3,0.602,1.0,0.8,0
13.37,106.35,47.8,0.434,7.21,0.8,1
8.39,47.53,36.8,0.248,0.35,0.5,0
11.79,21.74,26.1,0.349,0.47,0.2,0
1.4,19.56,43.7,0.192,1.85,1.0,0
5.21,25.26,45.4,0.63,8.73,0.2,1
3.68,39.73,39.4,0.384,6.57,0.2,0
0.84,22.94,35.1,0.528,9.1,0.8,1
5.66,44.14,28.6,0.764,4.58,0.2,0
21.55,87.2,30.0,0.656,3.69,0.5,1
0.35,15.65,30.5,0.86,5.82,0.5,0
2.93,13.42,45.4,0.277,0.85,0.5,0
1.98,26.96,37.8,0.404,0.45,0.5,0
2.31,48.2,26.4,0.347,10.13,0.2,0
20.32,108.53,34.2,0.671,6.91,0.8,1
5.37,39.39,33.5,0.757,2.08,0.5,0
5.34,43.48,39.4,0.827,5.72,0.5,1
12.15,79.86,19.4,0.594,2.71,0.2,0
1.43,50.4,36.2,0.339,0.06,0.2,0
5.68,46.57,27.5,0.375,0.06,0.5,0
4.78,44.27,20.9,0.387,2.43,0.5,0
7.72,30.48,37.0,0.195,3.35,0.5,0
65.0,217.1,27.5,0.302,6.58,0.5,1
12.47,95.47,36.9,0.951,3.39,1.0,1
4.31,17.04,22.3,0.583,3.42,0.2,0
14.94,87.82,48.6,0.294,21.75,0.2,1
1.59,40.56,39.1,0.392,0.01,0.5,0
0.26,30.48,26.3,0.423,1.63,0.5,0
1.94,45.64,37.2,0.292,10.08,0.2,0
3.54,48.36,21.2,0.358,1.83,0.2,0
6.07,41.54,34.9,0.227,1.04,1.0,0
8.12,75.78,17.4,0.494,2.19,0.2,0
20.52,102.88,27.6,0.516,5.55,0.8,1
6.06,0.89,47.7,0.71,5.47,0.8,1
5.91,40.11,20.6,0.313,1.54,1.0,0
0.44,15.44,33.6,0.429,0.48,0.2,0
0.3,33.64,18.1,0.237,12.68,0.2,0
6.81,49.84,35.3,0.636,1.0,0.5,0
4.9,55.17,26.0,0.538,9.96,0.5,1
15.53,106.2,26.9,0.17,1.96,0.8,1
1.49,10.78,27.7,0.417,16.75,0.8,0
0.21,18.61,23.8,0.395,1.08,0.2,0
5.07,27.11,45.0,0.629,4.2,0.5,1
2.3,29.11,43.1,0.622,6.52,0.8,1
0.43,9.86,41.6,0.449,1.98,0.5,0
10.96,66.19,19.9,0.555,0.61,1.0,0
1.01,21.79,24.7,0.221,0.39,0.5,0
7.97,46.37,34.0,0.412,0.97,0.8,0
2.8,66.63,47.0,0.171,0.21,0.2,0
1.62,19.94,33.8,0.299,7.7,1.0,0
4.06,3.85,27.4,0.064,4.63,0.5,0
13.74,94.55,39.6,0.52,4.01,0.2,1
4.23,55.65,21.2,0.556,4.52,0.2,0
11.81,21.67,42.0,0.368,3.84,0.5,0
1.14,13.22,47.4,0.059,0.14,0.2,0
12.6,78.11,46.8,0.793,3.26,0.2,1
2.3,36.27,21.7,0.24,2.02,0.2,0
9.62,67.95,32.5,0.544,0.65,1.0,1
7.09,50.68,33.3,0.544,4.17,0.5,0
22.5,74.8,23.4,0.515,2.12,0.8,1
4.16,7.45,32.5,0.591,1.13,0.8,0
0.58,52.79,34.8,0.523,5.01,0.8,1
0.16,6.3,27.4,0.411,0.24,0.8,0
14.91,100.6,27.1,0.347,1.73,0.2,0
6.32,54.74,17.5,0.354,1.24,0.8,0
12.69,87.32,46.0,0.385,0.49,0.8,1
2.27,32.29,39.2,0.645,0.53,0.5,0
3.6,35.51,37.8,0.399,0.92,0.5,0
0.26,0.0,14.5,0.629,0.08,0.8,0
27.68,121.61,34.2,0.557,3.45,1.0,1
9.37,68.94,22.9,0.31,2.72,0.5,0
23.0,156.2,35.1,0.345,7.39,0.5,1
2.62,12.74,34.2,0.195,6.03,0.2,0
8.04,41.22,40.8,0.704,14.47,0.2,1
9.65,74.78,25.4,0.582,0.09,0.5,0
3.25,0.0,15.0,0.549,2.64,0.2,0
16.02,70.3,43.5,0.61,0.7,0.8,1
24.99,140.54,43.2,0.445,2.41,1.0,1
18.37,151.54,30.5,0.229,0.77,0.2,1
11.42,60.3,18.5,0.758,0.29,0.8,0
2.76,37.22,31.5,0.292,6.73,0.8,0
2.81,4.48,32.0,0.187,2.15,0.5,0
28.11,171.07,39.8,0.831,4.39,0.2,1
0.09,16.03,36.6,0.591,0.45,1.0,0
10.7,60.08,18.1,0.161,3.26,1.0,0
10.41,45.04,36.3,0.627,6.7,0.5,1
8.28,71.04,21.2,0.443,8.44,1.0,1
39.24,129.03,19.1,0.57,1.37,0.5,1
3.18,32.63,29.2,0.143,9.21,0.5,0
3.53,49.19,18.5,0.559,2.54,0.2,0
0.7,2.31,40.0,0.381,1.08,0.2,0
4.97,31.17,30.7,0.31,3.04,0.2,0
2.57,19.93,33.4,0.346,4.43,1.0,0
3.58,31.65,33.1,0.529,0.33,0.2,0
15.29,70.71,47.7,0.308,4.49,1.0,1
23.3,84.71,43.6,0.67,5.38,0.8,1
1.75,18.82,40.7,0.396,2.14,0.5,0
3.96,16.06,28.8,0.113,8.6,0.5,0
22.44,140.38,21.6,0.439,0.95,0.2,1
0.54,17.6,33.5,0.519,0.8,0.8,0
0.82,32.67,30.2,0.789,3.74,1.0,1
1.51,7.82,24.4,0.441,2.34,1.0,0
7.69,37.71,19.5,0.095,2.05,0.5,0
1.39,21.7,30.1,0.19,3.75,1.0,0
29.28,163.04,34.9,0.433,1.73,0.8,1
5.03,45.9,34.3,0.202,12.06,0.8,1
5.92,45.51,38.2,0.443,8.8,0.2,0
2.41,43.63,30.8,0.499,1.41,0.8,0
5.41,42.68,27.2,0.926,0.81,0.2,0
9.22,64.64,32.3,0.623,0.74,0.5,1
11.82,62.95,47.4,0.369,5.73,0.8,1
11.92,92.34,16.5,0.131,3.53,0.2,0
7.33,29.28,32.1,0.132,2.96,1.0,0
19.95,80.56,27.4,0.245,4.06,1.0,1
14.45,67.29,19.9,0.52,5.09,0.8,1
12.03,62.36,30.0,0.391,0.97,0.8,0
0.49,16.73,34.6,0.314,14.81,0.5,0
0.06,7.97,32.1,0.311,1.66,0.5,0
2.03,7.4,15.2,0.374,0.31,0.8,0
9.26,66.1,33.2,0.4,6.84,0.2,0
4.5,24.06,24.6,0.351,2.88,0.5,0
4.38,39.73,27.8,0.322,0.07,0.5,0
18.35,81.81,27.0,0.462,3.56,0.8,1
19.2,106.89,41.1,0.687,3.68,0.8,1
20.39,139.0,16.6,0.184,4.27,0.8,1
3.2,31.55,27.9,0.288,3.44,1.0,0
9.98,65.06,29.1,0.359,1.18,0.5,0
2.69,12.95,34.1,0.385,25.0,0.8,1
1.8,6.82,38.7,0.256,2.4,0.2,0
1.73,2.79,36.9,0.168,1.87,0.2,0
3.56,19.09,37.6,0.415,0.01,0.8,0
4.78,16.15,23.3,0.373,3.2,0.2,0
15.11,102.02,43.4,0.289,2.54,1.0,1
1.09,32.57,29.6,0.458,11.15,0.2,0
11.29,52.65,13.2,0.865,1.46,0.5,0
6.44,66.39,35.3,0.57,4.32,1.0,1
2.89,15.23,33.8,0.368,3.78,0.5,0
5.77,37.76,20.8,0.569,5.94,0.5,0
3.03,5.0,46.2,0.209,6.03,0.5,0
7.71,64.22,32.8,0.13,0.01,0.2,0
4.84,35.39,30.8,0.337,7.7,0.5,0
1.53,26.07,29.2,0.61,0.48,1.0,0
1.05,38.48,23.9,0.385,0.21,0.2,0
6.73,71.69,45.7,0.478,6.25,0.8,1
19.78,112.21,36.2,0.294,0.34,0.8,1
3.58,40.23,32.9,0.318,0.18,1.0,0
11.22,53.62,34.4,0.442,1.05,0.2,0
9.14,98.78,40.4,0.41,2.82,0.8,1
22.79,132.95,34.5,0.284,7.76,0.8,1
14.62,63.42,20.3,0.178,9.5,0.2,0
7.11,36.94,36.1,0.729,2.3,0.5,1
9.1,91.79,32.9,0.447,3.39,0.5,1
19.44,121.0,46.7,0.292,9.79,0.2,1
4.34,56.14,37.0,0.398,5.65,0.2,0
3.36,37.3,27.8,0.382,3.7,0.2,0
0.09,17.16,21.2,0.132,1.07,0.2,0
14.89,108.38,31.1,0.4,2.42,0.5,1
13.72,73.64,35.6,0.07,7.45,0.5,1
0.94,9.74,22.8,0.669,1.41,0.5,0
7.31,39.49,34.8,0.084,0.6,1.0,0
5.3,44.41,39.9,0.415,0.64,0.5,0
1.07,39.41,22.0,0.201,5.63,1.0,0
33.5,225.98,36.3,0.906,0.68,0.8,1
2.05,4.59,17.9,0.455,0.17,0.8,0
0.59,23.53,12.7,0.548,7.32,0.2,0
7.68,59.66,15.5,0.416,10.32,0.5,0
11.41,68.2,34.4,0.379,16.3,0.8,1
0.28,36.66,47.3,0.753,1.73,0.8,1
9.14,68.36,38.1,0.67,9.13,0.8,1
6.46,26.94,25.3,0.531,0.64,0.8,0
0.93,8.74,18.1,0.268,18.8,0.5,0
1.61,29.51,34.1,0.437,0.07,0.8,0
7.13,69.96,11.7,0.259,1.62,0.5,0
2.99,33.13,38.8,0.291,5.19,0.5,0
23.68,77.13,25.0,0.406,3.5,0.8,1
14.52,89.18,26.6,0.39,1.94,0.5,1
34.92,212.63,27.8,0.316,0.31,0.2,1
2.56,28.2,37.9,0.62,11.54,1.0,1
29.73,160.99,25.7,0.506,7.31,0.5,1
4.8,62.06,26.2,0.373,0.3,0.5,0
3.63,20.68,32.4,0.232,5.31,0.5,0
0.44,15.8,30.7,0.639,0.69,0.2,0
0.46,14.86,45.9,0.701,12.59,0.5,1
10.01,57.07,25.6,0.635,0.26,0.5,0
5.21,61.79,19.2,0.468,0.77,0.2,0
2.18,6.32,32.4,0.504,5.63,0.8,0
8.09,55.11,23.1,0.795,0.07,0.2,0
2.48,40.3,29.5,0.215,7.94,1.0,0
7.33,24.34,23.2,0.556,1.15,0.8,0
3.78,36.58,42.0,0.172,7.5,0.5,0
14.75,90.12,27.4,0.496,2.42,0.8,1
14.61,96.76,38.2,0.363,0.22,0.2,1
5.52,14.87,45.4,0.203,2.95,0.8,0
3.67,54.55,44.9,0.261,4.86,0.2,0
3.83,37.51,32.0,0.468,2.91,0.5,0
13.93,64.91,48.2,0.693,8.77,0.5,1
3.38,43.46,35.0,0.404,5.31,0.5,0
1.99,10.86,20.9,0.11,0.5,0.8,0
0.75,6.15,42.3,0.46,0.18,0.2,0
5.34,74.08,30.8,0.286,1.71,0.5,0
5.59,79.65,21.9,0.259,4.63,0.5,0
15.63,87.58,38.8,0.087,7.39,0.2,1
2.13,47.26,34.2,0.131,7.49,1.0,0
4.08,38.05,42.0,0.793,0.27,0.5,1
14.05,69.38,40.0,0.252,6.22,0.2,1
14.75,74.85,27.2,0.675,1.29,0.8,1
4.13,54.91,25.4,0.691,9.52,0.5,1
5.22,13.73,37.0,0.56,2.61,0.2,0
3.07,63.06,33.1,0.435,0.62,0.2,0
22.92,126.84,18.0,0.214,18.75,0.5,1
1.07,46.93,23.0,0.583,0.87,0.8,0
23.07,110.87,21.8,0.305,1.22,0.5,1
9.79,68.7,33.4,0.128,2.86,0.2,0
6.45,69.46,18.9,0.501,0.1,0.5,0
0.28,42.25,23.9,0.608,6.65,0.2,0
5.49,38.1,32.5,0.444,2.29,0.8,0
4.45,26.3,21.1,0.402,1.64,0.2,0
1.49,24.95,25.1,0.695,2.2,0.5,0
9.08,35.84,43.2,0.212,13.23,0.2,1
30.14,189.85,36.0,0.275,2.58,0.8,1
7.02,33.37,26.8,0.328,5.31,0.5,0
10.66,72.58,41.9,0.189,0.06,0.2,0
0.6,14.52,25.2,0.481,5.35,0.8,0
4.6,11.14,33.4,0.514,0.38,0.5,0
1.05,46.76,28.5,0.225,6.0,0.8,0
8.06,52.17,37.6,0.613,9.52,0.5,1
23.7,137.92,28.5,0.541,1.01,0.2,1
9.21,60.91,25.2,0.598,1.23,0.5,0
0.68,35.69,33.8,0.095,6.27,1.0,0
3.72,22.35,37.4,0.76,5.84,0.8,1
6.8,49.69,32.3,0.517,5.99,0.5,0
4.39,29.13,36.6,0.408,6.27,0.8,0
15.25,60.74,29.7,0.808,1.61,0.2,1
14.33,105.86,38.9,0.143,11.41,0.8,1
8.04,65.69,33.3,0.62,8.69,0.8,1
3.97,54.8,23.5,0.426,0.52,0.8,0
2.51,52.6,42.4,0.47,0.16,0.2,0
0.95,34.25,40.3,0.058,9.5,0.2,0
3.73,51.57,46.5,0.814,0.92,0.5,1
4.53,8.65,33.0,0.2,5.14,0.5,0
9.57,39.88,35.5,0.27,4.12,0.5,0
9.12,65.3,41.3,0.105,4.9,0.5,0
0.62,6.01,17.0,0.187,3.65,0.2,0
4.28,45.92,43.4,0.355,1.28,1.0,1
1.71,36.82,25.8,0.433,3.43,0.8,0
1.45,35.25,17.3,0.641,2.88,0.5,0
14.93,104.99,24.8,0.41,1.39,0.5,1
0.36,29.91,33.4,0.451,1.63,0.5,0
4.62,38.91,16.6,0.215,3.96,0.8,0
1.57,2.14,10.8,0.53,6.86,0.8,0
17.97,78.46,34.6,0.194,3.43,0.2,0
6.92,46.88,30.5,0.253,2.19,0.5,0
2.24,7.79,40.6,0.427,0.5,0.5,0
5.93,73.13,25.4,0.668,0.07,0.2,0
11.18,89.67,26.1,0.38,0.35,0.8,1
26.97,124.88,18.5,0.453,0.27,0.2,1
2.12,19.91,32.3,0.264,0.68,0.2,0
18.47,90.05,28.4,0.316,8.9,0.8,1
23.14,141.4,27.7,0.396,0.62,0.8,1
21.1,110.66,30.6,0.298,0.82,0.5,1
8.58,35.12,40.8,0.251,3.6,0.2,0
8.45,85.13,19.9,0.565,2.94,0.5,0
4.39,52.61,32.0,0.431,6.88,0.8,1
11.87,79.86,23.5,0.351,0.99,0.8,0
6.44,44.18,24.0,0.625,2.51,0.5,0
9.62,80.42,25.4,0.299,0.44,0.8,0
4.76,44.31,30.6,0.475,3.36,0.8,0
11.18,38.07,31.4,0.218,3.5,0.5,0
14.79,121.41,41.6,0.619,7.15,0.8,1
1.35,28.15,42.5,0.546,1.52,0.2,0
15.21,67.15,33.4,0.686,1.34,0.5,1
6.61,34.15,26.1,0.616,11.56,0.8,1
15.83,90.48,39.7,0.13,2.27,0.5,1
4.8,63.18,38.8,0.511,1.3,0.2,0
4.05,38.03,39.0,0.318,3.54,0.2,0
20.96,96.4,13.9,0.634,0.59,0.5,1
2.46,38.11,37.6,0.729,1.85,1.0,1
15.8,83.97,40.9,0.216,2.33,1.0,1
5.62,54.79,33.8,0.27,8.17,0.5,0
6.13,31.02,37.5,0.649,4.93,0.2,0
3.14,58.31,38.3,0.496,1.89,0.8,1
7.23,48.25,31.6,0.631,2.38,1.0,1
3.34,51.64,39.5,0.103,10.83,1.0,1
0.34,0.0,38.8,0.611,6.89,0.5,0
2.7,11.4,43.6,0.862,0.47,0.5,0
0.05,15.81,43.9,0.679,1.69,0.2,0
32.58,108.84,32.1,0.48,2.36,0.2,1
28.68,189.46,15.4,0.375,0.86,0.2,1
4.27,47.16,14.2,0.371,0.52,0.8,0
11.08,57.1,44.8,0.244,1.45,0.5,0
3.61,33.05,27.7,0.192,4.12,0.5,0
9.45,78.91,28.7,0.436,12.12,1.0,1
13.91,64.32,30.8,0.245,14.07,0.5,1
24.93,115.12,25.7,0.197,7.93,0.5,1
4.35,37.77,33.5,0.692,4.71,0.5,0
13.0,86.93,38.5,0.685,0.3,0.2,1
2.63,30.95,25.4,0.559,0.06,0.2,0
39.43,175.0,37.3,0.354,0.09,1.0,1
0.22,28.29,35.4,0.378,0.4,0.5,0
7.86,55.8,32.0,0.563,2.37,0.5,0
9.16,47.03,27.3,0.187,0.07,0.2,0
9.9,74.81,41.7,0.535,1.67,0.2,1
1.09,21.26,29.3,0.578,11.53,1.0,1
23.71,140.44,28.6,0.414,3.13,0.2,1
1.7,28.01,34.6,0.246,3.54,0.5,0
8.29,33.57,43.8,0.446,2.56,0.2,0
2.14,43.71,31.7,0.468,15.19,0.8,1
3.12,45.93,36.7,0.186,0.69,0.5,0
6.72,39.79,30.5,0.406,14.1,1.0,1
4.59,28.56,24.2,0.069,2.39,0.8,0
1.48,23.6,20.7,0.819,9.86,0.8,1
1.59,47.91,21.2,0.355,3.89,0.2,0
4.6,41.54,14.4,0.548,0.86,0.2,0
12.03,86.04,32.6,0.451,6.04,0.8,1
19.4,113.88,21.0,0.597,0.54,0.2,1
0.75,28.81,41.4,0.331,6.35,1.0,1
4.24,64.54,48.2,0.317,0.14,0.2,0
0.9,17.19,31.4,0.576,0.59,0.8,0
0.14,22.37,30.4,0.502,1.69,0.2,0
9.21,44.89,27.9,0.647,0.26,0.8,0
7.84,52.54,34.6,0.439,6.48,1.0,1
1.51,23.39,33.9,0.247,2.28,0.2,0
2.26,17.5,27.8,0.417,3.67,0.2,0
0.2,40.7,27.8,0.289,0.41,0.8,0
15.31,90.24,34.7,0.683,0.03,0.2,1
31.25,156.66,32.7,0.225,15.13,1.0,1
1.24,27.72,36.6,0.261,0.59,1.0,0
2.24,28.04,45.0,0.447,6.73,0.8,1
17.24,134.76,38.4,0.168,3.89,0.5,1
22.18,118.1,26.8,0.834,6.22,0.5,1
4.62,32.77,37.8,0.279,3.5,0.2,0
0.44,4.98,30.4,0.457,1.87,0.8,0
0.34,0.0,38.3,0.381,2.86,0.2,0
7.25,35.95,42.2,0.545,2.91,0.8,1
4.24,45.11,25.2,0.224,0.75,0.2,0
0.25,9.96,24.8,0.386,3.87,1.0,0
7.44,53.9,30.0,0.692,0.73,0.8,1
0.1,17.2,16.9,0.556,2.96,0.5,0
13.16,51.96,35.8,0.229,4.24,0.5,0
3.11,25.82,37.5,0.573,6.34,0.2,0
0.35,19.55,27.9,0.31,2.98,0.8,0
7.54,38.5,30.7,0.316,3.62,1.0,0
4.31,19.61,33.5,0.622,4.94,1.0,1
30.96,215.59,18.2,0.218,1.71,1.0,1
6.68,33.85,36.4,0.348,0.18,1.0,0
2.74,25.34,32.1,0.421,1.33,0.8,0
10.51,85.75,34.2,0.27,0.48,0.2,0
2.69,37.89,36.8,0.411,5.43,0.5,0
19.94,99.58,35.5,0.396,6.39,0.5,1
3.99,51.16,19.4,0.31,13.17,0.8,0
6.78,64.71,38.5,0.494,3.5,0.5,1
0.44,25.13,33.9,0.829,2.46,0.5,0
4.72,35.95,36.5,0.525,10.75,0.5,1
15.18,99.14,25.5,0.554,9.58,0.5,1
13.92,77.87,24.3,0.758,3.9,0.8,1
2.16,9.02,39.9,0.46,5.65,0.5,0
2.18,31.57,29.0,0.423,0.84,0.5,0
14.45,96.89,33.1,0.173,2.75,0.2,0
22.65,161.62,32.6,0.646,1.58,1.0,1
0.85,16.54,33.3,0.265,6.59,0.5,0
5.08,55.74,18.0,0.203,8.39,0.2,0
3.5,68.94,26.7,0.68,1.95,0.8,1
17.39,73.92,17.8,0.436,2.48,0.5,0
0.74,34.67,31.1,0.833,1.0,0.8,0
2.02,0.0,42.9,0.447,8.0,0.2,0
11.87,67.44,29.0,0.039,0.57,0.2,0
0.45,23.37,38.5,0.386,9.46,0.5,0
5.77,32.37,26.3,0.137,3.65,0.5,0
4.96,78.09,41.0,0.226,1.07,0.5,0
3.46,47.01,29.7,0.524,2.11,0.8,0
4.27,54.56,28.1,0.363,0.41,0.5,0
6.42,57.67,36.1,0.138,3.43,0.8,0
1.5,12.28,31.8,0.485,6.25,0.5,0
7.21,54.88,27.7,0.411,4.01,0.5,0
13.91,61.4,17.3,0.556,0.69,1.0,0
12.14,46.67,22.4,0.463,3.05,0.8,0
1.42,35.86,38.2,0.646,6.69,0.2,0
1.37,35.96,43.8,0.176,7.49,0.8,0
2.65,33.98,22.5,0.622,5.19,0.2,0
3.81,4.28,33.0,0.211,1.73,1.0,0
4.46,72.12,15.6,0.522,14.78,1.0,1
9.68,51.67,26.4,0.645,6.45,0.8,1
0.5,62.62,30.4,0.673,7.0,0.8,1
0.3,30.83,37.1,0.753,7.22,0.2,0
4.23,35.99,16.4,0.572,5.01,0.5,0
10.15,54.19,38.4,0.204,2.67,0.5,0
1.83,0.0,23.7,0.41,2.24,0.5,0
8.72,79.95,37.8,0.584,5.44,0.8,1
2.56,66.57,34.3,0.595,2.53,0.8,1
18.46,50.04,27.7,0.113,8.76,0.5,0
19.21,117.05,36.8,0.145,0.98,0.8,1
3.0,26.9,24.8,0.313,5.74,0.5,0
2.22,42.08,24.2,0.395,1.04,0.2,0
4.5,63.21,17.6,0.601,2.41,0.2,0
2.34,34.43,29.1,0.699,0.34,0.8,0
9.49,99.05,19.5,0.413,2.61,0.8,1
14.87,64.41,29.7,0.292,2.85,0.2,0
9.5,80.08,13.0,0.444,0.76,0.2,0
14.78,108.94,22.0,0.7,1.49,0.5,1
4.3,50.63,44.5,0.76,0.91,0.2,1
1.44,22.29,38.9,0.464,2.14,0.8,0
11.38,72.59,24.8,0.582,3.86,0.2,0
3.8,12.16,36.6,0.469,0.58,0.2,0
9.46,39.54,35.3,0.702,1.91,0.8,1
2.68,20.99,22.8,0.264,3.01,0.8,0
0.72,24.71,28.5,0.321,6.07,0.5,0
41.68,167.93,43.5,0.341,3.7,0.5,1
1.44,44.82,37.2,0.461,6.6,0.5,0
37.9,196.62,37.8,0.352,0.28,0.2,1
32.17,113.88,32.9,0.368,0.78,0.8,1
13.42,67.69,35.2,0.659,9.87,0.2,1
9.16,87.94,31.7,0.509,4.13,0.2,1
7.33,26.17,37.2,0.171,2.02,0.8,0
17.09,87.0,37.0,0.656,1.71,0.8,1
2.9,27.55,15.4,0.344,5.23,0.8,0
5.36,55.1,34.4,0.574,8.29,1.0,1
8.21,52.65,34.4,0.584,2.9,1.0,1
4.5,77.46,17.9,0.374,0.54,0.8,0
4.74,71.39,29.5,0.496,7.69,0.8,1
3.41,31.48,42.8,0.645,1.96,0.2,0
7.06,45.15,45.7,0.751,8.45,1.0,1
16.16,113.81,38.5,0.482,5.57,0.5,1
1.91,11.79,21.8,0.458,1.49,0.5,0
23.16,105.95,28.6,0.806,0.45,0.5,1
9.93,62.23,23.0,0.404,2.71,1.0,0
14.73,104.33,34.9,0.337,0.32,0.8,1
6.91,22.8,38.2,0.421,6.69,0.5,0
12.85,60.21,42.1,0.623,0.22,1.0,1
0.14,6.01,41.2,0.617,10.86,1.0,1
14.5,119.44,19.6,0.388,2.61,0.5,1
0.35,0.0,20.8,0.666,2.51,0.5,0
18.76,101.48,43.3,0.625,7.03,0.5,1
41.0,125.1,40.5,0.362,3.01,0.8,1
2.96,0.0,30.6,0.718,2.09,0.8,0
2.01,16.39,29.9,0.641,0.87,0.2,0
12.32,83.46,32.6,0.567,4.97,0.5,1
2.48,53.78,33.6,0.404,2.63,1.0,0
17.06,103.48,25.3,0.537,2.68,1.0,1
0.92,43.28,29.3,0.215,1.12,0.2,0
1.14,18.58,34.1,0.313,0.59,1.0,0
32.9,204.95,23.8,0.126,1.44,0.8,1
9.52,49.42,51.0,0.389,6.22,0.8,1
15.95,103.51,26.2,0.305,3.74,0.8,1
3.33,6.35,32.6,0.22,1.65,0.2,0
9.59,51.3,32.6,0.383,1.33,0.8,0
7.67,61.42,30.4,0.742,0.01,0.2,0
7.86,52.58,24.9,0.287,0.12,0.5,0
9.75,56.16,32.9,0.47,2.49,0.5,0
7.28,77.61,19.2,0.336,1.13,0.8,0
4.76,46.88,28.9,0.111,10.49,0.2,0
2.74,46.49,24.4,0.64,3.1,1.0,0
12.44,47.49,20.7,0.27,8.83,0.5,0
2.18,16.53,44.1,0.631,0.86,0.2,0
10.02,70.24,36.1,0.241,0.5,0.8,0
2.26,31.6,22.5,0.385,6.81,1.0,0
8.34,67.93,45.5,0.541,3.57,1.0,1
11.68,83.5,24.1,0.284,4.69,1.0,1
2.1,14.96,24.8,0.379,3.05,0.5,0
0.53,38.83,21.1,0.453,1.68,0.2,0
1.19,12.93,36.9,0.668,1.29,1.0,0
7.92,74.22,33.0,0.544,0.38,0.2,0
16.09,81.36,17.3,0.627,0.32,1.0,1
0.39,15.82,14.8,0.448,2.27,0.5,0
11.26,92.26,32.2,0.36,1.31,0.8,1
3.55,36.02,34.9,0.603,3.29,0.5,0
5.53,54.57,39.8,0.533,4.69,0.8,1
22.47,137.7,31.0,0.602,4.04,0.5,1
3.43,37.02,35.5,0.109,8.16,0.5,0
5.32,30.54,37.0,0.058,5.04,0.5,0
0.12,45.99,34.0,0.573,1.91,0.8,0
0.72,0.0,28.0,0.825,1.7,0.2,0
2.54,26.21,21.0,0.81,0.24,0.5,0
0.24,7.05,34.8,0.227,3.05,0.5,0
8.48,80.15,38.1,0.451,4.31,0.2,1
4.72,62.81,23.2,0.244,1.46,0.8,0
6.75,67.88,31.4,0.61,7.12,1.0,1
1.63,72.45,29.2,0.335,1.71,0.2,0
2.98,9.49,23.8,0.687,1.68,0.5,0
9.27,52.89,25.1,0.313,1.45,1.0,0
28.57,120.95,24.8,0.579,0.38,1.0,1
0.44,24.17,29.7,0.32,19.07,0.8,1
18.79,77.15,29.0,0.382,2.51,0.5,1
7.31,48.78,32.6,0.536,10.67,0.2,1
7.05,62.66,19.3,0.694,3.25,0.5,0
5.9,19.06,33.2,0.309,7.71,0.5,0
0.61,5.92,14.5,0.352,3.5,0.5,0
0.8,16.56,25.4,0.347,3.97,0.8,0
7.81,46.21,31.5,0.664,11.44,0.5,1
3.54,46.12,35.8,0.309,5.46,0.5,0
21.18,61.08,38.1,0.35,0.75,0.5,1
4.44,23.58,15.7,0.406,4.08,0.8,0
1.31,34.48,32.3,0.336,1.57,0.2,0
10.66,76.64,28.1,0.445,1.98,0.8,1
2.95,53.99,36.0,0.536,7.71,0.5,1
6.34,48.37,26.2,0.408,7.29,0.8,0
10.17,71.78,37.3,0.414,1.66,0.5,1
19.59,125.91,33.7,0.524,9.05,0.5,1
13.35,66.11,38.7,0.444,2.44,0.2,1
9.59,69.42,48.4,0.799,1.28,0.5,1
9.68,39.39,43.2,0.496,0.17,0.5,0
24.8,157.28,33.5,0.41,1.41,1.0,1
2.98,33.52,42.6,0.652,5.53,0.2,1
0.01,31.68,21.9,0.185,2.49,0.8,0
2.7,0.0,16.3,0.415,0.92,0.5,0
2.09,30.53,32.2,0.253,2.46,0.2,0
9.22,34.18,47.4,0.254,9.11,0.5,1
8.54,75.04,36.4,0.594,1.32,1.0,1
7.65,66.05,26.8,0.498,4.42,0.5,0
0.14,24.18,35.3,0.859,0.54,0.5,0
11.09,74.65,16.1,0.356,7.85,0.5,0
3.32,35.9,30.9,0.445,2.7,0.8,0
9.3,43.31,24.8,0.233,1.28,1.0,0
6.91,38.14,16.7,0.17,7.28,0.8,0
3.57,25.11,25.2,0.253,0.58,0.5,0
1.23,57.13,36.7,0.464,1.65,1.0,1
0.84,46.81,32.6,0.356,0.7,0.8,0
15.14,101.71,14.7,0.204,7.79,0.5,0
21.3,114.25,29.5,0.431,2.19,0.2,1
8.92,57.13,37.6,0.393,1.32,0.8,1
0.93,25.87,45.8,0.537,7.36,0.2,0
4.37,53.25,41.7,0.374,8.89,0.2,1
11.1,67.59,11.2,0.368,0.39,0.8,0
12.86,88.2,24.2,0.443,3.5,0.2,0
1.07,27.63,23.9,0.604,3.08,1.0,0
0.0,0.0,29.5,0.549,6.82,0.2,0
10.58,37.36,34.7,0.369,2.67,0.5,0
3.75,36.01,21.9,0.365,0.37,0.5,0
2.5,49.97,43.6,0.46,13.65,0.8,1
0.11,12.19,38.3,0.365,3.01,0.5,0
6.61,52.69,29.7,0.211,3.84,0.5,0
16.19,75.13,33.3,0.152,0.2,0.2,0
26.87,121.8,32.4,0.18,6.14,0.5,1
7.09,57.98,33.3,0.409,8.9,0.8,1
6.14,61.37,41.2,0.586,1.3,0.5,1
0.76,29.9,23.6,0.43,1.29,0.5,0
6.77,69.16,35.7,0.597,0.87,0.2,0
4.06,19.18,19.9,0.484,2.99,0.5,0
7.94,26.49,30.6,0.602,0.08,1.0,0
4.18,50.6,34.5,0.431,0.52,0.5,0
2.34,40.83,13.4,0.461,3.6,0.8,0
0.85,4.9,20.0,0.449,2.52,0.5,0
3.21,24.79,19.2,0.17,5.19,0.2,0
0.86,47.86,28.6,0.744,5.15,1.0,1
1.65,30.92,34.2,0.394,2.17,0.2,0
37.14,241.17,50.2,0.436,4.28,0.2,1
4.99,25.32,25.3,0.783,7.47,0.5,0
6.45,67.08,21.2,0.668,3.45,1.0,1
17.58,63.94,29.6,0.761,13.13,0.2,1
46.06,214.63,21.6,0.618,19.24,0.2,1
7.43,54.8,14.8,0.473,2.74,0.8,0
14.23,107.88,32.9,0.097,1.15,0.5,1
3.37,26.13,41.9,0.583,5.9,0.5,1
3.1,19.58,41.2,0.706,0.73,0.5,0
4.38,70.9,19.7,0.28,5.65,1.0,0
9.49,59.23,21.7,0.406,2.23,1.0,0
9.74,74.98,31.3,0.202,5.73,0.8,1
3.22,57.22,28.4,0.309,1.34,0.8,0
1.22,19.13,36.2,0.207,2.3,0.5,0
8.51,43.38,31.4,0.278,6.87,0.5,0
1.17,38.04,14.3,0.275,1.58,0.2,0
7.34,42.22,26.2,0.54,1.99,0.8,0
10.05,75.5,42.9,0.072,3.25,0.5,0
10.25,26.75,31.7,0.612,3.9,0.2,0
11.9,82.04,39.0,0.359,0.79,0.8,1
17.53,85.12,29.3,0.695,3.6,0.5,1
5.89,52.96,35.5,0.489,2.5,0.5,0
11.14,80.6,22.5,0.538,5.94,0.2,0
8.21,63.29,37.1,0.443,4.01,0.8,1
1.76,31.15,38.6,0.813,2.63,0.2,0
0.22,19.61,19.1,0.54,7.46,0.5,0
2.85,40.32,23.0,0.347,3.48,0.8,0
4.97,22.87,30.7,0.338,2.4,0.8,0
8.16,14.23,34.5,0.486,0.83,0.5,0
16.12,86.12,34.5,0.4,0.88,0.5,1
1.86,34.78,35.3,0.607,0.61,0.5,0
1.14,24.82,36.5,0.418,6.56,0.5,0
28.13,199.36,31.6,0.393,0.14,1.0,1
0.97,13.1,33.1,0.551,13.15,0.8,1
5.53,42.52,12.8,0.501,3.39,0.5,0
7.49,43.71,22.4,0.343,0.46,0.2,0
6.63,46.68,31.5,0.445,6.35,1.0,1
0.76,0.0,37.4,0.206,7.92,1.0,0
0.5,11.34,39.3,0.716,1.74,0.2,0
0.95,28.8,36.9,0.395,1.71,0.5,0
7.49,42.75,31.2,0.406,7.12,0.5,0
6.68,47.8,26.1,0.114,2.52,0.5,0
2.26,0.0,30.3,0.256,2.73,0.5,0
8.63,52.13,12.9,0.39,8.42,0.2,0
14.58,55.74,33.6,0.328,0.53,0.8,0
0.36,4.5,18.3,0.745,8.22,0.5,0
5.86,19.1,21.6,0.429,9.93,0.2,0
9.94,52.84,34.3,0.35,0.05,1.0,0
2.47,3.5,13.5,0.314,4.36,0.5,0
3.13,58.78,33.1,0.36,1.26,1.0,0
8.08,17.05,34.6,0.258,3.16,1.0,0
19.4,84.83,38.7,0.233,3.98,0.2,1
14.11,79.99,17.9,0.236,3.33,1.0,0
7.44,38.13,11.6,0.726,4.32,0.5,0
11.14,76.14,38.0,0.255,3.1,0.2,0
3.86,30.3,26.4,0.59,5.15,0.5,0
8.71,68.01,42.3,0.325,2.93,0.2,0
5.34,18.41,23.1,0.115,0.86,0.5,0
1.79,0.0,33.3,0.644,0.84,0.8,0
10.28,44.46,20.1,0.205,3.99,0.8,0
6.91,61.61,29.3,0.262,2.7,1.0,0
3.78,30.52,42.0,0.332,1.69,0.2,0
20.59,142.52,33.9,0.67,3.18,0.5,1
0.18,28.56,35.9,0.148,16.51,0.2,0
3.23,25.69,24.4,0.161,3.78,1.0,0
0.5,14.09,43.9,0.331,4.5,0.2,0
12.36,83.88,34.2,0.254,4.2,1.0,1
10.29,102.55,19.9,0.62,4.51,0.5,1
3.42,47.91,13.8,0.35,0.83,0.8,0
9.57,73.53,13.8,0.352,0.53,0.5,0
4.28,55.3,16.9,0.268,5.76,0.8,0
12.0,54.84,43.4,0.668,1.05,0.5,1
5.15,21.58,28.2,0.605,0.03,0.8,0
4.52,43.44,26.6,0.26,1.35,0.2,0
23.2,98.6,29.6,0.099,2.37,0.5,1
2.46,30.42,29.5,0.371,1.19,0.2,0
1.09,21.91,24.8,0.561,0.37,0.5,0
7.47,10.7,19.2,0.528,1.1,0.2,0
29.62,180.95,20.0,0.491,0.32,0.8,1
4.03,42.37,33.7,0.582,2.92,0.5,0
0.54,0.45,29.1,0.819,4.39,0.5,0
3.52,43.4,42.9,0.384,4.74,1.0,1
5.99,29.32,30.7,0.209,5.93,0.5,0
1.5,34.6,31.6,0.412,0.2,0.5,0
9.12,65.19,44.2,0.665,5.18,0.8,1
51.82,229.08,31.5,0.264,5.21,0.8,1
5.11,30.87,31.5,0.317,2.69,0.8,0
3.72,35.9,28.3,0.199,3.49,0.8,0
4.35,31.01,36.4,0.334,4.29,0.5,0
1.04,13.58,29.0,0.623,2.61,0.8,0
18.26,89.9,33.4,0.658,18.1,0.5,1
4.55,36.84,30.3,0.756,0.19,0.8,0
4.16,23.57,32.1,0.058,0.46,0.5,0
9.16,37.29,39.9,0.483,1.22,0.5,0
4.96,38.82,29.6,0.488,3.23,0.8,0
8.88,44.27,24.6,0.332,9.74,0.5,0
0.54,4.57,33.0,0.099,12.58,0.8,0
14.28,96.0,44.8,0.573,12.4,0.8,1
23.99,177.3,35.9,0.738,11.62,0.5,1
8.89,61.43,26.9,0.171,7.52,0.2,0
26.28,77.9,46.4,0.366,2.9,1.0,1
1.4,23.94,27.8,0.216,4.25,0.5,0
5.52,75.81,48.2,0.866,0.09,1.0,1
7.83,44.67,23.3,0.289,0.11,1.0,0
7.41,65.71,51.5,0.451,7.81,0.2,1
4.36,23.37,18.4,0.302,1.74,0.5,0
3.51,59.49,36.5,0.543,1.79,0.5,0
1.15,20.39,37.2,0.469,0.81,0.5,0
4.23,68.38,35.6,0.06,1.14,0.2,0
1.51,50.96,38.3,0.356,4.7,1.0,1
11.27,71.74,30.9,0.328,7.54,0.2,0
1.99,16.82,17.1,0.155,1.79,0.2,0
0.51,25.33,28.2,0.533,4.14,0.5,0
6.83,41.67,34.7,0.274,5.0,0.2,0
7.69,49.82,34.8,0.199,2.76,0.5,0
17.47,55.66,23.4,0.172,1.94,0.2,0
7.31,31.87,25.3,0.494,3.51,0.5,0
3.6,23.85,31.2,0.474,3.15,0.5,0
13.81,105.48,36.9,0.757,1.47,0.5,1
6.61,73.82,40.9,0.598,1.56,1.0,1
0.7,34.63,18.9,0.392,0.84,1.0,0
7.09,59.81,44.1,0.606,3.19,0.5,1
20.28,97.6,44.2,0.27,10.55,0.5,1
4.29,35.7,12.7,0.366,1.58,0.5,0
2.99,41.34,31.6,0.454,4.23,0.8,0
1.32,15.83,33.4,0.316,6.58,0.2,0
1.4,29.62,32.6,0.638,12.73,0.5,1
4.82,32.78,34.0,0.246,6.2,0.5,0
7.7,89.04,31.6,0.574,0.38,0.8,1
0.71,35.87,26.5,0.139,0.29,0.8,0
23.85,148.51,19.4,0.758,4.78,1.0,1
11.96,28.76,23.9,0.394,4.97,0.2,0
7.51,48.44,37.2,0.71,8.03,0.8,1
14.98,105.4,24.9,0.686,5.92,0.5,1
0.71,19.98,40.0,0.456,3.4,0.5,0
5.51,16.03,29.3,0.177,4.59,0.2,0
8.45,30.66,29.6,0.688,3.61,0.8,1
14.99,63.24,41.5,0.577,8.84,0.8,1
13.01,79.85,24.1,0.278,2.28,0.2,0
2.76,24.24,23.2,0.375,0.76,0.8,0
24.04,112.41,48.5,0.459,0.78,0.2,1
1.13,51.73,32.4,0.124,0.08,0.2,0
17.68,67.33,23.3,0.501,6.46,0.2,0
30.08,177.7,22.4,0.414,3.33,1.0,1
1.66,26.96,41.2,0.481,2.37,0.5,0
10.88,27.85,33.7,0.425,5.17,0.5,0
0.35,29.92,20.3,0.504,1.44,1.0,0
4.42,22.32,42.3,0.516,4.96,0.2,0
6.17,52.1,30.3,0.36,7.4,1.0,1
7.39,64.19,49.0,0.271,3.64,0.2,1
23.36,181.27,26.1,0.5,13.48,0.8,1
9.48,31.78,32.1,0.295,5.04,0.8,0
5.58,55.83,22.6,0.255,2.19,0.2,0
14.1,77.39,30.2,0.264,3.73,0.8,1
25.55,107.52,22.8,0.615,0.49,0.5,1
0.19,29.81,26.8,0.064,9.26,0.5,0
34.4,137.07,25.8,0.587,4.0,0.5,1
0.77,12.35,26.2,0.336,2.01,1.0,0
14.31,86.63,47.0,0.304,7.3,0.2,1
2.8,41.18,16.0,0.55,0.24,0.5,0
1.21,32.17,31.4,0.374,2.88,0.2,0
4.93,59.43,34.4,0.523,5.16,0.5,1
8.78,75.12,35.1,0.48,4.63,1.0,1
4.08,51.01,37.6,0.694,0.07,0.2,0
0.48,8.82,37.8,0.478,0.97,0.8,0
7.78,64.01,45.9,0.454,7.48,0.2,1
19.78,102.02,37.7,0.21,1.14,0.8,1
4.11,14.56,39.8,0.448,2.48,0.5,0
2.07,22.45,32.2,0.386,16.76,0.2,0
4.97,48.85,35.0,0.637,3.46,0.5,1
0.42,29.04,31.0,0.1,3.09,0.5,0
14.6,65.13,26.0,0.519,3.28,1.0,1
14.88,57.27,27.0,0.333,0.75,0.5,0
7.54,67.75,28.3,0.615,4.43,0.5,1
3.7,49.57,27.7,0.284,0.09,0.8,0
13.67,75.96,32.2,0.702,1.48,0.2,1
6.88,65.55,25.1,0.599,1.4,0.8,0
14.86,93.4,31.8,0.576,0.3,0.2,1
8.48,40.04,43.6,0.177,1.55,1.0,0
13.04,55.34,29.4,0.459,3.51,1.0,1
7.76,73.44,24.3,0.316,1.8,0.8,0
4.54,86.59,27.9,0.628,0.08,0.5,1
26.93,98.38,41.8,0.39,3.74,0.2,1
6.62,54.53,45.0,0.519,1.39,0.2,0
7.9,71.7,42.2,0.261,24.61,0.8,1
2.12,32.71,26.3,0.502,8.74,0.8,0
8.35,87.14,28.9,0.186,2.54,1.0,1
7.21,63.78,47.4,0.53,1.75,0.5,1
1.74,35.44,27.3,0.703,0.27,0.5,0
0.52,16.6,21.3,0.565,0.01,1.0,0
7.88,37.47,26.1,0.701,6.09,0.5,0
12.26,89.23,46.5,0.621,2.58,0.5,1
6.3,44.44,29.6,0.772,1.46,0.5,0
2.19,18.28,44.5,0.254,3.21,0.5,0
9.33,30.62,19.8,0.095,1.39,0.2,0
0.71,33.86,38.0,0.332,1.84,1.0,0
4.96,14.58,19.3,0.45,0.29,0.8,0
1.52,31.61,23.5,0.545,2.22,0.5,0
1.73,37.95,34.0,0.144,0.58,0.8,0
1.92,34.44,30.0,0.816,2.14,1.0,1
4.16,38.96,35.3,0.354,5.67,0.2,0
0.45,3.55,47.3,0.115,1.02,0.8,0
4.31,54.1,17.0,0.525,0.99,1.0,0
6.09,59.55,23.3,0.496,4.72,0.5,0
5.61,28.67,34.6,0.141,2.93,0.8,0
4.1,45.08,42.7,0.224,2.07,0.8,0
15.53,109.44,39.0,0.806,0.19,0.5,1
1.33,29.24,30.7,0.583,2.41,0.5,0
5.99,44.39,37.4,0.459,2.0,0.8,0
0.54,37.66,23.9,0.548,0.67,0.5,0
0.63,10.91,13.6,0.504,10.13,0.5,0
7.25,27.08,33.0,0.641,1.98,0.2,0
7.1,63.92,39.5,0.275,0.0,0.8,0
17.88,104.09,30.0,0.19,13.14,0.8,1
6.94,44.3,33.0,0.151,2.39,0.5,0
27.32,129.14,29.8,0.159,3.7,0.5,1
0.42,14.17,31.8,0.506,1.85,0.5,0
0.88,46.04,42.1,0.34,5.82,0.5,0
0.38,47.14,31.0,0.279,1.41,0.8,0
1.74,55.45,12.6,0.309,2.29,1.0,0
6.62,53.32,39.0,0.381,2.1,0.2,0
8.82,65.61,34.1,0.354,2.16,0.2,0
0.4,0.38,37.0,0.344,3.76,0.5,0
24.8,165.55,42.9,0.15,5.89,0.5,1
15.69,146.29,26.3,0.131,1.89,0.5,1
2.99,29.92,31.6,0.154,3.76,1.0,0
0.68,44.57,33.7,0.273,0.25,0.8,0
1.58,30.06,27.9,0.429,0.28,1.0,0
1.15,0.0,40.6,0.37,0.43,0.5,0
1.12,35.54,36.1,0.616,0.98,1.0,0
6.21,63.38,37.0,0.357,0.74,1.0,1
2.4,27.94,39.3,0.245,2.47,1.0,0
3.77,54.03,25.4,0.147,1.18,0.2,0
38.73,111.73,37.4,0.469,4.42,0.5,1
9.8,35.97,38.2,0.491,5.75,0.8,1
25.29,162.22,40.5,0.43,1.96,0.8,1
1.31,30.6,31.2,0.349,8.21,0.2,0
4.09,52.74,31.6,0.518,3.35,0.8,0
6.88,49.79,19.5,0.645,7.95,0.5,0
0.68,4.75,40.9,0.5,2.38,0.8,0
0.04,23.41,32.2,0.467,1.6,0.8,0
9.43,58.32,33.5,0.076,2.91,0.5,0
8.73,18.15,20.6,0.568,1.85,0.2,0
4.5,44.99,33.7,0.505,1.46,0.8,0
5.72,46.91,16.2,0.104,0.43,1.0,0
4.56,22.1,44.0,0.137,2.43,0.8,0
0.21,28.54,41.3,0.431,3.87,0.2,0
3.47,19.4,23.4,0.261,6.04,0.8,0
1.66,34.85,33.5,0.42,7.71,0.5,0
0.88,32.12,33.7,0.641,0.71,0.5,0
26.69,195.59,39.2,0.524,1.85,0.5,1
7.77,23.78,37.7,0.101,3.59,0.8,0
11.09,34.23,49.6,0.611,3.84,0.8,1
3.22,36.7,28.0,0.255,7.76,0.2,0
4.25,33.0,20.7,0.427,2.77,0.8,0
2.3,76.7,33.1,0.261,2.99,1.0,1
0.87,30.74,37.9,0.137,1.69,0.8,0
1.68,25.33,26.3,0.676,11.96,0.5,0
13.58,70.72,24.8,0.612,0.91,1.0,1
9.62,39.8,39.1,0.163,4.92,0.5,0
6.73,68.02,37.6,0.301,2.81,0.8,1
5.48,44.0,23.7,0.168,1.18,0.2,0
21.73,121.5,41.5,0.499,0.84,0.2,1
0.64,24.62,21.2,0.249,3.35,0.8,0
2.8,37.86,20.0,0.374,0.18,0.2,0
3.66,11.2,28.0,0.779,11.89,0.2,0
12.96,75.73,42.2,0.149,1.59,0.2,0
41.61,238.6,36.0,0.588,24.79,0.8,1
2.34,29.78,29.1,0.322,3.12,0.5,0
17.63,129.13,22.1,0.307,1.4,0.8,1
15.09,137.07,36.5,0.357,0.99,0.8,1
2.16,5.97,33.7,0.384,5.53,0.2,0
4.33,43.86,48.8,0.303,0.21,0.8,0
4.48,50.21,38.0,0.44,5.74,0.5,1
32.53,95.91,19.7,0.618,3.8,0.8,1
1.7,39.23,36.9,0.381,1.62,0.2,0
13.64,83.58,25.4,0.644,3.2,0.5,1
3.46,35.54,46.3,0.489,8.24,0.5,1
11.16,66.91,14.2,0.349,11.23,1.0,1
4.63,50.13,24.8,0.24,10.34,0.8,0
7.34,69.45,31.5,0.18,2.74,0.2,0
15.19,112.92,18.5,0.32,3.37,1.0,1
13.86,59.52,27.8,0.216,0.77,0.8,0
17.11,100.28,31.4,0.568,9.56,0.5,1
0.52,25.62,30.3,0.725,0.25,0.5,0
10.01,56.73,30.6,0.579,2.51,0.5,0
1.28,37.5,41.9,0.292,0.89,0.8,0
4.57,38.55,31.6,0.589,2.18,0.2,0
6.76,32.72,45.0,0.276,4.43,0.5,0
4.38,48.99,21.7,0.186,2.09,0.8,0
6.23,40.31,26.1,0.222,9.87,0.5,0
48.13,189.14,35.0,0.668,3.88,1.0,1
1.23,24.66,26.2,0.433,3.19,0.5,0
9.57,66.51,27.9,0.322,2.17,1.0,0
4.29,30.09,42.9,0.257,1.63,0.8,0
1.21,25.21,32.3,0.741,8.56,0.5,1
1.47,18.25,27.6,0.22,2.06,0.2,0
25.34,152.01,38.3,0.822,3.3,0.5,1
17.99,114.81,18.1,0.427,2.58,0.2,1
20.19,96.0,32.9,0.382,3.5,1.0,1
40.56,276.88,19.6,0.39,0.92,0.5,1
1.99,19.15,22.8,0.05,15.4,0.8,0
3.73,10.6,17.6,0.422,1.83,0.2,0
9.4,52.86,42.9,0.485,1.18,1.0,1
5.62,53.09,16.7,0.199,0.15,1.0,0
4.61,24.36,31.8,0.881,7.04,0.5,1
3.76,34.19,24.4,0.572,4.0,1.0,0
7.66,55.81,28.8,0.196,1.34,0.5,0
7.29,55.58,31.4,0.285,1.77,1.0,0
1.5,32.97,30.4,0.552,2.46,0.8,0
5.42,32.12,37.5,0.52,2.07,0.5,0
6.85,94.61,43.4,0.22,2.1,0.8,1
7.18,76.39,26.7,0.409,3.71,0.5,0
2.0,37.6,14.8,0.349,7.19,0.5,0
11.52,70.51,42.6,0.545,1.8,0.8,1
0.22,35.15,47.8,0.16,0.75,0.5,0
3.73,30.12,30.0,0.482,0.12,0.5,0
12.88,75.26,30.5,0.672,2.26,0.5,1
7.05,24.38,21.5,0.293,0.91,0.5,0
2.57,15.43,31.0,0.317,0.93,0.8,0
10.09,74.57,26.7,0.619,0.35,1.0,1
7.12,72.87,49.8,0.477,0.63,0.2,1
13.52,101.3,23.1,0.579,2.26,0.2,1
11.29,65.53,28.7,0.137,4.39,0.5,0
8.01,57.26,34.1,0.466,2.27,0.8,1
5.69,32.11,27.9,0.459,4.82,0.8,0
1.21,29.85,30.9,0.239,5.63,0.5,0
2.57,44.86,47.3,0.087,4.11,0.2,0
4.62,47.73,31.7,0.507,0.1,0.5,0
7.77,58.42,43.3,0.673,3.05,1.0,1
6.13,34.05,16.3,0.58,1.29,0.5,0
2.89,13.3,20.5,0.212,7.64,0.2,0
0.06,20.06,45.2,0.516,8.93,0.2,0
5.83,52.92,20.9,0.473,2.08,0.8,0
2.86,34.36,37.1,0.241,5.27,0.5,0
11.28,96.48,30.3,0.571,1.81,0.2,1
0.21,33.24,29.4,0.26,2.53,0.8,0
7.47,25.66,35.1,0.29,15.44,0.5,1
24.13,110.77,36.9,0.146,0.72,0.8,1
1.63,0.0,44.4,0.695,3.53,0.8,1
5.42,82.0,25.4,0.803,3.86,0.2,1
0.81,19.81,36.1,0.401,7.07,1.0,0
8.35,58.46,27.8,0.522,0.61,0.5,0
6.8,44.17,36.6,0.313,8.93,0.2,0
4.45,42.81,21.5,0.488,4.32,0.5,0
6.26,56.66,30.6,0.741,19.09,1.0,1
19.29,70.52,23.0,0.622,2.91,1.0,1
1.86,49.31,27.6,0.379,3.76,1.0,0
0.19,29.18,36.5,0.089,0.81,0.2,0
16.81,49.95,24.7,0.472,1.96,0.2,0
7.32,68.41,35.7,0.593,5.85,0.8,1
18.81,96.68,31.4,0.597,1.37,0.8,1
7.72,50.65,19.2,0.252,11.03,0.5,0
14.12,102.17,28.9,0.243,5.31,0.5,1
4.77,38.5,41.5,0.59,0.96,0.5,0
11.78,78.17,49.0,0.409,9.56,0.5,1
20.76,110.38,28.5,0.572,1.0,0.2,1
7.22,8.86,17.1,0.142,2.98,0.8,0
1.69,20.69,21.0,0.327,3.46,0.5,0
2.66,42.84,38.7,0.336,1.86,0.5,0
1.88,24.45,35.0,0.283,1.18,0.2,0
2.41,14.35,26.2,0.382,0.24,0.2,0
3.11,48.18,29.0,0.264,7.32,0.2,0
6.88,53.66,39.4,0.707,0.69,1.0,1
7.54,43.81,29.5,0.462,1.08,1.0,0
4.73,72.27,37.7,0.684,6.76,0.5,1
8.12,38.94,26.5,0.771,1.54,0.5,0
0.72,36.05,36.8,0.565,3.88,0.8,0
0.78,11.64,30.8,0.172,3.33,0.2,0
1.6,31.06,32.5,0.739,5.91,0.8,1
6.2,39.1,33.6,0.33,3.97,0.8,0
2.05,7.43,30.4,0.255,1.85,0.5,0
2.83,40.96,30.8,0.408,7.07,0.5,0
4.35,52.1,25.7,0.296,3.91,0.8,0
14.2,102.27,48.5,0.747,2.28,0.2,1
0.12,20.11,43.1,0.469,1.73,0.5,0
8.91,99.56,32.1,0.338,3.55,0.5,1
9.39,59.03,15.7,0.297,0.07,0.5,0
13.62,80.29,22.5,0.158,5.27,0.5,0
22.94,115.13,40.9,0.343,5.05,0.2,1
0.17,11.52,44.4,0.428,2.41,0.5,0
1.42,34.18,22.2,0.32,1.85,0.5,0
18.47,111.0,37.1,0.46,6.17,0.2,1
5.21,50.04,34.2,0.384,0.65,0.5,0
7.07,32.14,26.7,0.397,5.12,0.2,0
9.25,49.69,30.1,0.317,0.1,0.5,0
9.66,55.8,35.5,0.259,9.07,1.0,1
22.82,99.87,19.7,0.464,11.56,1.0,1
49.24,211.69,23.2,0.704,4.87,0.8,1
10.82,43.1,15.5,0.215,5.23,0.8,0
2.88,30.5,42.9,0.637,1.73,0.5,0
18.0,123.62,33.1,0.449,8.0,0.8,1
0.43,31.83,32.0,0.444,1.38,0.8,0
2.23,39.88,36.3,0.526,3.18,0.8,0
19.35,83.54,48.9,0.367,5.12,0.2,1
2.52,55.33,22.6,0.163,3.34,0.8,0
2.12,52.65,21.1,0.088,2.58,0.8,0
1.26,11.32,26.5,0.361,0.99,0.8,0
16.66,94.25,43.0,0.283,4.05,0.8,1
5.89,72.62,29.5,0.348,5.38,0.8,1
9.55,88.82,38.8,0.265,3.2,0.5,1
2.32,13.96,23.7,0.158,6.48,0.8,0
12.06,40.37,31.4,0.298,3.47,0.5,0
12.13,69.13,20.9,0.424,5.24,0.2,0
3.19,0.5,29.5,0.512,10.26,0.5,0
4.49,31.65,25.6,0.381,1.21,0.5,0
2.0,45.89,32.5,0.445,2.26,0.8,0
31.9,119.39,38.4,0.393,9.04,0.2,1
8.82,64.62,44.8,0.645,2.53,0.8,1
23.17,145.32,26.2,0.584,0.03,0.8,1
3.07,53.2,37.3,0.228,0.17,0.8,0
12.94,58.65,42.2,0.304,0.4,0.2,0
12.34,92.82,20.7,0.11,1.99,0.5,0
10.0,51.97,33.4,0.589,1.83,0.5,0
28.65,180.9,33.9,0.569,3.66,0.2,1
4.25,41.0,25.9,0.51,0.9,0.2,0
1.19,21.02,14.6,0.468,2.08,0.8,0
9.47,55.34,25.4,0.393,4.45,0.5,0
11.11,87.01,33.3,0.098,17.48,1.0,1
7.27,44.66,23.5,0.464,2.45,0.2,0
1.97,18.58,26.3,0.153,0.01,0.5,0
5.97,60.41,36.3,0.317,3.65,0.2,0
3.18,38.62,29.2,0.451,2.79,0.5,0
4.74,45.41,17.8,0.813,1.65,0.2,0
8.81,49.43,29.2,0.343,1.55,0.2,0
11.62,84.02,51.6,0.225,4.92,0.5,1
2.25,25.99,25.5,0.471,1.48,0.5,0
4.42,39.07,25.7,0.347,13.78,0.5,0
2.67,38.77,22.5,0.037,0.38,0.2,0
1.88,26.78,25.8,0.516,0.35,0.2,0
13.0,68.98,33.1,0.638,9.72,0.2,1
20.4,113.82,46.5,0.076,2.1,0.2,1
3.93,35.73,33.8,0.568,2.49,0.5,0
11.83,51.33,29.5,0.299,0.39,0.5,0
19.32,52.62,29.0,0.628,1.69,0.5,1
15.91,68.63,14.7,0.723,3.16,0.2,0
1.72,11.99,11.5,0.589,0.36,1.0,0
26.61,116.38,38.9,0.543,4.57,0.8,1
4.02,19.7,31.3,0.343,3.97,0.8,0
3.52,34.95,15.5,0.351,3.3,0.5,0
0.55,17.18,26.3,0.427,1.78,1.0,0
5.66,74.62,28.2,0.201,1.81,0.5,0
0.98,38.81,38.5,0.251,7.75,0.8,0
2.43,53.53,30.0,0.533,0.13,1.0,0
3.24,31.66,38.7,0.225,5.43,1.0,0
14.06,111.06,34.5,0.236,0.8,0.2,1
17.71,90.39,15.5,0.446,5.61,1.0,1
3.06,53.99,46.9,0.624,2.54,0.8,1
16.63,84.09,22.9,0.492,1.7,0.2,0
16.55,46.08,26.0,0.375,1.27,0.2,0
12.3,62.75,39.3,0.307,2.52,0.5,1
1.35,49.05,23.2,0.471,4.69,0.5,0
9.96,63.98,29.3,0.396,3.06,0.8,1
24.66,117.36,41.4,0.35,3.88,0.5,1
9.75,69.28,34.5,0.652,10.4,0.8,1
3.42,5.61,26.7,0.656,3.69,1.0,0
5.9,30.3,34.7,0.325,3.36,1.0,0
8.82,47.54,39.5,0.733,1.79,0.5,1
6.07,64.74,29.3,0.755,1.49,0.8,1
1.09,13.62,33.0,0.756,2.86,0.5,0
3.18,11.3,48.8,0.378,0.05,0.8,0
13.78,67.45,46.5,0.725,3.26,0.8,1
16.8,137.83,31.7,0.407,1.54,0.5,1
1.26,13.02,19.4,0.455,5.68,0.5,0
25.88,101.74,36.1,0.716,0.56,0.5,1
3.39,49.52,25.8,0.232,4.87,0.8,0
9.23,38.36,35.3,0.454,2.25,0.8,0
11.85,45.24,28.0,0.285,2.08,0.5,0
14.2,43.7,36.6,0.665,0.18,1.0,1
24.77,161.9,28.4,0.503,1.6,1.0,1
3.19,46.39,45.0,0.609,10.24,0.8,1
16.62,105.92,21.2,0.77,0.05,0.2,1
1.2,30.78,18.0,0.255,0.59,0.2,0
10.38,36.41,38.4,0.386,5.86,1.0,1
11.52,35.37,29.3,0.508,1.98,0.5,0
9.62,107.88,30.7,0.226,0.61,0.8,1
2.47,52.58,44.5,0.395,0.72,0.5,0
17.54,101.11,33.4,0.276,0.48,0.8,1
1.57,17.65,35.1,0.699,0.17,0.5,0
0.47,17.87,14.2,0.655,18.23,1.0,1
10.74,63.19,35.4,0.35,2.54,0.5,0
5.48,65.55,28.9,0.343,1.18,1.0,0
16.07,87.91,30.6,0.288,2.78,0.8,1
4.11,43.31,39.3,0.606,1.75,0.2,0
1.57,21.41,32.0,0.38,6.41,0.5,0
15.39,113.69,48.7,0.501,3.48,0.5,1
6.77,62.51,38.9,0.571,6.74,1.0,1
1.78,31.17,36.9,0.684,1.02,0.5,0
10.83,63.2,33.4,0.325,2.96,0.5,0
6.08,45.19,29.5,0.409,1.16,0.8,0
7.88,30.94,17.0,0.301,1.1,0.2,0
5.25,50.9,14.1,0.433,0.76,0.2,0
15.0,89.78,16.6,0.429,1.95,0.8,0
15.04,57.39,46.1,0.357,4.54,0.2,1
10.5,67.89,27.3,0.349,2.69,0.5,0
0.95,7.53,36.1,0.198,13.66,0.5,0
15.52,66.8,33.5,0.363,1.17,0.2,0
9.45,60.47,33.0,0.333,4.45,0.5,0
10.15,62.62,33.2,0.081,1.78,0.2,0
3.83,49.83,26.7,0.554,1.63,0.8,0
17.97,116.9,42.2,0.129,2.15,0.2,1
10.98,59.91,43.8,0.595,1.04,0.8,1
1.02,46.84,34.7,0.533,10.28,0.2,0
4.45,31.76,41.3,0.607,1.81,0.2,0
18.49,136.25,17.4,0.663,1.16,1.0,1
0.41,18.52,19.6,0.288,3.37,0.8,0
27.67,104.74,32.8,0.17,0.68,0.2,1
9.66,70.17,40.6,0.489,4.98,0.5,1
8.48,41.1,27.1,0.631,1.98,0.2,0
2.68,45.89,32.5,0.335,2.81,0.8,0
2.43,3.86,13.0,0.424,6.8,0.2,0
24.21,130.52,48.6,0.465,0.59,1.0,1
3.01,22.71,38.0,0.254,3.36,0.5,0
12.7,66.52,28.3,0.153,0.13,0.5,0
4.25,38.59,48.2,0.586,1.93,0.8,1
1.27,29.4,19.2,0.432,7.3,0.5,0
0.09,11.62,30.7,0.364,4.91,0.5,0
6.68,48.58,17.4,0.476,5.85,0.5,0
31.62,125.33,27.6,0.327,2.07,0.8,1
3.92,20.61,24.2,0.067,2.46,0.2,0
3.76,22.47,27.1,0.615,6.97,0.5,0
3.58,22.16,45.4,0.179,2.68,1.0,0
6.25,28.52,29.9,0.859,3.42,1.0,1
4.94,68.4,27.3,0.72,7.02,0.2,1
18.02,77.48,34.6,0.299,6.42,0.8,1
5.99,36.08,35.7,0.319,1.06,0.5,0
6.02,36.56,48.3,0.311,3.37,0.5,0
1.27,19.52,32.5,0.225,0.88,0.2,0
34.5,193.14,37.6,0.446,0.16,0.2,1
2.44,15.09,28.8,0.39,0.42,0.2,0
0.65,9.43,22.6,0.568,2.4,0.5,0
9.25,83.1,29.9,0.097,8.34,0.8,1
7.69,53.98,29.7,0.425,2.47,0.5,0
4.56,43.98,29.7,0.117,0.51,0.5,0
4.66,39.78,36.0,0.522,0.58,0.8,0
13.07,83.74,29.4,0.481,3.68,0.5,1
1.85,21.94,45.8,0.344,7.44,0.5,0
14.59,102.27,48.2,0.802,1.47,1.0,1
8.89,59.4,32.0,0.313,3.03,0.8,0
4.62,13.64,32.7,0.446,8.47,0.2,0
5.21,33.21,29.4,0.222,0.54,0.8,0
2.52,5.01,28.1,0.575,0.65,1.0,0
11.86,66.88,48.5,0.318,1.8,0.8,1
6.11,53.82,16.1,0.54,2.3,0.2,0
3.29,29.33,29.5,0.417,0.99,0.8,0
7.7,47.44,21.8,0.39,3.03,0.2,0
46.39,221.89,36.8,0.451,8.68,0.8,1
4.86,48.14,23.4,0.392,8.2,0.5,0
21.54,129.07,42.2,0.766,0.24,0.5,1
3.6,52.31,28.6,0.203,3.52,0.5,0
0.48,45.13,43.7,0.191,0.92,0.8,0
1.94,12.24,48.6,0.491,4.15,0.2,0
4.61,52.19,38.1,0.358,3.19,1.0,1
2.11,53.18,34.2,0.438,0.96,0.2,0
0.0,0.0,21.8,0.172,10.75,0.5,0
20.95,111.06,44.5,0.381,2.44,0.8,1
15.79,58.14,38.3,0.544,1.89,0.8,1
11.53,75.69,26.3,0.357,5.96,0.2,0
1.56,0.0,30.8,0.467,1.34,0.5,0
1.09,52.71,17.9,0.331,3.41,0.5,0
0.59,20.82,35.1,0.656,0.87,1.0,0
10.94,89.87,20.8,0.411,0.24,0.5,0
22.46,115.75,34.9,0.161,2.62,1.0,1
4.79,40.8,35.4,0.422,0.68,1.0,0
1.08,0.0,27.3,0.343,1.7,0.2,0
6.11,47.29,45.4,0.511,2.46,0.8,1
3.65,53.36,38.4,0.48,0.02,1.0,1
3.99,42.31,31.4,0.318,1.63,0.5,0
8.25,37.85,43.7,0.494,2.23,0.5,1
10.78,76.25,41.0,0.369,2.99,0.2,1
1.0,10.75,35.9,0.148,6.97,0.5,0
0.31,7.37,21.9,0.54,1.5,0.5,0
43.97,118.02,31.4,0.354,9.7,0.8,1
2.25,37.43,41.3,0.243,1.56,0.2,0
0.47,38.65,33.9,0.307,3.16,0.5,0
1.79,62.53,32.5,0.188,0.31,0.5,0
0.34,0.0,45.9,0.399,1.95,0.5,0
4.23,52.82,13.9,0.177,5.71,0.5,0
13.78,100.4,13.3,0.114,1.34,0.8,0
3.55,22.7,42.5,0.629,0.04,0.2,0
4.99,19.74,16.0,0.292,10.03,1.0,0
9.57,45.92,27.5,0.365,0.03,0.8,0
6.04,42.02,44.0,0.595,1.18,1.0,1
16.8,123.74,35.9,0.187,8.83,1.0,1
17.09,104.56,34.8,0.391,0.56,0.2,1
0.08,37.06,35.0,0.523,7.46,0.8,1
12.79,44.86,27.1,0.564,11.87,0.2,1
5.25,33.96,32.1,0.408,3.71,1.0,0
38.21,215.03,34.4,0.56,1.54,0.8,1
5.61,24.1,26.8,0.089,1.4,0.2,0
36.85,121.37,38.9,0.602,0.57,0.2,1
11.94,25.14,27.2,0.386,8.82,0.8,0
2.43,46.52,18.1,0.502,6.0,0.8,0
6.57,24.89,23.6,0.207,0.96,0.2,0
41.19,123.23,29.4,0.317,4.2,0.5,1
16.56,112.29,43.2,0.347,3.41,0.8,1
0.87,51.86,29.6,0.3,0.58,0.2,0
10.42,70.74,19.1,0.207,1.03,0.2,0
3.6,38.38,23.5,0.314,0.55,0.2,0
0.06,33.93,32.4,0.323,2.94,0.2,0
4.39,43.39,22.8,0.271,0.82,0.8,0
2.27,22.35,17.7,0.403,15.61,0.5,0
14.52,90.17,36.5,0.369,1.23,0.2,1
3.5,7.52,38.5,0.726,4.88,0.5,0
14.94,75.99,40.8,0.591,1.5,0.5,1
0.01,18.64,40.6,0.331,1.68,0.5,0
3.13,28.63,28.7,0.168,1.42,0.5,0
2.35,16.47,37.1,0.317,0.44,1.0,0
2.26,17.31,33.3,0.582,9.97,0.5,0
0.6,31.65,14.6,0.364,5.73,1.0,0
1.76,38.24,29.3,0.518,1.03,1.0,0
6.89,54.31,17.0,0.266,1.4,0.2,0
2.93,26.03,18.8,0.249,2.21,0.8,0
4.59,25.22,17.2,0.267,5.66,0.5,0
4.02,52.39,46.3,0.525,7.94,0.5,1
17.74,76.78,40.6,0.232,5.55,0.8,1
20.03,84.9,30.1,0.649,11.39,0.8,1
5.77,48.0,25.1,0.684,5.44,0.8,1
3.41,26.61,18.2,0.345,0.96,0.2,0
0.96,5.74,30.0,0.599,1.81,0.5,0
26.06,151.63,33.7,0.512,5.15,0.5,1
0.53,39.22,38.9,0.32,0.51,1.0,0
3.0,21.7,16.9,0.471,0.99,0.8,0
3.01,28.62,29.6,0.818,15.28,0.5,1
3.28,22.13,47.6,0.499,4.15,0.8,1
1.53,6.17,20.6,0.634,0.75,1.0,0
12.99,78.85,29.2,0.461,0.37,0.8,1
1.11,50.37,25.9,0.232,12.46,0.5,0
8.56,55.66,21.1,0.298,2.62,1.0,0
1.12,16.08,40.4,0.529,2.08,1.0,0
0.62,38.85,36.0,0.727,6.05,0.8,1
20.41,118.13,29.5,0.562,4.2,0.2,1
1.79,46.32,28.5,0.436,3.1,0.8,0
14.64,117.16,40.0,0.38,0.99,0.5,1
6.69,68.16,19.2,0.475,3.08,0.2,0
0.69,24.22,21.6,0.355,2.95,0.2,0
26.44,176.48,43.1,0.318,0.41,0.2,1
2.41,33.59,39.6,0.053,2.64,0.5,0
16.69,61.68,38.2,0.401,3.51,0.5,1
1.57,19.46,34.2,0.393,4.99,0.8,0
16.35,50.93,26.4,0.621,3.08,1.0,1
0.11,10.13,44.6,0.459,3.12,0.2,0
6.09,70.26,31.3,0.298,3.18,0.5,0
12.47,94.25,26.1,0.291,1.2,0.2,0
23.21,135.74,28.4,0.809,7.92,0.8,1
20.39,117.17,13.9,0.549,3.65,0.2,1
14.56,34.38,25.4,0.375,4.36,0.2,0
18.62,88.59,23.2,0.512,2.65,0.5,1
1.89,44.45,21.2,0.423,0.6,0.2,0
2.84,2.14,15.4,0.592,0.66,0.8,0
2.9,45.56,24.5,0.283,2.34,0.5,0
4.02,18.05,19.8,0.598,7.79,0.5,0
4.25,9.96,16.5,0.725,0.49,0.8,0
6.69,61.36,21.3,0.368,2.66,0.8,0
1.48,10.82,23.7,0.209,0.15,0.2,0
9.99,58.56,29.6,0.631,7.81,0.8,1
1.56,41.67,33.3,0.399,1.15,1.0,0
3.16,23.52,27.3,0.431,1.64,0.5,0
5.95,52.02,21.4,0.4,0.68,0.5,0
13.53,90.8,44.9,0.515,1.43,0.5,1
11.43,64.22,31.8,0.576,1.9,0.8,1
8.82,57.67,37.3,0.802,0.66,0.8,1
1.44,29.96,36.0,0.679,1.26,1.0,1
6.73,31.54,26.2,0.341,4.38,0.8,0
0.78,28.59,32.8,0.765,7.67,1.0,1
4.03,41.21,33.7,0.302,3.97,1.0,0
4.54,66.32,28.0,0.352,12.5,0.5,1
0.35,16.15,35.4,0.766,1.07,0.8,0
2.72,27.67,38.7,0.166,1.71,0.2,0
26.48,95.69,28.3,0.489,1.52,0.5,1
26.1,105.74,13.7,0.239,2.87,0.5,0
3.69,13.41,28.0,0.226,4.74,0.8,0
0.37,23.03,20.4,0.76,0.9,0.5,0
1.68,0.0,22.0,0.418,6.61,0.2,0
4.23,29.53,28.4,0.772,1.57,0.5,0
25.09,155.61,23.9,0.442,2.36,0.2,1
1.29,15.45,44.6,0.387,6.87,0.2,0
12.26,64.24,34.9,0.102,1.51,0.5,0
0.98,16.57,31.9,0.427,4.22,0.5,0
33.8,172.65,13.0,0.209,2.37,0.2,1
4.09,51.46,19.8,0.591,1.21,0.5,0
12.69,50.99,38.7,0.338,2.26,0.8,1
3.57,41.03,29.0,0.328,5.41,0.2,0
8.4,74.36,16.5,0.484,4.19,0.2,0
1.81,14.46,39.9,0.319,5.34,0.5,0
1.34,27.53,26.7,0.245,1.43,0.2,0
23.64,103.51,28.9,0.41,5.59,0.5,1
21.22,86.54,47.4,0.148,1.97,1.0,1
18.57,82.65,13.8,0.376,2.93,0.2,0
8.35,45.38,36.7,0.262,8.01,0.8,1
14.04,57.27,45.4,0.512,4.81,0.2,1
0.61,39.21,17.7,0.137,4.78,0.8,0
3.47,30.8,41.4,0.409,2.63,1.0,0
3.2,46.82,29.6,0.57,3.29,0.8,0
8.58,52.95,41.9,0.302,5.34,1.0,1
3.74,37.89,26.9,0.355,0.02,0.8,0
1.37,22.38,48.2,0.605,2.03,0.5,0
7.71,79.33,34.8,0.372,1.35,0.2,0
14.31,60.85,34.3,0.791,1.12,1.0,1
4.09,12.01,39.2,0.721,6.71,0.2,0
1.21,20.97,30.1,0.378,2.46,0.5,0
1.86,34.67,25.5,0.197,0.19,0.5,0
2.3,5.18,25.6,0.598,14.17,1.0,1
3.03,17.15,27.5,0.716,0.6,0.2,0
8.75,44.87,34.1,0.452,2.16,0.5,0
7.81,54.78,40.3,0.579,3.8,0.2,1
10.12,72.28,31.5,0.401,3.16,1.0,1
3.83,36.7,29.3,0.5,2.17,0.5,0
14.77,99.31,38.8,0.242,1.38,0.5,1
1.94,35.82,26.4,0.177,3.2,0.2,0
5.38,65.57,35.8,0.82,7.35,0.2,1
13.72,68.4,19.9,0.74,1.04,1.0,1
1.69,23.51,20.2,0.433,0.25,0.8,0
0.99,18.72,34.7,0.444,1.68,0.8,0
18.29,98.83,18.7,0.283,5.23,0.8,1
3.57,73.09,22.0,0.509,18.05,0.8,1
9.79,68.64,34.2,0.058,4.0,0.5,0
0.22,8.27,30.1,0.602,2.71,1.0,0
9.96,40.73,32.8,0.285,0.3,0.2,0
3.23,51.54,47.6,0.348,1.59,0.8,1
0.49,8.97,34.4,0.228,0.22,0.5,0
8.0,64.98,33.5,0.27,2.07,0.5,0
2.34,19.37,28.7,0.309,2.56,0.5,0
4.16,24.34,34.4,0.461,1.22,0.2,0
0.71,32.6,13.5,0.373,0.28,0.5,0
1.35,18.18,32.7,0.633,2.12,0.5,0
3.01,41.36,18.0,0.697,13.45,1.0,1
0.8,32.2,24.3,0.491,1.48,0.5,0
20.55,125.28,32.8,0.212,1.43,0.2,1
0.05,16.28,35.3,0.203,0.61,0.8,0
5.62,47.46,28.9,0.197,3.08,0.8,0
1.12,9.16,29.7,0.485,2.92,0.8,0
3.13,0.0,31.5,0.765,1.85,0.2,0
22.14,162.15,37.8,0.476,8.53,0.2,1
1.5,28.42,14.0,0.406,0.38,0.5,0
28.7,103.9,30.3,0.491,9.66,0.2,1
1.96,6.4,13.6,0.32,2.02,0.8,0
11.5,44.32,27.2,0.398,0.56,0.2,0
6.72,45.01,31.9,0.586,3.15,0.8,1
18.35,136.49,18.6,0.388,4.33,0.5,1
6.86,58.5,31.2,0.322,1.25,0.5,0
6.5,51.24,44.0,0.324,6.89,0.2,0
1.85,26.14,35.7,0.657,0.04,0.5,0
1.55,58.32,38.5,0.216,1.63,0.5,0
21.1,111.48,33.2,0.471,7.99,0.2,1
3.38,19.1,42.7,0.238,4.3,0.5,0
3.96,31.7,21.6,0.247,0.96,0.8,0
12.12,87.63,30.4,0.346,2.3,1.0,1
3.52,17.44,33.6,0.364,1.19,0.5,0
25.82,175.46,41.7,0.199,2.44,0.8,1
11.38,73.12,26.9,0.29,6.9,0.2,0
7.73,17.33,11.0,0.549,0.2,0.2,0
18.09,128.93,47.4,0.547,1.07,0.8,1
0.43,20.92,14.9,0.305,0.12,1.0,0
2.53,30.9,21.9,0.339,18.08,0.5,0
5.32,29.07,29.7,0.58,0.66,0.2,0
2.19,20.07,31.4,0.607,1.26,0.2,0
11.58,79.03,40.2,0.485,7.29,1.0,1
21.38,126.69,30.3,0.614,2.72,0.5,1
4.69,18.89,32.5,0.221,10.98,0.5,0
3.56,7.38,23.6,0.39,3.39,0.5,0
27.7,102.22,33.0,0.351,4.86,0.5,1
5.0,35.17,27.9,0.441,3.65,0.8,0
5.71,35.83,19.6,0.424,5.08,0.2,0
3.68,26.02,45.3,0.111,1.19,0.5,0
20.43,92.72,18.7,0.076,1.53,0.8,0
7.15,38.6,35.6,0.623,3.51,0.2,0
12.21,100.46,43.2,0.547,7.48,1.0,1
14.2,85.87,22.9,0.498,0.99,0.5,0
3.56,31.26,24.8,0.587,11.96,0.8,1
4.83,37.35,29.9,0.653,2.25,0.2,0
16.04,80.52,26.5,0.672,0.55,0.5,1
3.84,43.82,37.8,0.447,7.81,0.5,1
13.43,93.22,27.7,0.627,9.99,0.5,1
24.06,178.88,48.6,0.342,6.58,0.5,1
8.3,71.65,41.1,0.542,2.17,0.8,1
11.5,49.45,42.6,0.381,10.91,0.2,1
13.9,83.13,17.7,0.362,1.53,0.8,0
15.85,92.92,22.8,0.618,0.35,0.5,1
4.27,32.61,22.5,0.264,1.6,0.5,0
0.45,33.38,35.4,0.316,1.73,0.5,0
4.37,26.96,13.3,0.231,6.14,0.8,0
9.52,68.94,39.2,0.386,4.77,0.2,1
5.09,21.23,32.5,0.465,3.69,0.2,0
11.75,92.79,32.9,0.125,0.81,0.5,0
3.75,19.11,32.3,0.502,6.11,0.2,0
8.56,46.04,32.2,0.551,0.12,0.5,0
1.75,25.15,23.5,0.199,0.94,0.8,0
11.76,71.17,26.2,0.486,3.03,0.5,0
6.71,35.43,31.2,0.522,2.46,0.5,0
1.94,25.32,35.5,0.457,4.46,0.8,0
2.93,38.87,25.9,0.552,5.99,1.0,0
11.74,46.32,39.2,0.195,7.61,0.8,1
5.6,29.49,39.4,0.316,12.73,0.8,1
2.07,22.09,25.9,0.721,3.06,1.0,0
29.07,165.59,32.8,0.498,3.3,1.0,1
10.67,66.36,28.0,0.964,3.13,0.2,1
26.77,134.42,23.3,0.401,8.61,0.5,1
4.73,40.17,39.2,0.23,5.62,0.2,0
5.48,39.85,49.3,0.288,2.61,0.5,0
19.4,75.51,32.9,0.406,4.38,0.8,1
6.33,87.68,43.5,0.135,1.38,1.0,1
10.44,101.17,34.7,0.577,0.69,0.2,1
2.47,18.51,32.9,0.244,0.18,0.2,0
5.03,62.81,31.1,0.306,2.04,0.5,0
1.12,22.45,24.8,0.472,1.77,0.2,0
1.96,51.19,18.8,0.454,5.4,0.2,0
0.01,25.09,30.2,0.395,2.66,0.5,0
0.34,23.16,32.8,0.084,0.71,0.8,0
32.17,156.01,31.7,0.58,0.39,0.5,1
2.36,14.96,36.0,0.371,0.31,0.2,0
9.25,61.05,23.3,0.41,0.07,0.5,0
15.53,114.6,28.1,0.268,0.29,0.2,0
6.8,26.36,29.6,0.555,5.33,0.5,0
1.41,13.39,23.1,0.472,5.64,0.5,0
11.07,75.77,43.1,0.528,1.67,0.2,1
7.79,29.32,35.6,0.647,0.13,0.5,0
11.17,56.17,19.2,0.539,0.52,0.5,0
12.48,108.6,36.5,0.188,2.69,0.5,1
31.5,213.74,32.5,0.147,14.34,0.8,1
7.24,57.56,32.0,0.531,0.5,1.0,1
3.55,8.21,49.1,0.705,0.64,0.5,0
8.89,56.6,34.1,0.238,1.97,0.2,0
0.6,53.8,42.7,0.42,3.63,0.8,1
19.35,62.39,43.5,0.596,1.89,0.5,1
1.08,42.26,19.7,0.258,3.74,0.8,0
3.38,20.12,12.8,0.517,0.26,0.5,0
14.38,52.27,30.1,0.443,0.75,0.2,0
7.73,55.34,38.1,0.193,0.28,1.0,0
4.25,37.98,39.8,0.537,7.9,0.5,1
5.45,43.95,38.6,0.172,6.09,0.8,0
16.39,52.4,30.3,0.245,1.18,0.5,0
3.53,18.34,37.5,0.538,5.33,1.0,1
17.32,66.58,36.6,0.221,6.33,0.8,1
0.78,16.16,27.0,0.566,7.24,0.8,0
12.75,48.79,22.5,0.47,2.16,0.8,0
15.99,122.67,34.2,0.589,13.19,0.5,1
1.71,31.27,35.5,0.618,8.47,0.5,1
4.78,51.22,32.9,0.546,4.7,0.8,1
1.54,29.92,24.0,0.5,0.12,0.5,0
10.42,63.38,26.0,0.229,5.08,0.5,0
6.51,41.31,36.4,0.104,3.76,0.8,0
8.57,73.24,46.4,0.371,11.06,0.2,1
1.86,41.08,45.2,0.635,2.3,0.8,1
2.02,14.17,31.9,0.228,3.37,0.5,0
0.36,0.0,42.2,0.442,3.2,1.0,0
3.3,37.22,15.2,0.223,0.09,1.0,0
6.97,58.7,41.2,0.394,0.91,0.8,1
16.59,94.79,31.0,0.235,0.77,0.5,1
9.34,66.84,38.5,0.334,1.67,0.8,1
4.86,46.73,12.3,0.534,1.23,0.2,0
26.01,110.52,41.5,0.272,1.48,0.5,1
10.8,59.21,33.6,0.567,0.29,0.5,0
22.62,98.38,24.9,0.385,0.63,0.8,1
6.37,21.49,27.9,0.667,2.68,0.5,0
2.55,25.33,23.6,0.449,2.7,0.8,0
0.46,20.79,29.8,0.539,0.39,0.8,0
11.01,91.08,27.5,0.459,3.53,0.5,1
1.1,18.52,32.2,0.43,14.54,0.5,0
3.07,40.82,39.5,0.561,1.89,0.8,1
6.46,67.24,48.1,0.381,0.67,0.5,1
7.06,43.17,25.2,0.416,20.53,0.2,1
7.8,64.86,19.9,0.291,2.84,0.8,0
1.55,53.59,29.1,0.506,1.06,0.2,0
4.06,37.24,21.5,0.133,7.97,0.2,0
8.16,60.38,40.2,0.732,0.51,0.8,1
29.75,196.66,31.5,0.528,0.78,0.5,1
11.06,81.85,34.1,0.297,5.38,0.5,1
21.75,140.37,21.8,0.139,9.2,1.0,1
12.21,78.55,37.5,0.734,2.14,0.8,1
7.61,59.26,47.3,0.149,0.28,0.8,0
1.81,23.87,31.1,0.723,3.73,0.5,0
9.34,50.29,46.4,0.337,5.5,0.2,1
8.3,52.76,15.7,0.198,2.84,0.5,0
7.84,60.47,15.7,0.317,1.89,0.5,0
5.72,18.85,46.2,0.22,4.3,0.2,0
6.39,35.98,36.1,0.342,2.43,0.5,0
3.46,19.39,23.2,0.656,5.78,0.5,0
6.23,49.86,28.3,0.205,0.02,0.5,0
1.87,8.33,31.7,0.299,3.56,1.0,0
13.9,62.83,36.2,0.726,7.1,0.2,1
1.75,52.64,40.5,0.73,4.35,0.2,1
0.75,43.47,18.7,0.373,3.19,1.0,0
4.87,6.11,35.0,0.324,0.96,1.0,0
9.13,37.44,31.0,0.146,3.04,1.0,0
4.89,26.08,33.6,0.204,6.41,1.0,0
2.75,16.16,31.7,0.509,7.42,0.5,0
6.94,33.7,30.4,0.197,3.86,1.0,0
3.62,38.84,23.8,0.345,15.8,0.5,0
22.96,130.62,30.9,0.725,0.48,0.5,1
21.75,96.5,23.2,0.227,4.37,0.2,0
5.93,42.45,16.4,0.654,0.17,0.8,0
3.38,28.65,28.6,0.158,7.32,0.5,0
11.36,57.13,14.8,0.73,5.71,0.5,0
0.32,20.11,32.8,0.514,6.41,0.2,0
5.47,52.32,18.2,0.699,1.7,0.8,0
3.48,37.83,30.1,0.452,0.92,0.8,0
21.53,133.83,47.9,0.132,0.91,0.2,1
0.1,0.0,13.0,0.463,9.07,0.5,0
6.84,67.7,28.4,0.528,2.81,0.5,0
11.47,52.63,35.4,0.28,0.8,0.8,0
5.64,50.91,22.1,0.439,0.31,0.5,0
0.76,0.0,32.8,0.668,2.05,0.8,0
30.53,102.91,25.4,0.189,0.56,0.2,1
6.2,49.9,24.3,0.619,1.67,0.5,0
8.1,69.46,42.6,0.244,0.55,0.8,1
2.29,73.05,23.7,0.763,2.97,0.8,1
5.62,42.44,28.7,0.155,0.26,0.8,0
4.77,60.07,22.5,0.322,0.24,0.5,0
0.66,30.13,26.2,0.58,6.44,0.5,0
0.95,14.72,26.5,0.125,0.33,0.5,0
15.44,83.6,27.4,0.502,13.21,0.5,1
2.33,29.38,34.6,0.282,3.28,0.2,0
1.84,42.88,37.3,0.367,1.32,0.2,0
5.98,69.52,31.7,0.636,1.21,0.2,0
12.45,84.56,33.9,0.355,4.15,0.5,1
0.54,18.69,39.5,0.433,7.55,0.5,0
7.31,63.22,51.4,0.453,2.8,0.2,1
1.08,44.28,30.5,0.186,5.5,1.0,0
0.32,7.64,44.7,0.327,10.43,1.0,1
0.46,15.28,31.3,0.622,3.53,1.0,0
15.27,120.6,38.5,0.519,2.08,0.2,1
1.07,23.76,33.1,0.383,0.45,0.8,0
0.39,7.27,42.1,0.258,4.46,1.0,0
4.9,49.55,30.4,0.301,7.26,0.2,0
15.79,85.0,36.0,0.2,0.07,0.8,1
2.59,22.93,30.8,0.479,3.95,0.5,0
4.66,40.41,41.0,0.384,0.27,0.5,0
0.35,12.78,49.8,0.774,10.86,0.5,1
5.07,25.5,25.0,0.785,2.03,0.5,0
7.33,55.29,30.9,0.477,0.78,0.8,0
7.19,54.29,18.7,0.404,0.86,0.2,0
3.43,13.74,21.4,0.252,0.36,0.2,0
3.22,23.14,44.3,0.07,4.07,0.2,0
0.96,27.06,32.4,0.658,8.01,0.5,0
3.88,58.14,29.1,0.33,1.82,0.8,0
0.89,20.27,35.4,0.566,2.88,0.5,0
12.37,50.16,32.8,0.28,1.14,0.5,0
28.81,139.52,26.3,0.553,5.69,0.5,1
29.83,140.57,24.5,0.638,3.98,0.5,1
17.03,82.41,33.4,0.468,24.08,1.0,1
7.81,53.28,23.2,0.446,7.24,1.0,1
10.26,37.41,21.3,0.553,0.58,0.8,0
2.85,84.14,27.2,0.553,7.06,0.2,1
8.47,45.87,41.2,0.182,0.21,1.0,0
5.17,47.62,15.8,0.545,0.61,0.2,0
5.59,16.2,40.2,0.196,1.85,1.0,0
12.05,54.48,34.2,0.518,0.8,0.8,1
2.81,32.51,16.1,0.375,1.28,1.0,0
3.25,36.84,33.7,0.614,4.71,0.8,1
21.98,148.17,29.8,0.346,3.13,0.8,1
0.49,25.74,40.4,0.507,1.93,1.0,0
5.65,33.53,43.2,0.39,3.95,1.0,1
20.74,89.67,26.3,0.411,0.0,0.5,1
8.01,62.88,38.5,0.482,8.03,1.0,1
6.72,29.26,26.9,0.506,1.91,0.5,0
2.44,9.25,26.5,0.292,2.55,1.0,0
3.57,42.48,23.3,0.382,0.47,0.5,0
16.24,62.1,35.6,0.247,5.38,0.5,1
6.96,68.35,25.5,0.269,20.15,0.2,1
6.15,24.27,30.7,0.68,5.52,1.0,1
0.89,26.89,39.4,0.221,0.57,0.8,0
0.14,34.51,38.8,0.192,10.1,0.2,0
28.18,118.88,41.0,0.264,3.34,0.5,1
4.02,68.01,22.2,0.698,7.64,0.2,0
7.86,80.12,33.4,0.47,2.08,0.5,1
0.71,27.27,43.5,0.481,1.24,1.0,0
9.77,60.63,16.2,0.75,0.08,0.5,0
22.92,169.33,38.9,0.235,11.28,0.2,1
7.29,61.04,25.1,0.652,0.63,0.5,0
1.15,32.47,35.3,0.408,5.79,0.8,0
7.41,32.98,36.6,0.192,1.24,0.5,0
12.36,46.9,44.1,0.102,3.21,0.8,0
4.43,24.21,31.7,0.545,6.64,0.8,0
18.01,156.05,40.7,0.222,1.64,0.8,1
8.89,48.52,16.5,0.285,2.15,0.8,0
19.51,85.82,29.7,0.432,0.59,0.8,1
8.3,72.59,30.2,0.066,2.07,0.5,0
1.2,12.47,32.3,0.344,6.64,0.2,0
3.15,44.67,31.1,0.086,8.06,0.2,0
1.92,27.18,46.8,0.144,3.82,1.0,0
20.36,102.49,18.5,0.265,2.4,0.8,1
12.14,73.51,25.6,0.178,0.88,0.5,0
9.59,45.69,46.9,0.074,2.31,0.8,0
3.04,23.13,30.3,0.21,6.24,0.5,0
1.73,18.38,33.0,0.581,1.41,0.2,0
12.01,54.87,18.7,0.428,6.14,0.5,0
5.46,23.88,26.2,0.429,0.01,1.0,0
2.18,8.48,16.1,0.522,1.63,0.2,0
8.15,54.23,21.3,0.689,17.57,0.2,1
0.35,19.0,34.4,0.449,9.19,0.5,0
3.36,32.84,37.9,0.742,3.96,0.5,1
5.37,38.77,41.6,0.487,2.58,0.5,0
1.36,62.82,25.2,0.312,4.68,0.5,0
35.5,222.45,27.5,0.637,15.03,0.2,1
1.99,24.48,33.0,0.379,0.12,0.5,0
1.19,28.52,18.8,0.311,1.23,0.2,0
1.93,44.19,39.3,0.202,20.29,0.8,1
12.46,60.94,31.1,0.762,3.52,1.0,1
4.71,47.45,46.6,0.579,4.99,1.0,1
7.08,51.58,20.4,0.528,5.33,0.5,0
0.18,16.3,21.1,0.354,1.91,0.8,0
0.3,23.11,27.9,0.338,10.75,0.5,0
5.02,65.85,23.8,0.503,0.68,0.2,0
14.42,79.15,36.0,0.604,6.34,0.5,1
18.4,60.82,45.3,0.397,3.05,1.0,1
0.77,17.19,19.1,0.456,1.29,0.5,0
6.57,9.74,25.0,0.258,2.48,0.8,0
20.78,81.82,24.8,0.236,2.89,0.5,0
4.17,61.59,31.7,0.363,1.72,0.5,0
15.04,43.4,30.4,0.411,1.38,0.2,0
1.22,28.39,36.9,0.695,2.23,1.0,1
23.29,124.43,37.0,0.279,6.88,0.2,1
11.83,68.99,33.1,0.353,4.74,0.8,1
24.11,168.03,33.5,0.783,0.32,0.5,1
9.6,35.43,40.5,0.202,5.53,0.5,0
3.84,40.34,29.2,0.567,10.01,0.5,1
23.66,130.66,13.4,0.148,12.07,0.5,1
2.74,12.31,24.0,0.541,1.98,0.2,0
3.43,43.32,15.7,0.467,9.45,0.2,0
10.26,75.01,29.1,0.393,0.7,1.0,1
12.32,92.29,28.2,0.63,1.94,0.5,1
22.53,85.2,19.5,0.186,2.69,0.5,0
1.95,47.4,37.7,0.398,0.77,0.5,0
13.6,105.15,32.6,0.63,4.43,0.2,1
11.4,74.37,24.4,0.2,2.01,0.2,0
0.56,5.58,37.8,0.501,0.52,1.0,0
4.16,55.5,35.3,0.52,2.84,0.2,0
2.82,31.32,23.3,0.657,1.28,0.8,0
3.09,19.02,48.2,0.36,10.76,0.8,1
34.61,208.66,22.8,0.6,6.64,0.2,1
8.75,68.15,38.2,0.294,6.47,0.8,1
10.75,50.18,46.8,0.262,3.91,1.0,1
31.92,213.79,36.8,0.487,0.39,0.8,1
4.03,70.88,35.2,0.321,2.24,0.5,0
13.76,74.51,43.0,0.405,3.97,0.2,1
4.85,41.01,25.8,0.792,0.84,1.0,1
17.31,123.54,26.0,0.576,1.96,0.8,1
1.69,4.95,34.6,0.019,2.5,1.0,0
25.08,122.84,42.0,0.345,6.83,1.0,1
2.1,30.95,34.1,0.53,1.82,0.2,0
3.36,28.51,47.6,0.116,1.63,0.5,0
12.0,77.81,24.4,0.477,4.92,0.5,1
4.25,8.61,39.9,0.58,1.58,0.2,0
7.96,35.35,44.2,0.335,0.4,1.0,1
5.0,51.46,29.9,0.393,5.86,0.8,0
11.53,100.6,46.3,0.427,1.75,0.2,1
2.2,14.56,23.7,0.358,16.41,0.8,0
0.51,25.09,45.7,0.557,2.69,0.2,0
3.03,48.51,43.0,0.591,0.25,0.8,1
5.47,28.79,17.8,0.396,5.47,0.8,0
1.56,36.62,31.9,0.529,1.8,0.5,0
3.72,37.81,32.1,0.163,0.5,0.5,0
4.34,60.86,17.3,0.209,3.09,0.8,0
0.5,2.89,16.0,0.37,1.09,0.5,0
7.44,26.34,12.2,0.166,10.65,0.2,0
18.34,96.64,32.0,0.269,4.59,1.0,1
1.4,28.79,30.7,0.669,2.04,0.2,0
7.74,49.7,44.9,0.127,5.59,0.8,1
9.29,74.51,27.8,0.258,2.37,0.5,0
4.62,25.79,35.1,0.327,9.62,0.5,0
10.26,33.79,12.6,0.395,4.73,0.5,0
4.5,36.26,35.2,0.483,14.64,0.2,1
5.97,30.86,43.5,0.339,1.57,0.2,0
0.06,16.02,28.1,0.183,6.71,0.2,0
10.0,71.35,27.0,0.28,1.26,0.5,0
9.2,56.73,34.3,0.254,1.57,1.0,0
0.33,29.42,27.4,0.474,1.05,0.2,0
3.9,39.91,29.3,0.3,6.9,0.2,0
32.85,176.89,25.9,0.414,8.77,0.5,1
4.64,30.89,27.9,0.524,0.83,0.5,0
5.92,31.95,35.6,0.407,7.61,0.8,1
20.46,90.06,43.9,0.336,12.71,0.2,1
10.74,69.94,33.3,0.335,2.88,1.0,1
7.42,36.19,13.0,0.237,1.06,0.2,0
13.59,76.56,25.6,0.645,10.17,0.5,1
16.98,95.03,45.7,0.539,9.79,0.8,1
5.19,44.21,43.3,0.653,0.54,0.2,0
5.48,54.82,20.3,0.098,12.09,0.2,0
4.15,6.6,43.2,0.407,1.37,0.2,0
28.92,91.96,46.5,0.619,2.22,1.0,1
10.15,21.06,27.3,0.387,3.06,0.2,0
0.74,26.17,36.2,0.605,1.52,0.5,0
16.89,110.7,32.8,0.67,0.25,1.0,1
5.57,16.21,27.6,0.415,4.8,0.5,0
0.61,5.04,21.9,0.481,5.58,0.2,0
6.78,31.15,28.4,0.229,2.88,0.2,0
4.59,42.9,44.2,0.236,2.14,1.0,0
17.86,88.21,39.4,0.202,4.94,1.0,1
1.94,27.0,27.5,0.153,19.7,0.2,0
14.89,94.98,32.5,0.4,10.23,0.5,1
6.93,34.85,29.4,0.341,3.14,0.8,0
0.48,39.34,30.8,0.467,6.46,0.8,0
30.35,160.16,37.8,0.66,0.94,0.2,1
6.11,30.07,32.4,0.589,1.77,0.2,0
2.92,20.18,22.9,0.445,12.3,1.0,0
5.39,29.1,25.8,0.224,3.08,0.8,0
16.58,87.08,32.9,0.436,2.94,0.5,1
3.09,42.26,35.9,0.319,1.05,1.0,0
1.82,27.08,31.7,0.253,2.58,0.5,0
1.17,52.46,34.1,0.655,0.7,0.2,0
3.01,59.43,38.7,0.591,5.02,0.8,1
12.87,73.76,32.5,0.48,7.84,0.8,1
5.42,38.91,47.6,0.101,5.65,0.2,0
2.19,21.48,24.8,0.466,0.5,0.2,0
1.54,13.33,43.8,0.54,3.13,0.2,0
3.44,55.46,25.1,0.663,1.73,0.2,0
23.9,88.48,32.2,0.435,1.49,0.8,1
3.57,50.31,30.5,0.209,6.05,0.2,0
37.68,165.49,28.6,0.361,2.48,0.2,1
5.64,30.52,46.4,0.348,7.16,1.0,1
1.68,56.23,25.9,0.528,1.98,0.5,0
18.85,64.21,35.5,0.626,2.99,0.5,1
5.24,33.07,39.2,0.649,1.47,0.5,0
10.51,41.7,23.5,0.317,1.94,0.5,0
35.0,152.74,47.3,0.47,4.39,0.5,1
0.44,26.67,32.5,0.435,1.27,1.0,0
0.86,0.0,43.5,0.556,22.81,1.0,1
10.83,77.88,35.2,0.578,6.43,1.0,1
2.81,42.24,34.8,0.098,0.49,1.0,0
1.73,9.85,27.9,0.386,0.99,1.0,0
0.34,16.2,38.1,0.502,4.24,0.5,0
0.19,1.42,15.2,0.101,0.73,0.5,0
12.66,77.98,32.7,0.113,0.02,0.5,0
1.23,27.9,15.4,0.382,3.98,0.8,0
5.36,45.73,26.8,0.311,1.01,0.2,0
7.91,39.36,19.4,0.379,0.73,0.2,0
4.75,15.91,43.4,0.495,4.3,0.8,1
0.23,26.37,34.3,0.232,1.99,0.5,0
13.01,27.2,35.3,0.143,10.81,0.8,0
0.09,20.71,40.8,0.672,1.18,0.8,0
12.2,33.47,37.0,0.474,1.07,0.2,0
19.02,110.45,20.7,0.522,3.16,0.8,1
4.82,36.34,34.1,0.288,2.58,1.0,0
6.52,46.69,47.7,0.517,0.38,0.5,1
5.51,55.55,24.1,0.655,3.55,0.2,0
4.19,55.19,34.1,0.49,5.12,0.2,0
18.57,58.41,32.9,0.56,0.83,0.2,0
19.07,86.88,29.0,0.451,1.11,0.8,1
3.48,66.33,45.8,0.453,0.26,0.8,1
8.11,68.93,28.1,0.388,0.8,0.2,0
22.24,115.63,19.3,0.377,1.84,1.0,1
27.81,164.53,46.4,0.786,4.21,0.8,1
6.05,37.12,36.9,0.456,2.69,0.5,0
5.13,20.05,27.8,0.303,0.78,0.5,0
2.78,44.39,26.1,0.114,0.46,0.8,0
27.12,173.2,44.2,0.36,2.6,0.5,1
1.31,5.35,25.9,0.281,11.85,0.5,0
7.37,58.87,32.3,0.114,1.44,0.2,0
2.82,28.33,24.1,0.862,0.65,0.8,0
2.78,3.63,50.0,0.378,6.68,0.5,0
4.41,10.51,38.1,0.173,1.28,0.8,0
57.12,173.71,32.9,0.081,0.43,1.0,1
0.48,20.97,37.4,0.279,17.69,0.5,1
7.34,34.86,43.6,0.551,0.91,1.0,1
0.73,9.68,46.4,0.159,1.62,0.2,0
1.43,17.8,38.6,0.478,0.82,0.5,0
4.92,48.96,40.7,0.751,11.5,0.8,1
6.07,44.45,29.2,0.381,4.34,0.2,0
2.55,49.69,29.0,0.277,5.1,0.5,0
3.23,32.24,39.3,0.389,0.41,0.8,0
0.77,48.44,37.8,0.424,4.24,0.5,0
3.07,43.35,42.9,0.568,2.79,0.5,1
28.88,135.12,21.1,0.105,2.46,0.2,1
24.61,103.1,35.9,0.239,2.7,1.0,1
3.47,12.29,34.8,0.207,3.77,0.2,0
7.19,38.99,39.0,0.314,0.33,0.5,0
20.43,128.19,14.8,0.688,3.36,0.5,1
0.05,29.31,39.9,0.341,2.53,0.2,0
14.15,51.76,27.4,0.501,1.75,0.2,0
25.19,177.6,35.8,0.226,3.05,0.8,1
0.81,21.28,34.1,0.399,1.72,1.0,0
1.5,2.05,30.2,0.467,0.57,0.2,0
27.52,142.82,37.4,0.447,0.26,1.0,1
6.56,63.99,46.3,0.387,0.5,0.2,0
0.12,24.01,27.3,0.573,4.05,0.8,0
2.53,20.29,37.5,0.173,5.24,0.8,0
5.08,52.78,27.0,0.581,4.24,0.8,0
10.04,102.85,40.6,0.233,0.03,0.8,1
11.23,53.46,30.1,0.288,2.87,0.5,0
45.78,175.12,30.4,0.801,0.05,0.2,1
2.88,0.0,38.2,0.319,0.25,0.5,0
6.57,45.55,31.4,0.272,0.29,0.8,0
6.48,41.08,25.7,0.081,0.42,0.5,0
4.42,33.96,50.1,0.045,0.15,0.2,0
1.58,16.12,34.1,0.338,0.25,0.2,0
32.23,163.08,34.7,0.193,4.9,0.5,1
16.32,83.46,34.8,0.141,2.57,0.2,0
5.86,28.48,42.1,0.492,11.79,0.2,1
7.86,57.36,23.0,0.67,3.12,0.5,0
2.19,34.45,17.4,0.35,13.27,1.0,0
6.67,24.18,28.9,0.906,1.36,0.2,0
10.09,41.36,32.9,0.288,2.14,0.5,0
6.15,59.01,26.2,0.476,3.85,0.5,0
39.39,184.77,35.8,0.719,3.68,0.8,1
8.03,76.86,18.3,0.378,0.01,0.5,0
3.94,20.87,38.7,0.322,2.65,0.5,0
12.57,100.81,36.6,0.432,2.22,0.5,1
1.59,2.76,24.1,0.549,0.91,0.8,0
4.13,30.73,26.6,0.345,5.02,0.2,0
3.62,47.29,39.3,0.252,5.84,1.0,1
4.81,11.29,38.2,0.273,3.59,0.2,0
12.94,120.75,39.5,0.612,2.01,0.8,1
5.63,66.8,27.3,0.469,1.61,0.5,0
13.43,83.21,46.9,0.699,0.59,0.5,1
7.3,29.61,36.5,0.313,3.85,0.5,0
3.56,28.75,17.8,0.41,5.58,0.5,0
14.12,93.6,31.0,0.599,0.52,0.5,1
2.31,16.96,35.2,0.174,1.8,0.2,0
2.16,28.27,22.5,0.525,2.09,1.0,0
5.97,55.42,42.9,0.254,4.76,0.2,0
2.57,11.44,37.6,0.304,0.36,0.8,0
0.08,25.39,18.7,0.232,1.11,0.5,0
8.88,24.64,43.5,0.525,3.95,0.8,1
6.08,21.35,29.3,0.516,12.65,0.5,0
5.01,27.04,30.4,0.737,5.34,1.0,1
28.99,189.18,38.5,0.56,4.95,0.2,1
7.2,48.56,34.7,0.762,0.98,0.5,1
16.92,81.68,30.1,0.613,1.5,1.0,1
1.28,14.16,25.5,0.297,1.28,0.2,0
7.16,49.8,31.9,0.202,5.21,0.5,0
17.21,138.27,33.2,0.141,0.11,0.2,1
7.44,41.62,34.4,0.282,2.05,1.0,0
10.76,81.09,33.8,0.511,5.63,0.5,1
3.95,33.23,34.1,0.227,0.59,0.5,0
0.82,14.95,31.0,0.563,10.88,0.5,0
5.2,19.0,32.8,0.522,9.1,0.2,0
4.26,25.53,26.3,0.525,13.42,0.8,1
17.15,75.03,22.1,0.341,2.98,0.5,0
2.38,30.63,33.8,0.521,0.6,0.2,0
28.93,140.01,16.6,0.34,5.48,1.0,1
26.97,160.74,17.8,0.147,7.04,0.5,1
2.42,25.37,25.1,0.068,0.31,0.5,0
3.64,33.43,23.4,0.377,2.23,0.5,0
19.2,116.52,28.6,0.141,3.53,0.2,1
28.9,109.03,28.5,0.635,4.17,0.2,1
4.98,28.18,20.4,0.479,2.56,0.8,0
3.29,30.6,25.1,0.257,0.19,0.8,0
6.35,65.56,12.1,0.257,3.4,0.8,0
9.89,54.06,28.0,0.64,0.37,0.8,1
2.72,36.13,38.9,0.418,0.29,0.5,0
11.34,66.5,25.7,0.877,0.34,1.0,1
0.45,14.09,34.7,0.764,11.05,0.2,0
0.43,45.03,19.5,0.269,4.44,0.5,0
4.15,32.57,13.4,0.732,3.65,0.5,0
3.71,59.68,31.5,0.529,5.03,0.5,0
3.22,32.14,30.6,0.498,1.05,0.8,0
5.74,50.58,23.3,0.23,1.43,0.5,0
3.29,23.33,26.3,0.42,8.87,0.5,0
1.81,18.62,15.3,0.522,4.07,0.2,0
3.15,43.07,39.0,0.19,6.8,1.0,0
31.32,169.79,26.7,0.59,11.08,0.8,1
4.5,55.93,24.2,0.311,2.27,0.5,0
5.0,51.92,39.2,0.082,3.31,0.2,0
7.3,25.21,16.0,0.414,1.39,0.5,0
34.81,127.12,26.2,0.771,6.89,0.5,1
2.35,41.39,25.6,0.144,2.3,0.8,0
9.72,43.61,25.6,0.416,4.82,0.5,0
10.7,52.16,13.3,0.411,3.17,1.0,0
7.95,44.59,44.6,0.084,2.88,0.5,0
0.79,37.21,41.3,0.625,0.65,0.8,1
9.6,71.76,29.6,0.506,4.88,0.8,1
0.56,11.89,30.3,0.362,0.2,0.2,0
7.71,34.54,32.0,0.293,5.73,0.5,0
11.44,75.28,31.0,0.703,9.69,1.0,1
2.01,40.04,38.4,0.541,6.11,0.2,0
15.66,38.67,31.2,0.294,0.81,0.2,0
0.26,23.4,23.2,0.586,1.39,0.5,0
15.78,92.31,20.4,0.403,0.9,0.8,1
5.24,50.12,43.7,0.43,1.0,0.2,0
2.09,36.32,16.7,0.604,6.39,0.5,0
1.22,0.33,42.7,0.168,0.25,0.5,0
26.05,164.81,35.9,0.446,2.41,0.8,1
0.64,24.67,29.3,0.481,3.44,0.5,0
1.89,27.07,23.2,0.603,11.33,0.5,0
3.63,36.26,26.9,0.38,4.01,0.5,0
8.23,37.8,32.1,0.178,4.64,0.5,0
6.69,40.7,35.0,0.503,2.99,0.8,0
1.14,2.51,35.9,0.736,1.76,0.8,0
2.91,44.17,30.3,0.3,1.66,0.2,0
2.32,26.44,28.6,0.31,4.62,0.5,0
2.04,29.01,38.0,0.316,1.75,0.5,0
4.5,6.3,44.1,0.611,4.22,0.5,0
10.35,67.45,43.5,0.244,3.01,0.5,1
2.08,39.95,32.6,0.155,3.08,0.2,0
3.88,7.09,18.5,0.721,1.5,0.8,0
4.21,25.68,18.2,0.253,0.85,0.5,0
31.87,136.07,29.3,0.293,0.13,1.0,1
26.3,156.12,37.0,0.493,1.18,0.8,1
13.69,56.2,31.4,0.395,3.17,1.0,1
2.35,33.67,34.3,0.2,6.75,1.0,0
0.6,24.62,40.5,0.691,6.14,0.2,0
3.24,58.23,16.1,0.328,5.52,0.5,0
2.64,29.1,44.0,0.448,0.73,0.2,0
5.99,40.14,27.5,0.643,4.34,0.5,0
12.78,78.56,16.6,0.317,1.0,0.2,0
16.61,85.64,40.2,0.519,1.52,0.2,1
15.84,79.25,44.6,0.624,5.14,0.5,1
3.79,61.18,38.1,0.694,1.36,0.8,1
9.88,76.31,39.2,0.282,3.75,1.0,1
3.19,35.53,41.6,0.469,4.29,0.5,0
0.53,7.44,32.0,0.514,12.82,0.2,0
10.28,95.15,35.6,0.24,0.66,0.5,1
0.08,28.97,26.3,0.332,0.75,0.8,0
4.47,66.03,25.2,0.324,2.34,0.5,0
3.4,12.63,33.9,0.234,2.84,0.2,0
10.05,84.76,37.1,0.536,1.85,0.8,1
12.35,84.88,29.2,0.367,3.85,0.8,1
3.08,29.14,29.2,0.105,3.44,0.8,0
14.19,86.78,45.8,0.437,4.11,0.5,1
2.96,40.17,31.9,0.56,8.84,0.8,1
5.03,31.97,48.6,0.626,0.61,0.8,1
11.04,59.64,41.3,0.432,6.43,1.0,1
10.04,59.0,34.6,0.455,3.51,0.2,0
37.16,151.23,12.9,0.532,8.14,0.5,1
2.17,41.73,26.5,0.733,0.06,0.5,0
9.23,59.0,29.6,0.326,6.75,0.2,0
8.0,58.74,34.9,0.408,0.9,1.0,1
20.96,132.29,29.1,0.634,11.4,0.8,1
1.45,34.3,40.0,0.557,1.46,0.5,0
11.84,72.14,35.2,0.086,4.81,0.8,1
7.14,19.3,27.9,0.28,6.33,0.2,0
2.73,29.17,38.5,0.144,9.82,0.5,0
5.47,47.53,26.7,0.785,0.85,1.0,1
3.45,49.81,17.6,0.718,3.68,1.0,0
7.36,54.11,22.6,0.33,0.14,0.8,0
18.68,81.35,11.6,0.46,0.23,1.0,0
7.16,54.4,40.1,0.525,2.03,0.2,0
8.49,57.01,34.3,0.408,4.5,0.5,0
6.22,55.85,33.0,0.233,4.04,0.5,0
0.45,20.69,35.2,0.719,2.4,0.8,0
2.25,30.39,34.9,0.078,3.51,0.8,0
5.76,23.48,32.9,0.326,3.67,0.8,0
3.16,37.14,40.5,0.571,6.95,0.5,1
1.71,0.0,30.2,0.93,8.3,0.2,0
5.96,36.77,39.2,0.232,1.83,0.5,0
3.31,38.82,38.6,0.347,0.26,0.8,0
2.54,41.61,23.6,0.459,1.04,0.5,0
5.3,22.94,30.5,0.58,0.38,0.5,0
1.22,32.83,40.2,0.519,5.97,1.0,1
22.33,121.62,40.1,0.601,0.23,0.8,1
17.19,72.85,14.7,0.31,2.39,1.0,0
10.45,59.13,24.4,0.56,2.96,0.5,0
0.95,27.18,29.8,0.278,6.72,0.5,0
12.71,67.74,16.6,0.722,4.59,0.2,0
14.03,88.72,25.5,0.329,3.47,0.5,0
12.41,87.11,25.4,0.405,3.3,0.2,0
1.03,50.73,24.1,0.432,2.42,0.5,0
8.78,38.45,29.1,0.707,8.71,0.5,1
15.28,53.11,39.5,0.406,0.74,0.2,0
7.32,42.37,25.0,0.32,12.58,1.0,1
8.84,58.31,33.3,0.14,3.52,0.2,0
5.21,70.03,32.7,0.233,1.03,0.5,0
6.39,37.69,39.6,0.563,5.0,0.2,0
0.3,15.51,29.1,0.607,1.78,0.2,0
8.66,83.52,24.4,0.379,0.4,0.5,0
0.72,32.62,42.5,0.339,0.32,0.8,0
4.85,52.16,40.2,0.403,3.16,0.2,0
2.94,22.23,34.2,0.327,3.92,0.2,0
6.7,42.07,19.3,0.722,1.52,0.5,0
1.22,8.73,13.9,0.67,4.49,0.2,0
10.0,67.35,23.0,0.108,1.19,0.8,0
13.47,89.08,23.5,0.378,1.61,1.0,1
1.52,18.1,21.2,0.538,0.99,0.8,0
0.94,17.63,25.6,0.508,3.82,0.5,0
1.34,22.84,27.7,0.822,2.56,1.0,0
17.82,77.2,37.6,0.323,0.62,0.5,1
6.39,46.42,36.4,0.555,13.81,0.2,1
5.35,45.85,19.8,0.216,8.61,0.2,0
0.96,10.42,47.6,0.272,5.8,1.0,0
8.91,44.39,37.6,0.26,0.38,1.0,0
17.21,59.81,22.3,0.626,2.18,0.2,0
14.97,100.44,20.7,0.137,2.78,1.0,1
8.36,33.52,19.0,0.448,11.0,0.2,0
0.67,4.35,37.0,0.407,1.7,0.5,0
1.01,34.81,24.8,0.45,4.21,0.8,0
0.43,34.4,18.2,0.697,3.07,0.5,0
2.53,19.21,29.7,0.842,6.31,0.8,1
1.24,22.56,36.4,0.201,0.45,0.8,0
2.56,33.67,26.8,0.428,6.64,1.0,0
4.13,8.16,31.1,0.276,4.01,0.5,0
24.35,140.39,23.3,0.436,0.44,0.5,1
8.01,79.21,29.9,0.512,5.19,0.8,1
15.31,64.92,28.2,0.551,1.54,1.0,1
10.53,80.92,30.0,0.344,0.32,0.5,0
1.01,5.62,30.7,0.53,2.2,1.0,0
11.32,81.01,19.2,0.018,0.74,0.8,0
2.73,28.93,19.3,0.219,1.21,1.0,0
8.66,51.74,25.5,0.395,23.67,0.5,1
3.54,59.47,20.3,0.782,0.62,0.8,0
51.53,260.53,25.3,0.424,1.82,0.5,1
2.6,40.95,14.8,0.316,4.13,0.5,0
2.78,40.14,28.0,0.459,14.0,0.2,0
22.69,176.58,24.0,0.061,1.78,0.5,1
0.21,4.53,42.5,0.452,0.91,0.8,0
10.14,64.14,41.1,0.412,1.98,0.8,1
10.98,96.15,26.7,0.361,0.66,0.2,0
15.39,103.45,31.0,0.277,16.36,0.8,1
31.17,126.04,45.9,0.558,2.45,1.0,1
31.56,158.12,32.0,0.39,4.11,0.5,1
0.57,19.06,40.7,0.257,1.68,1.0,0
14.66,73.82,39.9,0.638,1.14,0.2,1
8.83,69.92,45.0,0.272,0.37,0.2,0
8.86,76.51,26.8,0.706,5.77,0.2,1
1.17,20.42,16.3,0.659,3.15,0.8,0
8.93,53.01,19.8,0.318,0.89,0.8,0
34.38,97.28,33.0,0.519,4.2,0.8,1
20.64,87.49,32.1,0.711,1.07,0.8,1
4.92,27.01,26.6,0.624,0.91,0.8,0
0.35,10.43,25.2,0.588,7.82,0.8,0
3.82,15.74,36.4,0.389,2.59,0.5,0
14.88,87.5,27.7,0.38,2.89,0.2,0
10.28,68.47,33.8,0.432,5.58,0.2,1
5.23,14.02,36.5,0.44,2.48,1.0,0
0.48,4.18,29.9,0.505,1.04,0.5,0
4.73,33.24,23.4,0.496,5.0,0.5,0
5.38,46.07,41.2,0.784,7.19,1.0,1
22.43,85.44,19.3,0.258,3.82,1.0,1
8.71,37.65,40.0,0.589,6.15,0.5,1
3.17,7.93,40.3,0.196,0.11,1.0,0
6.33,28.65,33.0,0.172,2.54,0.2,0
0.58,39.78,34.4,0.544,2.05,0.5,0
30.57,183.69,28.2,0.798,0.23,0.2,1
3.79,41.05,40.5,0.21,0.89,0.5,0
5.52,54.23,25.6,0.58,2.15,1.0,0
3.73,44.09,32.8,0.478,4.35,0.5,0
9.75,32.59,11.3,0.473,1.86,0.5,0
9.23,59.99,44.9,0.27,4.88,1.0,1
10.68,64.35,45.4,0.723,4.26,0.2,1
2.65,18.07,36.4,0.197,12.38,0.8,0
3.22,44.51,29.8,0.636,0.58,0.5,0
1.14,39.63,22.8,0.646,13.86,0.8,1
9.06,61.16,31.3,0.393,0.32,0.5,0
0.35,46.35,38.8,0.14,6.39,0.5,0
7.74,59.4,33.8,0.312,1.42,0.5,0
17.32,60.57,32.1,0.556,2.08,0.8,1
18.83,86.59,40.8,0.518,1.23,0.8,1
5.07,54.79,27.0,0.636,6.4,0.8,1
5.23,43.09,41.2,0.655,2.45,0.5,1
0.68,33.09,30.2,0.41,4.24,0.2,0
9.44,7.98,11.5,0.506,11.51,0.5,0
14.64,78.67,37.0,0.519,1.74,1.0,1
2.38,18.82,41.9,0.269,2.5,0.8,0
4.65,26.66,31.2,0.453,0.26,0.8,0
15.52,64.29,30.5,0.317,3.48,0.8,1
17.82,97.05,39.2,0.42,1.45,0.8,1
2.37,67.3,42.2,0.76,3.59,0.5,1
6.8,52.11,47.4,0.686,1.37,0.2,1
1.82,14.77,27.9,0.526,0.44,0.5,0
0.91,11.97,33.5,0.419,1.39,1.0,0
20.57,94.23,39.8,0.582,6.53,0.2,1
14.6,51.78,32.2,0.159,0.77,1.0,0
12.13,61.87,30.7,0.189,0.74,0.5,0
0.42,26.12,33.0,0.486,6.58,0.2,0
15.78,106.73,28.2,0.496,1.13,0.5,1
4.9,18.77,23.3,0.083,1.53,1.0,0
3.56,31.11,17.8,0.243,2.95,0.5,0
6.72,19.65,33.9,0.731,2.09,0.5,0
0.81,14.19,28.7,0.28,6.54,0.2,0
12.01,99.33,42.1,0.339,3.27,1.0,1
7.42,59.31,24.4,0.104,4.77,0.2,0
1.76,32.87,26.9,0.202,4.68,1.0,0
1.77,18.88,47.0,0.811,0.3,0.5,1
1.73,53.22,32.7,0.455,13.92,0.5,1
0.5,13.05,27.9,0.173,0.28,0.2,0
7.53,30.73,41.2,0.176,11.3,0.5,0
15.6,110.46,37.3,0.419,16.71,0.2,1
0.15,27.65,33.1,0.203,1.15,0.8,0
0.43,13.27,42.3,0.557,3.92,0.5,0
7.23,64.19,19.3,0.702,0.21,0.2,0
14.55,67.32,29.1,0.629,4.34,0.5,1
3.36,32.27,39.4,0.531,0.79,0.8,0
3.66,43.65,28.9,0.238,10.76,0.5,0
7.71,51.2,44.2,0.105,4.04,0.2,0
2.72,43.87,21.9,0.417,5.51,0.8,0
0.23,21.16,27.6,0.414,11.07,0.2,0
11.3,42.16,29.8,0.557,7.41,0.5,1
8.35,54.81,35.8,0.5,2.39,0.5,0
7.39,44.5,23.4,0.786,0.71,0.5,0
11.51,44.52,13.0,0.527,1.48,0.2,0
9.56,50.69,47.6,0.41,3.38,0.8,1
1.96,26.31,42.8,0.128,5.21,1.0,0
3.69,15.25,26.7,0.254,1.12,0.2,0
1.15,15.28,31.1,0.31,2.26,0.5,0
1.18,61.67,31.3,0.174,1.68,0.8,0
9.58,48.68,41.5,0.196,2.43,0.8,0
16.63,66.59,33.6,0.596,1.52,0.2,1
27.96,97.57,39.9,0.228,0.65,0.5,1
8.41,46.67,43.4,0.405,2.53,1.0,1
1.73,13.18,32.9,0.52,11.37,0.8,1
0.95,20.91,26.2,0.411,0.43,0.8,0
14.24,94.41,31.5,0.269,6.86,0.5,1
7.35,70.97,40.8,0.179,5.05,0.2,0
8.19,59.07,33.3,0.341,1.52,0.2,0
12.93,55.82,42.6,0.337,0.56,0.8,1
10.33,69.73,42.6,0.744,10.22,0.2,1
15.29,92.59,28.6,0.376,1.81,0.5,1
0.49,0.0,30.3,0.431,2.17,0.5,0
11.7,69.55,35.6,0.406,1.46,0.2,0
16.17,105.47,20.1,0.644,7.16,0.5,1
2.87,7.47,30.7,0.139,0.98,1.0,0
8.69,25.8,21.7,0.435,5.42,1.0,0
3.21,47.89,40.7,0.403,1.07,0.2,0
26.94,154.93,45.1,0.563,1.59,0.2,1
0.29,30.03,21.4,0.314,9.83,0.8,0
7.37,51.06,35.3,0.73,3.65,0.8,1
1.55,31.34,34.5,0.7,4.48,0.8,1
10.59,107.35,37.8,0.148,3.74,0.5,1
1.64,9.05,36.0,0.152,0.75,0.8,0
2.28,43.02,24.2,0.099,4.16,0.5,0
5.8,56.49,26.4,0.283,2.94,0.5,0
20.94,80.78,22.4,0.466,6.67,0.5,1
2.02,34.9,43.9,0.601,16.89,0.8,1
1.32,26.37,32.0,0.189,3.71,0.2,0
12.09,79.7,47.5,0.646,1.55,1.0,1
5.9,41.27,30.4,0.269,7.42,0.8,0
20.64,90.42,32.6,0.376,7.08,0.8,1
1.35,24.5,38.7,0.786,7.35,1.0,1
8.83,68.84,38.9,0.351,1.69,0.8,1
2.25,41.88,24.6,0.773,2.03,0.2,0
1.45,1.03,26.3,0.432,5.58,0.8,0
9.78,96.82,19.5,0.739,2.09,1.0,1
7.66,22.42,39.2,0.137,2.56,0.5,0
11.95,85.97,38.8,0.685,0.04,0.5,1
3.15,37.61,18.7,0.325,8.39,0.8,0
5.05,27.34,25.4,0.596,2.45,1.0,0
4.42,39.5,30.4,0.163,8.84,0.5,0
35.2,205.47,32.4,0.511,13.5,0.5,1
2.94,52.82,32.0,0.481,0.66,0.2,0
2.97,22.59,48.2,0.109,0.34,0.8,0
3.72,13.16,37.9,0.332,4.2,0.8,0
7.07,61.79,20.2,0.168,1.11,0.2,0
2.47,33.76,26.5,0.493,2.2,1.0,0
20.98,115.53,27.9,0.625,0.03,0.5,1
2.62,20.89,27.1,0.468,2.12,0.5,0
19.22,66.86,38.6,0.566,13.46,0.5,1
0.93,49.67,28.3,0.394,0.39,0.5,0
9.08,45.84,31.3,0.39,4.42,0.5,0
20.19,87.23,32.2,0.379,2.89,0.8,1
1.57,34.54,25.8,0.222,7.2,0.8,0
29.34,93.01,27.3,0.428,4.01,0.8,1
5.13,45.92,38.4,0.719,0.0,0.5,1
24.76,174.64,41.4,0.261,4.25,0.8,1
9.6,64.03,15.9,0.649,6.47,0.8,1
3.05,47.9,33.8,0.462,5.0,0.5,0
1.77,0.0,34.5,0.471,4.99,1.0,0
3.08,48.21,37.1,0.449,8.13,0.2,0
0.83,0.3,36.0,0.455,3.55,0.8,0
1.32,39.89,41.9,0.371,4.2,0.5,0
0.94,30.55,18.5,0.515,2.92,0.8,0
4.67,32.89,28.9,0.348,11.08,0.5,0
13.49,52.86,38.5,0.267,4.24,1.0,1
1.3,22.15,40.6,0.324,1.26,0.5,0
1.19,14.57,25.6,0.49,7.07,0.5,0
8.77,57.52,33.3,0.478,1.56,0.5,0
1.87,62.9,22.9,0.613,7.51,0.5,0
0.87,43.77,40.8,0.418,0.71,0.8,0
1.55,13.52,37.0,0.326,0.8,0.2,0
21.87,133.7,24.3,0.458,2.83,1.0,1
14.65,100.3,34.2,0.251,1.74,0.5,1
3.71,30.08,31.7,0.684,11.43,0.2,1
9.07,38.29,25.5,0.304,4.75,1.0,0
6.55,48.19,42.5,0.312,2.55,0.2,0
9.61,71.92,21.7,0.424,13.09,0.8,1
9.76,62.11,30.8,0.452,10.77,0.2,1
8.42,80.56,33.3,0.575,0.94,0.8,1
2.63,52.85,39.8,0.462,1.04,0.5,0
0.34,30.09,21.8,0.366,6.22,0.2,0
5.17,23.77,33.9,0.347,2.15,0.2,0
18.84,108.42,12.5,0.586,0.62,1.0,1
7.16,63.72,39.8,0.476,9.56,1.0,1
15.18,91.72,24.7,0.529,5.13,0.8,1
40.65,242.45,36.7,0.551,1.81,0.5,1
1.52,21.61,33.7,0.313,16.73,0.2,0
10.0,81.98,16.8,0.188,3.67,0.2,0
9.53,63.43,23.0,0.639,2.75,0.5,0
33.23,156.28,25.7,0.107,2.81,0.5,1
36.04,267.94,42.2,0.58,1.6,0.2,1
9.86,90.62,31.1,0.091,1.47,0.2,0
2.37,26.18,43.5,0.376,13.44,0.8,1
13.62,70.35,16.6,0.479,7.81,0.5,0
0.96,35.18,12.5,0.45,1.27,0.2,0
12.9,81.1,45.4,0.708,9.98,0.5,1
20.49,101.4,36.8,0.454,0.32,0.5,1
4.1,28.07,38.5,0.448,1.29,0.5,0
8.47,16.38,43.6,0.603,9.44,0.5,1
4.78,35.99,48.4,0.249,0.24,0.5,0
4.89,48.55,19.5,0.202,9.9,0.8,0
3.16,42.94,22.1,0.081,1.67,0.2,0
12.21,57.43,23.2,0.242,0.75,0.5,0
23.39,99.35,39.6,0.354,0.67,0.5,1
24.02,141.67,28.1,0.432,2.03,0.2,1
1.63,43.53,33.5,0.412,4.59,0.5,0
17.66,78.75,41.0,0.71,3.95,0.5,1
11.37,46.57,35.7,0.559,1.46,0.2,0
2.48,24.05,17.8,0.62,2.12,0.8,0
0.59,14.22,30.3,0.784,1.12,0.8,0
2.65,20.29,17.9,0.523,1.99,0.5,0
20.68,92.78,31.0,0.604,0.82,0.2,1
8.52,77.2,24.2,0.251,5.41,0.5,0
10.85,90.91,11.1,0.456,1.87,0.8,0
2.53,50.38,39.5,0.106,1.67,1.0,0
10.8,94.97,46.9,0.254,3.73,0.2,1
0.24,0.0,46.5,0.306,1.16,0.2,0
4.0,35.56,26.6,0.544,2.02,0.8,0
8.38,59.44,40.0,0.547,0.34,0.5,1
1.34,44.57,35.6,0.497,0.56,0.8,0
14.72,94.57,39.0,0.159,2.81,1.0,1
2.28,17.4,40.6,0.258,24.45,1.0,1
8.98,46.56,47.9,0.147,3.11,0.5,0
4.42,37.08,21.8,0.457,2.32,0.2,0
7.7,75.76,38.1,0.364,1.0,0.8,1
0.97,28.29,37.1,0.641,1.74,0.5,0
0.14,2.39,26.3,0.121,5.99,0.2,0
20.43,131.33,29.0,0.43,2.37,0.8,1
2.67,45.5,22.8,0.2,4.44,0.8,0
14.56,85.96,43.5,0.767,1.53,0.2,1
62.38,280.0,41.9,0.685,0.84,0.2,1
2.02,1.1,34.0,0.064,2.87,0.2,0
2.62,15.94,31.7,0.389,1.66,0.5,0
9.24,66.8,24.7,0.512,0.45,0.5,0
28.61,84.52,38.7,0.609,1.6,1.0,1
21.04,77.23,12.8,0.518,2.03,0.5,0
5.94,37.7,30.7,0.187,5.04,1.0,0
13.47,74.04,41.2,0.378,2.09,0.2,1
1.24,17.96,34.1,0.767,9.53,0.8,1
32.23,147.98,34.5,0.581,3.83,0.2,1
28.34,102.8,18.1,0.255,8.03,0.8,1
1.52,44.2,26.3,0.427,0.84,0.5,0
3.02,49.28,35.4,0.5,6.55,0.8,1
0.9,30.36,16.8,0.33,0.33,1.0,0
2.7,35.17,27.5,0.311,4.98,0.8,0
14.39,70.25,28.1,0.305,1.54,0.2,0
4.04,30.88,31.5,0.785,1.35,0.8,0
0.79,8.75,28.3,0.23,4.11,0.5,0
3.56,20.28,30.5,0.396,0.27,0.8,0
33.86,157.46,32.5,0.713,11.64,0.2,1
8.44,38.62,20.9,0.403,1.01,0.2,0
4.57,40.33,22.9,0.388,6.42,1.0,0
1.55,30.88,40.1,0.571,4.32,1.0,1
36.39,184.16,30.6,0.164,1.99,0.2,1
14.62,72.87,28.1,0.17,4.84,1.0,1
2.81,48.01,30.0,0.372,1.68,0.5,0
0.62,23.5,22.7,0.421,4.18,0.5,0
0.5,37.84,24.9,0.533,0.01,0.8,0
1.09,33.83,31.8,0.434,12.04,0.8,1
7.39,67.31,28.2,0.423,0.62,0.2,0
22.45,149.38,31.0,0.55,2.76,0.8,1
5.84,50.94,21.8,0.73,1.16,0.8,0
15.73,65.17,22.0,0.666,1.82,0.2,0
5.02,41.05,28.8,0.391,1.54,0.8,0
10.48,60.94,28.7,0.139,15.13,0.8,1
11.19,51.66,42.1,0.214,0.54,0.5,0
1.62,42.41,15.6,0.256,0.61,0.5,0
3.81,17.08,49.6,0.397,13.53,0.5,1
8.62,76.85,46.0,0.566,0.54,1.0,1
0.62,19.55,32.4,0.686,0.34,0.8,0
3.81,77.87,36.6,0.09,2.69,0.5,0
6.5,26.77,44.6,0.328,0.87,0.8,0
47.42,187.55,25.2,0.273,0.91,0.5,1
5.47,36.07,27.1,0.571,6.5,1.0,1
14.39,68.17,20.1,0.371,1.02,0.8,0
4.81,57.13,32.9,0.648,1.49,0.8,1
13.53,50.26,22.1,0.54,4.17,0.2,0
7.69,43.17,44.4,0.438,17.22,0.2,1
18.5,108.01,30.0,0.305,2.57,0.8,1
4.5,47.4,43.8,0.268,4.12,0.5,0
7.88,41.72,23.8,0.377,2.64,1.0,0
8.45,65.99,36.0,0.296,0.75,0.8,0
4.59,38.75,34.8,0.267,2.23,0.5,0
1.32,13.94,29.2,0.253,3.77,0.5,0
0.83,12.72,42.8,0.584,0.25,1.0,0
0.14,0.0,30.0,0.47,0.7,0.2,0
17.58,132.29,23.5,0.494,6.42,0.5,1
2.29,44.0,47.6,0.66,0.32,0.5,1
2.02,7.7,30.2,0.885,0.69,1.0,0
11.32,86.57,23.9,0.615,1.12,1.0,1
3.28,30.84,28.3,0.463,0.22,0.5,0
6.0,61.86,34.0,0.546,5.95,0.2,1
1.51,20.98,31.8,0.431,2.89,1.0,0
27.31,114.27,34.5,0.344,0.87,0.5,1
16.22,79.31,35.1,0.209,0.38,0.5,0
16.95,106.25,20.7,0.375,3.23,0.5,1
4.44,63.84,27.1,0.181,3.55,0.5,0
12.21,105.97,37.5,0.196,4.39,0.2,1
1.32,28.53,34.9,0.539,5.62,0.8,0
0.07,35.67,19.0,0.202,13.62,0.5,0
0.17,0.0,27.1,0.766,6.9,0.5,0
7.51,44.01,44.4,0.876,1.03,0.2,1
5.17,50.0,41.2,0.732,0.32,0.2,1
6.2,52.09,35.4,0.427,0.38,0.5,0
0.06,24.45,18.2,0.537,6.9,0.2,0
4.67,11.87,33.8,0.39,5.41,0.5,0
10.76,34.61,13.4,0.445,0.17,0.2,0
4.97,51.61,35.1,0.215,5.01,0.5,0
11.2,88.68,37.0,0.766,5.08,0.8,1
2.25,47.1,31.4,0.217,6.49,0.2,0
14.26,119.46,11.9,0.361,4.05,0.2,0
7.55,56.31,35.3,0.329,2.94,0.5,0
2.01,35.95,39.7,0.669,1.34,0.2,0
2.3,12.99,33.3,0.35,0.24,1.0,0
8.41,83.47,36.4,0.258,0.39,0.8,1
15.06,67.59,19.1,0.346,2.17,0.8,0
4.57,42.42,36.5,0.391,0.75,0.8,0
2.54,34.57,34.0,0.516,0.06,0.2,0
17.15,112.21,27.5,0.084,2.32,1.0,1
9.4,49.83,35.7,0.173,20.49,1.0,1
5.05,53.41,34.7,0.667,13.81,0.2,1
5.69,59.22,33.7,0.476,5.38,0.2,0
1.94,12.33,23.0,0.557,1.11,0.2,0
8.38,33.36,26.5,0.685,5.88,1.0,1
3.78,42.07,49.3,0.302,3.81,0.5,0
46.21,229.78,30.0,0.193,1.51,0.5,1
5.56,65.81,17.4,0.234,0.18,1.0,0
5.66,26.34,42.8,0.564,2.55,0.8,1
7.09,42.92,22.6,0.534,3.36,0.2,0
21.13,53.36,29.3,0.249,3.58,1.0,1
13.72,58.53,26.0,0.645,1.37,1.0,1
5.1,53.39,46.5,0.307,4.81,0.5,1
10.78,79.49,28.7,0.049,4.37,0.2,0
7.5,48.87,36.4,0.814,1.38,0.8,1
5.76,57.99,33.6,0.415,5.05,0.2,0
1.82,18.69,16.3,0.58,5.23,0.5,0
5.3,69.09,28.8,0.402,6.89,0.2,0
2.4,34.35,29.0,0.412,2.11,0.5,0
20.94,89.16,49.1,0.488,10.4,0.5,1
3.47,39.75,39.4,0.631,12.44,1.0,1
25.86,135.23,41.0,0.722,4.8,0.5,1
6.47,70.79,27.0,0.416,4.05,0.8,0
8.49,64.66,27.4,0.306,6.53,0.2,0
6.66,65.97,31.8,0.043,0.56,0.8,0
1.18,25.67,34.4,0.499,5.7,1.0,0
4.01,31.26,36.9,0.619,2.18,0.8,0
0.89,12.14,39.7,0.46,9.35,0.2,0
8.29,28.98,41.7,0.643,0.38,0.8,1
5.03,31.62,14.8,0.509,0.77,0.8,0
12.79,109.52,38.9,0.357,1.71,0.2,1
2.12,42.14,33.9,0.252,13.37,0.2,0
1.53,8.34,32.2,0.432,3.38,1.0,0
4.43,10.73,34.3,0.4,9.54,0.2,0
22.2,65.57,42.0,0.126,10.56,0.2,1
10.53,52.0,32.5,0.525,0.13,0.5,0
4.61,39.13,22.2,0.408,4.98,0.5,0
6.19,60.88,30.1,0.512,1.24,0.5,0
0.75,14.27,44.0,0.333,1.91,0.8,0
35.46,249.45,39.5,0.514,0.02,1.0,1
9.33,44.96,23.7,0.257,4.48,0.8,0
2.86,28.29,36.5,0.424,7.17,1.0,1
7.49,54.1,25.4,0.493,0.4,0.2,0
0.99,35.67,27.9,0.585,3.7,0.2,0
28.7,97.09,30.8,0.599,1.12,0.5,1
1.63,42.63,30.2,0.251,15.66,0.5,0
8.88,57.96,15.2,0.461,0.21,0.8,0
2.39,22.81,38.2,0.576,2.84,1.0,1
10.75,88.94,40.6,0.18,6.92,0.5,1
12.75,78.77,32.2,0.303,5.11,0.8,1
9.51,49.73,22.6,0.356,3.03,0.2,0
8.1,85.85,25.1,0.795,7.45,0.5,1
18.95,117.03,20.8,0.288,14.96,0.8,1
0.7,26.08,22.5,0.139,0.41,0.5,0
3.42,10.48,41.8,0.296,0.29,0.8,0
2.43,29.05,31.1,0.317,6.79,0.2,0
37.6,197.32,20.1,0.716,1.06,0.8,1
4.19,36.18,25.3,0.266,7.95,0.5,0
11.21,29.46,45.5,0.117,1.61,0.2,0
9.81,73.77,31.7,0.249,0.91,0.5,0
2.03,35.95,31.8,0.577,1.48,0.8,0
2.32,43.89,32.0,0.261,9.08,0.2,0
2.81,30.36,20.2,0.283,5.13,1.0,0
4.5,49.1,47.0,0.125,0.16,0.8,0
2.27,32.48,18.8,0.496,17.81,0.5,0
0.17,22.48,36.1,0.596,0.91,0.8,0
17.98,116.49,17.3,0.482,2.54,0.8,1
28.64,156.62,30.2,0.213,0.98,0.2,1
3.55,57.02,42.8,0.321,1.23,0.8,1
3.51,47.46,38.1,0.319,0.28,0.2,0
0.06,11.65,27.6,0.602,4.1,0.8,0
9.69,47.76,32.6,0.258,2.9,0.8,0
14.84,72.89,22.4,0.405,4.17,1.0,1
1.35,42.81,45.9,0.743,1.78,0.8,1
1.48,54.32,36.4,0.134,7.57,0.5,0
13.27,54.69,28.6,0.389,2.88,0.5,0
8.14,50.55,27.1,0.344,12.28,1.0,1
0.39,33.36,24.8,0.56,6.8,0.2,0
8.28,46.97,38.6,0.41,3.01,0.8,1
3.14,54.33,30.0,0.684,14.28,0.8,1
3.91,43.01,27.5,0.321,0.99,0.8,0
12.48,74.12,43.1,0.408,3.31,1.0,1
14.16,85.28,21.8,0.245,4.55,0.8,0
4.35,23.55,25.6,0.204,0.32,0.5,0
24.99,83.96,27.8,0.176,2.75,0.5,1
4.43,49.64,25.5,0.07,0.74,0.5,0
12.56,65.28,33.3,0.802,4.32,1.0,1
5.62,30.78,33.7,0.666,0.62,0.2,0
19.36,85.88,17.1,0.575,5.86,0.8,1
20.26,95.01,21.6,0.325,3.5,0.5,1
0.78,11.19,23.5,0.311,0.66,0.2,0
23.43,105.02,18.1,0.406,3.64,0.8,1
14.84,72.98,20.7,0.496,0.03,0.5,0
13.32,98.25,24.9,0.492,0.14,0.2,0
1.91,4.71,27.9,0.807,0.94,0.2,0
13.9,77.39,38.8,0.543,1.81,0.2,1
16.13,69.71,24.2,0.068,0.6,0.8,0
2.9,60.69,35.4,0.702,5.89,0.5,1
25.86,134.42,17.3,0.383,0.45,0.2,1
0.43,9.77,35.1,0.349,0.17,0.8,0
1.38,0.0,38.9,0.695,0.03,0.5,0
6.56,51.82,33.8,0.251,3.16,0.8,0
7.29,64.27,23.6,0.201,3.25,0.8,0
8.81,73.93,27.5,0.252,0.78,0.2,0
0.15,31.76,39.2,0.322,1.16,0.2,0
27.44,190.48,30.0,0.537,5.75,0.8,1
0.39,5.17,25.4,0.213,8.51,0.2,0
1.31,28.65,44.5,0.113,1.51,0.5,0
0.12,33.28,34.5,0.251,2.18,0.8,0
7.11,35.25,39.2,0.198,0.27,0.2,0
22.88,109.26,14.8,0.481,7.09,0.8,1
9.32,59.81,27.7,0.218,4.07,0.2,0
14.7,116.76,30.6,0.297,0.31,0.8,1
0.11,0.4,33.4,0.167,3.39,0.8,0
6.64,74.32,23.2,0.331,0.41,0.2,0
5.23,13.45,31.5,0.316,5.17,1.0,0
5.87,82.08,35.7,0.452,0.54,0.8,1
0.64,6.6,27.9,0.549,2.39,0.5,0
9.8,79.63,35.9,0.647,4.69,0.2,1
5.95,27.31,29.0,0.675,0.76,0.2,0
12.31,40.05,30.8,0.324,0.4,0.5,0
5.65,58.1,21.1,0.463,5.37,0.5,0
1.38,39.94,34.9,0.579,5.07,0.8,1
8.88,53.87,24.4,0.325,1.57,0.8,0
1.61,38.58,40.0,0.557,0.91,1.0,1
17.5,81.92,32.6,0.468,9.63,0.8,1
8.07,57.31,32.8,0.605,3.94,0.5,1
1.45,7.32,43.4,0.544,2.9,0.5,0
27.87,126.62,22.4,0.6,1.21,0.2,1
6.21,38.07,32.1,0.43,1.73,0.8,0
0.64,28.49,28.8,0.468,1.57,0.5,0
8.38,75.04,46.7,0.601,11.63,0.8,1
2.48,21.96,38.8,0.593,0.56,0.5,0
13.84,78.63,37.7,0.306,2.17,0.5,1
14.47,88.63,23.7,0.26,0.17,0.5,0
32.82,162.16,24.8,0.107,2.79,0.8,1
5.92,48.58,15.2,0.697,7.04,0.8,0
5.16,47.76,34.6,0.443,13.08,0.5,1
11.9,61.29,28.5,0.563,1.41,0.5,0
1.21,36.35,27.0,0.532,0.81,1.0,0
6.73,83.11,34.5,0.697,3.68,0.5,1
6.72,62.2,40.0,0.148,1.4,0.2,0
0.8,14.31,21.1,0.401,0.4,0.2,0
4.6,25.47,43.7,0.335,0.88,0.2,0
16.31,109.87,15.6,0.155,0.08,0.5,0
16.48,70.57,19.4,0.306,8.21,0.2,0
0.89,49.12,40.3,0.153,1.79,0.8,0
0.81,0.0,31.3,0.439,5.74,0.5,0
2.59,43.08,44.9,0.336,4.04,0.8,1
17.66,117.85,30.7,0.185,0.82,0.5,1
1.17,18.88,44.1,0.28,1.91,0.5,0
10.82,71.17,24.9,0.263,2.24,0.5,0
0.91,36.55,34.1,0.431,4.0,0.5,0
8.29,59.07,49.8,0.396,9.94,0.2,1
3.74,20.45,28.6,0.354,0.8,0.2,0
13.22,90.77,11.2,0.214,1.96,0.5,0
2.26,40.22,17.7,0.327,0.86,1.0,0
8.67,71.09,41.1,0.327,6.61,0.5,1
2.28,42.65,31.3,0.164,5.06,0.5,0
10.63,76.53,32.3,0.595,6.64,0.2,1
17.59,42.23,39.0,0.38,5.64,0.5,1
1.15,29.25,39.4,0.634,0.1,0.2,0
17.12,89.54,31.0,0.266,1.17,0.5,1
7.65,66.11,41.1,0.251,1.66,0.2,0
1.16,42.21,30.8,0.341,6.16,0.2,0
4.74,5.49,35.5,0.436,7.26,0.2,0
1.49,24.94,15.6,0.559,2.42,0.8,0
10.24,40.57,21.3,0.538,16.29,0.5,1
12.09,42.44,40.8,0.365,2.87,0.2,0
0.95,24.0,27.0,0.318,2.7,1.0,0
6.0,47.74,27.6,0.458,2.92,0.5,0
14.33,71.46,35.2,0.35,5.09,0.5,1
23.39,109.38,33.5,0.448,1.8,0.5,1
6.12,50.93,18.7,0.345,9.0,0.5,0
25.51,110.9,38.0,0.214,3.03,0.2,1
6.52,59.05,34.1,0.164,2.14,0.5,0
4.26,32.96,41.0,0.661,1.07,0.5,0
16.02,99.06,32.2,0.543,1.74,0.8,1
5.77,27.59,29.6,0.406,4.1,0.8,0
5.43,42.03,28.5,0.208,13.84,0.8,1
5.73,21.37,12.0,0.755,3.32,0.5,0
15.95,115.07,16.1,0.466,2.92,1.0,1
15.16,51.02,21.0,0.572,1.37,0.8,0
4.39,58.52,44.3,0.486,9.63,0.2,1
3.45,67.86,42.0,0.465,3.62,0.8,1
5.76,52.47,31.4,0.594,7.17,0.8,1
7.23,36.99,22.9,0.53,0.26,1.0,0
2.31,9.97,21.6,0.268,5.51,1.0,0
13.43,74.88,25.4,0.318,1.16,0.5,0
5.67,71.9,43.2,0.394,11.93,0.2,1
3.46,42.61,32.0,0.712,0.6,0.5,0
0.96,24.7,39.2,0.529,0.43,0.8,0
2.32,47.29,31.6,0.741,1.6,0.5,0
25.34,177.37,33.9,0.502,1.36,0.5,1
3.09,33.06,33.9,0.568,16.25,0.5,1
1.57,28.48,15.4,0.509,3.72,0.5,0
5.25,27.52,30.3,0.389,5.74,0.8,0
3.12,29.44,41.3,0.771,0.58,0.2,0
0.3,18.61,31.3,0.1,20.49,0.8,0
3.32,41.36,30.1,0.118,7.61,0.2,0
6.68,18.88,32.1,0.571,11.29,1.0,1
6.82,39.35,28.8,0.045,0.93,0.5,0
3.75,27.25,31.8,0.22,1.49,0.5,0
5.04,30.18,21.2,0.371,7.78,0.8,0
28.62,144.31,46.8,0.527,1.77,0.8,1
4.03,4.18,15.6,0.423,0.05,1.0,0
2.54,21.36,31.1,0.388,10.61,0.8,0
2.37,9.59,23.9,0.386,0.79,0.2,0
5.2,30.72,17.3,0.635,0.05,1.0,0
12.11,31.33,34.9,0.403,1.37,0.2,0
1.96,28.83,48.5,0.457,4.38,0.8,1
10.5,62.66,37.5,0.435,3.82,1.0,1
0.18,19.1,25.3,0.683,0.85,1.0,0
4.61,52.19,31.4,0.34,2.39,0.8,0
12.71,77.57,16.8,0.338,4.33,1.0,0
3.52,15.52,32.2,0.759,3.23,1.0,1
7.05,54.08,19.6,0.277,4.93,0.8,0
1.95,40.1,38.9,0.238,2.2,0.5,0
11.52,39.88,17.2,0.617,1.88,0.5,0
0.46,15.75,12.9,0.502,0.23,0.2,0
16.27,67.4,41.2,0.553,8.48,0.5,1
1.88,68.87,45.1,0.547,8.05,0.8,1
17.63,85.27,18.9,0.479,2.15,0.2,0
3.69,13.27,26.1,0.284,6.66,0.8,0
10.9,52.67,37.3,0.294,3.72,0.5,0
3.27,48.22,32.3,0.328,1.11,0.5,0
20.09,151.73,45.5,0.264,0.74,0.2,1
1.15,20.76,29.0,0.463,0.2,0.2,0
1.67,24.74,11.8,0.589,4.1,0.8,0
5.77,54.95,14.3,0.705,1.26,0.2,0
0.73,12.25,32.9,0.371,8.65,0.8,0
1.85,0.0,37.6,0.18,7.31,1.0,0
24.47,125.3,38.7,0.539,4.83,0.8,1
31.88,185.86,43.4,0.553,3.63,0.5,1
4.01,47.89,24.5,0.347,9.93,0.8,0
21.83,135.41,37.2,0.516,7.08,0.5,1
6.69,50.43,39.9,0.519,1.15,0.2,0
2.67,48.17,40.3,0.566,1.13,0.5,0
10.3,73.95,29.5,0.691,0.08,0.5,1
9.14,69.26,34.3,0.665,2.56,1.0,1
38.43,183.78,32.6,0.427,2.31,0.8,1
2.62,41.58,33.6,0.686,1.09,0.5,0
9.48,67.38,26.1,0.619,12.89,0.8,1
0.45,3.3,35.7,0.278,2.97,0.2,0
1.03,5.97,36.4,0.407,0.63,0.2,0
0.03,0.0,23.5,0.261,7.06,1.0,0
63.96,280.0,30.2,0.623,2.23,0.8,1
13.78,62.69,29.7,0.575,5.35,0.5,1
13.13,82.22,37.5,0.421,1.71,0.5,1
6.06,43.37,35.3,0.346,0.29,0.5,0
3.03,22.1,31.0,0.263,18.03,0.5,0
1.39,23.08,34.9,0.126,6.76,1.0,0
2.85,22.88,25.6,0.251,0.95,0.2,0
4.01,33.79,24.7,0.479,6.86,0.5,0
12.0,97.57,24.9,0.592,6.3,1.0,1
6.59,77.4,15.2,0.644,6.16,0.8,1
0.69,40.3,35.9,0.479,1.08,0.8,0
0.15,20.48,48.6,0.468,0.65,0.8,0
0.92,41.44,26.9,0.183,2.74,1.0,0
4.49,69.9,44.3,0.59,4.64,1.0,1
23.0,100.68,33.8,0.749,2.47,0.5,1
8.62,80.13,24.4,0.647,2.08,0.8,1
13.76,89.67,13.3,0.512,2.36,1.0,1
5.34,64.21,36.8,0.473,11.77,0.5,1
3.82,42.19,36.0,0.323,9.81,0.5,0
0.98,21.63,24.6,0.558,10.64,0.2,0
17.74,96.91,27.5,0.343,1.36,0.8,1
12.99,78.28,42.7,0.549,0.1,0.2,1
1.56,18.22,22.1,0.265,14.2,0.5,0
6.1,60.44,40.2,0.203,0.25,0.2,0
5.68,55.02,22.5,0.739,10.74,1.0,1
8.34,55.52,31.1,0.393,2.63,0.8,0
24.84,125.27,31.5,0.404,3.28,0.2,1
7.37,59.67,30.9,0.561,0.33,0.8,1
6.6,37.73,26.3,0.368,9.61,0.8,0
0.44,9.98,25.3,0.881,0.62,0.8,0
0.55,0.48,37.0,0.408,8.1,0.8,0
1.76,48.36,26.0,0.167,0.82,0.8,0
0.28,17.89,33.9,0.263,0.78,0.2,0
11.56,35.81,40.6,0.263,0.61,0.5,0
10.92,56.11,40.3,0.457,0.65,0.2,0
1.24,28.93,22.4,0.351,4.21,0.8,0
15.37,38.85,35.0,0.439,0.01,0.5,0
1.43,14.3,33.7,0.205,6.1,0.2,0
3.05,18.72,26.1,0.347,4.95,0.5,0
2.43,21.98,29.0,0.091,2.04,0.5,0
3.96,49.08,26.2,0.585,6.76,0.5,0
2.5,25.73,32.3,0.336,4.54,1.0,0
5.71,33.85,39.2,0.822,13.47,0.8,1
4.45,57.71,41.9,0.212,4.08,0.8,1
36.64,206.88,36.7,0.332,3.76,0.2,1
0.49,0.0,31.1,0.189,0.42,1.0,0
1.3,18.32,46.1,0.793,8.45,0.5,1
0.46,26.53,32.9,0.333,3.73,0.5,0
8.36,47.74,31.0,0.561,2.44,0.2,0
0.48,52.51,41.0,0.732,0.04,0.8,1
15.39,72.17,23.1,0.487,2.64,1.0,1
6.1,42.0,22.1,0.685,3.34,0.5,0
6.36,37.29,38.5,0.384,4.72,0.2,0
7.01,61.15,41.6,0.465,0.71,0.2,0
1.59,17.54,18.2,0.62,0.38,0.5,0
1.87,32.07,37.9,0.506,3.22,0.8,0
3.26,18.76,29.8,0.151,7.01,0.8,0
7.65,48.46,36.2,0.323,3.89,0.8,0
2.0,21.4,21.2,0.704,5.51,0.5,0
1.05,18.7,47.2,0.419,1.69,0.8,0
29.84,84.2,42.0,0.296,0.85,0.8,1
0.19,36.03,29.4,0.371,1.17,0.5,0
13.8,56.35,42.5,0.162,0.88,0.5,0
13.19,74.27,42.6,0.193,9.21,0.5,1
3.0,28.21,30.6,0.337,10.01,0.2,0
1.24,50.59,45.3,0.588,3.28,1.0,1
1.34,37.83,47.6,0.354,3.91,0.8,1
10.16,82.41,24.2,0.307,8.13,1.0,1
8.75,35.92,17.8,0.131,1.45,0.5,0
12.98,87.39,27.5,0.754,1.17,0.5,1
23.56,179.21,31.3,0.446,8.58,0.5,1
10.01,57.91,19.3,0.476,0.79,1.0,0
1.44,28.69,21.4,0.303,25.0,0.5,1
2.37,13.16,47.1,0.432,6.06,0.2,0
15.69,86.14,37.1,0.109,8.2,0.5,1
2.0,56.89,41.8,0.519,1.16,0.5,0
0.64,32.44,47.1,0.294,7.23,1.0,1
10.33,80.01,28.7,0.507,1.7,0.5,1
4.38,46.04,35.8,0.684,2.12,0.5,1
21.47,113.52,23.0,0.38,3.95,0.2,1
8.93,46.53,32.6,0.396,11.97,0.2,1
0.81,17.61,23.9,0.607,2.95,0.2,0
25.11,128.31,22.2,0.604,3.54,0.2,1
2.54,61.55,19.5,0.215,8.8,0.2,0
3.5,15.45,33.2,0.179,1.0,0.5,0
4.37,35.59,45.5,0.653,2.49,0.5,1
0.45,7.92,20.6,0.349,8.0,0.5,0
5.83,59.37,31.5,0.449,6.72,1.0,1
1.12,52.45,35.8,0.824,0.23,0.2,0
4.36,39.77,31.4,0.436,0.22,0.5,0
3.67,39.92,43.4,0.699,7.61,0.2,1
12.6,79.25,22.4,0.605,1.14,0.2,0
13.82,89.16,14.7,0.292,1.65,0.5,0
1.42,38.29,28.8,0.283,4.31,0.8,0
3.88,40.87,32.7,0.104,4.13,1.0,0
3.97,41.81,25.3,0.314,4.63,0.2,0
1.4,38.11,22.5,0.283,0.35,0.8,0
13.61,33.69,39.2,0.244,3.48,0.2,0
10.44,55.38,23.2,0.544,2.49,0.5,0
1.8,29.33,30.2,0.831,6.22,0.8,1
3.88,36.94,45.8,0.331,0.63,0.5,0
0.95,20.62,34.0,0.598,4.62,1.0,0
8.41,44.01,31.4,0.37,5.48,0.5,0
1.1,12.9,28.2,0.367,16.63,0.8,0
36.24,167.07,31.9,0.387,3.61,0.2,1
12.9,69.75,37.1,0.341,1.14,0.5,1
4.2,19.92,39.8,0.2,7.13,0.2,0
7.34,59.43,34.8,0.234,6.05,0.5,0
20.6,117.29,38.7,0.234,0.14,0.5,1
6.87,68.31,19.0,0.558,5.38,0.5,0
1.63,28.16,13.6,0.485,4.45,0.5,0
4.05,30.12,37.1,0.388,1.04,0.8,0
15.75,74.58,25.6,0.413,3.39,0.2,0
8.78,104.87,41.9,0.452,2.84,0.5,1
8.94,75.66,32.3,0.458,1.17,0.2,0
17.14,85.13,31.0,0.644,2.37,0.5,1
19.07,122.62,38.2,0.533,0.82,0.2,1
21.45,100.41,37.3,0.258,0.66,0.8,1
0.85,23.39,36.2,0.654,10.65,0.2,0
6.68,71.28,35.9,0.105,3.24,0.2,0
11.47,69.88,31.8,0.365,6.33,0.8,1
12.02,90.03,44.1,0.308,1.57,1.0,1
7.93,40.42,42.4,0.144,1.57,1.0,0
1.55,22.19,27.4,0.457,2.64,0.8,0
13.57,61.38,39.2,0.314,7.35,0.5,1
10.82,76.8,42.4,0.184,11.31,0.5,1
0.77,18.65,34.1,0.323,0.19,1.0,0
5.3,8.62,32.7,0.156,2.39,0.2,0
1.62,31.38,35.4,0.254,7.92,0.5,0
3.5,65.87,22.3,0.586,3.01,0.2,0
0.16,15.06,19.0,0.321,2.28,0.2,0
4.35,9.8,39.7,0.6,0.62,0.2,0
6.78,50.33,33.1,0.627,2.23,0.5,0
8.22,85.78,20.6,0.321,5.11,0.2,0
9.26,67.99,29.6,0.129,4.31,0.5,0
15.38,93.04,26.6,0.221,2.2,0.2,0
2.06,40.93,41.8,0.348,5.54,0.2,0
1.09,36.82,31.6,0.276,3.42,0.8,0
16.21,53.65,33.2,0.301,1.22,0.8,0
1.45,31.16,24.7,0.22,0.57,0.8,0
31.27,105.81,39.0,0.299,4.18,0.2,1
15.71,58.68,44.3,0.528,0.73,0.5,1
5.91,34.07,38.8,0.148,0.9,0.8,0
33.88,158.23,31.3,0.729,1.24,0.2,1
0.87,5.18,40.2,0.747,11.27,0.5,1
3.07,42.88,23.2,0.366,4.33,0.5,0
8.64,47.36,20.2,0.523,9.96,0.5,0
3.66,30.67,30.1,0.35,1.07,0.8,0
22.41,99.36,23.0,0.408,3.64,0.5,1
0.58,8.57,25.5,0.737,4.25,0.5,0
6.78,26.36,33.3,0.108,11.43,0.5,0
7.6,55.38,29.3,0.433,2.39,0.5,0
8.99,47.64,41.4,0.244,3.91,0.5,0
2.51,39.93,24.4,0.521,7.98,0.5,0
3.85,23.04,50.4,0.53,0.58,0.5,0
15.77,93.43,28.2,0.442,9.18,0.2,1
1.84,29.28,31.8,0.318,1.51,0.8,0
14.91,107.63,21.1,0.516,2.13,0.2,1
7.03,8.2,33.2,0.154,2.67,0.2,0
12.21,71.51,46.3,0.364,4.8,0.8,1
10.63,69.46,37.5,0.26,0.65,0.5,0
1.98,10.31,25.0,0.642,4.39,0.5,0
7.15,43.59,30.2,0.347,0.38,0.5,0
17.19,115.52,29.8,0.673,1.83,0.2,1
4.81,39.13,19.5,0.409,3.66,1.0,0
28.89,109.23,42.2,0.574,0.58,0.5,1
5.12,26.09,28.8,0.333,4.19,0.5,0
1.31,30.56,31.4,0.45,11.73,1.0,1
4.19,30.36,26.4,0.212,11.92,1.0,0
25.76,104.2,21.9,0.637,3.35,0.2,1
3.27,26.84,42.9,0.599,2.78,0.5,0
17.22,83.44,15.9,0.477,2.17,0.8,1
18.11,98.19,29.2,0.262,2.31,1.0,1
3.66,55.85,37.0,0.292,3.19,0.5,0
0.74,38.19,26.9,0.305,2.17,1.0,0
10.96,102.98,30.3,0.473,2.11,0.8,1
3.17,50.18,32.9,0.464,1.29,0.2,0
12.98,77.41,50.0,0.389,4.3,0.5,1
4.97,53.01,37.8,0.303,7.84,1.0,1
5.64,48.81,46.7,0.319,0.13,0.2,0
12.79,92.36,35.9,0.66,12.61,1.0,1
4.1,29.11,25.8,0.571,4.9,0.5,0
4.98,43.15,26.3,0.852,0.04,1.0,1
4.01,39.01,39.8,0.096,0.4,0.8,0
3.89,47.25,29.9,0.492,10.29,0.5,1
6.34,67.83,28.5,0.488,4.22,1.0,1
14.06,58.22,45.2,0.408,0.24,0.2,1
3.82,32.27,13.5,0.495,1.56,0.8,0
6.31,40.9,32.0,0.275,8.19,0.5,0
9.44,92.86,38.3,0.275,7.36,0.5,1
2.67,1.99,37.1,0.343,0.8,0.5,0
2.76,18.38,28.4,0.42,2.09,0.8,0
23.03,113.85,32.3,0.464,5.31,0.2,1
10.93,68.86,12.3,0.251,4.41,0.5,0
7.32,47.76,32.2,0.484,0.4,0.5,0
8.87,79.07,33.5,0.401,3.44,0.8,1
0.25,24.36,41.7,0.171,0.1,1.0,0
8.18,59.12,24.0,0.496,1.7,1.0,0
6.05,56.75,39.9,0.148,2.77,0.5,0
6.71,39.99,36.6,0.577,0.17,0.5,0
3.79,25.01,35.3,0.725,7.07,1.0,1
0.72,34.66,29.1,0.34,2.03,0.2,0
1.83,38.97,28.4,0.394,1.98,0.8,0
25.59,91.61,36.2,0.141,0.44,0.5,1
4.47,67.92,49.1,0.69,2.45,0.2,1
5.34,60.97,29.4,0.37,0.34,0.8,0
0.46,36.67,43.7,0.048,0.62,0.2,0
0.33,59.48,33.4,0.334,6.84,0.2,0
10.74,76.2,41.5,0.38,4.36,0.5,1
6.57,30.91,24.2,0.466,3.45,0.5,0
6.04,54.14,37.9,0.458,2.69,0.2,0
2.37,24.67,40.2,0.313,2.43,0.8,0
11.61,55.73,40.1,0.501,11.49,0.2,1
1.57,11.91,38.6,0.261,17.96,1.0,1
1.79,33.65,26.8,0.578,1.85,1.0,0
5.25,16.59,32.0,0.23,0.05,0.5,0
2.87,35.09,26.6,0.535,9.16,0.8,0
2.42,28.44,27.8,0.618,1.47,0.8,0
8.81,46.59,26.7,0.277,9.78,0.5,0
8.95,30.83,26.2,0.464,2.89,0.8,0
14.79,59.59,36.0,0.36,12.68,0.8,1
4.6,33.31,34.9,0.373,2.73,1.0,0
0.65,30.13,23.7,0.219,2.14,0.5,0
2.72,39.42,35.9,0.344,9.71,1.0,1
33.25,191.06,26.4,0.577,4.83,0.8,1
7.71,45.5,23.7,0.544,7.01,0.2,0
10.51,54.6,37.4,0.731,0.3,0.2,1
0.06,0.0,28.3,0.575,3.61,0.8,0
6.21,12.47,33.0,0.587,4.19,0.5,0
0.33,18.15,23.6,0.568,0.54,1.0,0
7.16,44.35,34.0,0.243,1.36,0.5,0
21.55,105.16,23.9,0.259,8.43,0.5,1
29.37,105.1,22.4,0.673,0.99,1.0,1
6.61,77.47,28.9,0.388,5.73,1.0,1
5.21,37.96,38.7,0.327,0.1,0.5,0
24.66,103.83,22.8,0.858,0.76,0.5,1
9.52,40.95,20.4,0.443,0.2,1.0,0
0.57,42.97,15.4,0.425,1.99,0.5,0
5.33,41.13,29.6,0.37,0.86,0.8,0
2.34,44.43,26.1,0.206,1.15,0.2,0
5.39,32.61,26.4,0.784,2.68,1.0,1
5.17,37.73,48.1,0.412,2.78,0.2,0
7.42,40.16,23.4,0.174,0.91,0.2,0
3.75,57.29,30.6,0.668,7.23,0.2,1
1.53,0.0,48.6,0.356,1.55,0.2,0
5.96,48.77,15.3,0.79,1.81,0.8,0
15.07,98.16,36.0,0.337,8.61,0.5,1
9.27,21.83,28.5,0.442,2.14,0.5,0
3.51,31.04,43.1,0.163,0.92,1.0,0
23.3,124.56,43.4,0.25,0.34,0.2,1
20.68,85.83,28.9,0.312,4.17,0.2,1
2.0,22.81,24.3,0.195,0.81,0.8,0
0.34,17.55,29.9,0.441,6.05,0.5,0
11.49,63.19,46.6,0.214,8.51,0.2,1
14.94,67.94,26.1,0.375,2.7,0.5,0
29.22,91.09,48.0,0.61,3.33,0.2,1
18.75,136.23,39.7,0.602,0.3,1.0,1
7.8,50.95,25.7,0.551,4.09,1.0,1
6.42,57.47,38.8,0.861,9.29,0.5,1
0.24,0.0,16.8,0.147,0.0,0.5,0
2.41,20.24,32.5,0.518,0.92,0.5,0
5.23,56.66,28.2,0.7,1.52,0.8,1
8.42,43.6,29.9,0.678,6.48,0.2,0
6.93,37.94,30.9,0.26,0.43,0.8,0
11.54,21.7,31.6,0.587,2.22,0.5,0
2.79,40.95,35.0,0.452,0.78,0.5,0
7.07,57.34,36.0,0.249,9.26,0.8,1
0.78,27.9,47.5,0.601,0.89,0.8,1
4.54,30.11,37.9,0.114,1.42,0.8,0
11.79,33.24,35.8,0.415,3.05,0.5,0
10.05,56.72,29.0,0.387,0.32,0.2,0
39.71,168.88,20.4,0.477,2.12,0.5,1
2.77,24.84,17.4,0.351,1.43,0.2,0
5.86,72.88,31.0,0.635,7.73,1.0,1
3.4,2.88,35.3,0.371,6.03,0.2,0
4.94,45.71,34.9,0.217,9.93,0.5,0
16.53,93.19,45.7,0.504,1.24,1.0,1
9.8,83.79,28.8,0.161,6.41,1.0,1
18.2,71.85,34.3,0.519,6.55,1.0,1
1.93,18.74,42.3,0.184,0.47,0.5,0
17.56,87.29,29.3,0.66,2.64,0.8,1
0.52,0.0,31.0,0.418,13.69,0.2,0
18.65,73.22,44.0,0.396,6.76,0.2,1
3.39,26.72,32.6,0.147,4.07,0.2,0
3.21,20.64,39.0,0.074,2.74,0.5,0
6.1,45.86,44.6,0.247,4.7,0.5,0
24.01,163.26,33.0,0.375,6.13,0.2,1
0.42,11.69,20.0,0.719,2.59,0.2,0
3.69,58.24,39.8,0.269,5.14,0.8,1
16.51,126.07,39.6,0.434,0.64,0.2,1
4.29,57.31,20.3,0.413,1.9,0.5,0
1.89,25.77,32.5,0.367,0.22,0.2,0
4.7,50.92,31.2,0.536,5.52,0.5,0
4.14,18.19,40.7,0.387,0.9,0.8,0
21.0,134.84,25.9,0.349,0.69,1.0,1
12.2,88.97,29.8,0.081,2.19,0.2,0
5.98,30.87,33.8,0.64,2.91,0.8,0
37.86,180.37,31.9,0.748,0.69,0.8,1
5.32,32.41,45.9,0.647,1.71,0.2,0
0.51,57.25,46.3,0.405,3.29,0.5,1
2.59,38.34,18.7,0.59,0.36,0.8,0
4.87,66.98,26.6,0.215,1.45,0.8,0
1.45,40.73,12.6,0.179,1.15,0.5,0
25.06,131.34,29.6,0.444,4.85,0.8,1
12.38,70.06,35.2,0.291,0.69,0.5,0
2.66,2.46,30.9,0.592,2.59,0.2,0
7.6,31.46,17.9,0.346,1.51,0.8,0
10.86,67.61,23.5,0.316,4.87,0.5,0
24.1,135.74,22.7,0.244,12.52,1.0,1
18.14,109.47,31.7,0.323,7.61,0.8,1
6.15,23.15,35.5,0.171,2.76,0.8,0
12.67,71.57,27.1,0.369,7.37,0.8,1
7.02,76.41,21.0,0.563,4.7,0.5,0
6.84,28.26,39.0,0.45,0.81,0.2,0
1.04,29.6,41.1,0.948,4.47,0.5,1
1.15,43.4,26.0,0.497,3.34,0.5,0
6.41,66.99,29.7,0.567,0.87,0.2,0
2.66,28.02,18.7,0.28,13.72,0.5,0
0.18,32.35,24.5,0.416,6.42,0.8,0
10.91,81.31,38.0,0.201,5.57,0.2,1
0.28,26.91,28.4,0.678,14.37,0.5,1
7.69,80.21,33.8,0.475,16.89,0.5,1
6.59,42.28,45.3,0.611,2.46,0.2,1
29.48,133.68,36.8,0.456,2.68,1.0,1
5.63,32.91,30.5,0.645,7.19,1.0,1
0.56,19.78,28.4,0.259,3.81,0.8,0
6.82,53.37,23.3,0.431,0.31,0.8,0
15.64,76.21,37.7,0.711,4.46,0.8,1
48.96,278.63,20.2,0.527,2.43,0.2,1
4.78,57.09,17.5,0.203,0.23,0.8,0
3.28,68.16,19.8,0.121,9.33,0.5,0
20.16,46.79,25.0,0.441,1.01,0.5,0
1.8,59.21,34.3,0.387,11.58,1.0,1
8.12,39.83,41.2,0.307,2.65,1.0,1
4.42,47.46,49.5,0.584,3.93,0.5,1
0.36,39.49,37.0,0.69,1.16,0.5,0
3.63,62.93,21.6,0.159,16.26,0.2,0
2.62,20.69,26.0,0.707,0.18,0.5,0
9.85,71.4,21.0,0.136,7.53,0.5,0
25.26,169.82,20.3,0.317,0.26,0.2,1
2.65,26.94,32.9,0.593,9.03,0.5,0
14.18,105.66,43.1,0.495,9.1,0.5,1
0.48,21.34,35.7,0.638,1.74,0.5,0
6.57,17.47,39.1,0.482,3.48,0.2,0
0.62,12.42,31.7,0.457,7.31,0.2,0
23.11,115.53,31.0,0.537,1.45,0.8,1
12.36,62.39,44.8,0.326,0.53,0.2,0
9.12,57.2,36.7,0.276,9.42,1.0,1
14.76,63.36,30.6,0.17,0.29,0.5,0
8.86,47.24,27.5,0.79,0.54,1.0,1
29.51,189.36,19.3,0.618,0.74,1.0,1
10.64,74.7,39.7,0.098,3.66,0.5,0
21.98,123.52,22.5,0.554,1.46,0.5,1
6.19,68.56,31.8,0.301,3.1,0.5,0
1.06,59.82,34.5,0.076,5.74,1.0,0
6.38,49.26,37.3,0.275,3.52,0.5,0
1.15,37.58,18.8,0.497,9.18,0.5,0
7.63,26.06,13.1,0.471,0.4,0.8,0
5.6,32.83,36.3,0.4,9.84,1.0,1
8.28,43.39,30.5,0.284,2.53,0.5,0
0.09,5.15,22.9,0.491,0.22,0.5,0
1.84,19.8,48.1,0.584,8.35,0.5,1
5.75,46.0,38.8,0.3,0.46,0.8,0
25.55,137.66,33.2,0.396,4.23,0.2,1
4.11,69.63,36.2,0.332,1.27,0.5,0
4.69,40.31,22.0,0.754,0.42,0.2,0
10.66,96.54,46.4,0.267,7.04,0.8,1
7.87,67.33,50.3,0.701,2.12,0.5,1
3.02,24.64,34.8,0.49,3.67,0.5,0
4.5,40.5,35.3,0.185,4.65,0.2,0
2.09,22.97,36.2,0.288,3.06,0.8,0
28.75,119.87,35.2,0.259,5.74,1.0,1
1.19,10.99,30.1,0.118,2.63,0.5,0
3.95,34.73,32.4,0.494,2.04,1.0,0
0.22,26.73,26.2,0.177,5.3,0.2,0
2.13,36.58,30.3,0.212,0.89,0.5,0
12.89,81.17,30.1,0.607,10.83,0.5,1
1.91,25.17,26.3,0.214,1.35,0.8,0
0.71,36.38,38.6,0.587,0.15,0.2,0
5.47,47.76,29.5,0.31,2.97,0.5,0
0.09,41.15,32.6,0.202,1.36,1.0,0
0.75,0.0,22.0,0.767,0.66,1.0,0
14.01,72.19,30.9,0.446,5.81,1.0,1
12.55,91.05,37.8,0.423,3.39,0.8,1
20.97,92.14,30.3,0.604,3.41,0.5,1
16.39,59.23,32.7,0.545,2.76,0.2,1
9.77,81.32,36.2,0.624,3.94,0.2,1
0.46,35.77,29.0,0.75,9.71,0.5,1
12.98,41.25,28.1,0.139,1.52,1.0,0
15.87,88.22,18.9,0.506,3.83,0.5,1
13.64,61.1,33.3,0.36,5.81,0.5,1
6.04,61.6,36.3,0.497,0.86,0.2,0
2.25,0.7,33.2,0.519,5.04,0.5,0
15.86,126.77,26.2,0.282,1.83,1.0,1
11.04,64.2,25.6,0.376,7.0,1.0,1
33.58,204.68,22.1,0.47,1.33,0.5,1
1.44,24.04,16.6,0.709,4.49,0.8,0
2.17,17.18,29.9,0.342,2.72,0.2,0
2.02,34.98,22.2,0.576,5.26,1.0,0
13.37,72.05,35.9,0.36,6.36,0.5,1
1.76,1.59,46.3,0.701,0.49,0.5,0
0.59,33.13,18.2,0.564,1.16,0.5,0
55.62,280.0,42.5,0.607,1.13,0.8,1
0.21,29.35,35.0,0.046,0.18,1.0,0
15.33,98.46,41.2,0.502,12.05,1.0,1
3.87,29.83,22.0,0.568,3.1,0.5,0
15.66,93.08,43.1,0.469,0.95,0.5,1
6.88,51.34,46.1,0.288,3.17,0.5,1
19.71,131.13,43.1,0.377,6.71,0.8,1
22.15,91.8,38.6,0.383,0.66,0.2,1
0.08,26.76,19.1,0.322,3.97,1.0,0
0.67,37.12,24.3,0.231,0.61,1.0,0
2.45,50.54,43.5,0.394,7.22,0.8,1
9.41,43.17,24.6,0.592,1.04,0.5,0
18.63,31.73,27.9,0.072,3.53,1.0,0
5.24,68.39,16.8,0.282,0.07,0.8,0
7.94,25.76,34.3,0.421,0.0,1.0,0
1.78,12.76,32.8,0.311,4.35,0.5,0
13.89,52.52,46.3,0.629,0.22,1.0,1
29.08,152.53,42.5,0.193,0.91,0.2,1
2.66,28.72,31.6,0.485,10.64,0.2,0
5.8,37.21,33.9,0.489,3.94,0.8,0
0.77,18.82,29.5,0.294,1.15,0.8,0
6.96,56.96,21.1,0.378,4.23,0.5,0
5.94,29.99,41.5,0.555,19.06,0.2,1
1.33,21.34,32.5,0.13,2.18,0.2,0
4.96,48.82,29.8,0.592,2.71,0.5,0
3.46,50.73,18.0,0.049,2.9,0.8,0
6.27,75.76,35.2,0.463,0.67,0.5,0
7.49,37.92,29.2,0.153,2.9,1.0,0
0.07,47.69,25.3,0.291,3.78,0.2,0
12.17,75.97,41.8,0.274,2.56,0.2,1
10.61,64.17,23.0,0.552,2.35,0.8,0
3.88,22.41,31.8,0.502,0.94,0.8,0
0.46,13.68,38.9,0.462,3.31,0.5,0
11.95,110.61,40.7,0.684,3.02,1.0,1
26.39,110.5,39.7,0.288,10.08,0.2,1
2.33,4.81,42.7,0.24,1.74,0.2,0
3.32,28.65,21.5,0.397,4.59,0.2,0
1.73,0.0,44.9,0.692,5.81,0.8,1
7.31,41.3,13.2,0.284,5.97,0.2,0
1.43,14.86,25.4,0.608,3.17,0.8,0
3.74,36.33,18.8,0.342,3.72,0.5,0
10.15,61.43,45.2,0.332,6.14,0.2,1
6.98,72.22,29.8,0.331,0.11,0.8,0
4.15,14.47,27.1,0.61,0.92,0.8,0
4.63,34.81,22.4,0.261,2.83,1.0,0
7.02,58.12,22.0,0.439,4.98,0.2,0
0.05,16.23,34.0,0.447,0.76,0.5,0
0.69,18.88,16.6,0.598,7.73,0.2,0
18.11,77.94,33.5,0.572,2.74,0.8,1
0.69,4.82,38.2,0.202,1.81,1.0,0
10.43,68.45,33.7,0.357,0.63,0.2,0
21.47,49.78,39.9,0.447,3.12,1.0,1
2.68,38.3,25.7,0.239,5.9,0.8,0
3.93,16.93,18.4,0.131,1.43,0.2,0
7.15,58.46,36.7,0.137,2.61,0.8,0
18.14,132.79,40.0,0.407,0.74,0.2,1
24.19,146.82,31.5,0.291,1.14,0.5,1
11.44,82.94,39.7,0.504,4.47,0.8,1
0.77,34.04,30.6,0.607,12.9,1.0,1
9.4,49.58,23.5,0.325,3.6,0.8,0
4.49,29.1,30.9,0.544,3.79,0.2,0
5.41,60.28,24.1,0.293,8.08,0.8,0
0.43,25.76,30.9,0.604,0.76,0.5,0
1.8,42.14,21.7,0.284,6.39,0.5,0
13.29,26.22,23.1,0.625,7.43,0.2,0
5.14,42.89,42.1,0.505,4.5,0.8,1
3.05,4.71,20.3,0.42,0.14,0.5,0
4.12,40.02,24.4,0.665,9.89,0.5,0
16.38,101.37,50.1,0.317,3.42,0.2,1
11.75,95.87,33.1,0.657,0.95,0.8,1
2.7,15.52,33.3,0.655,2.53,0.8,0
1.06,18.13,40.6,0.491,3.19,1.0,0
2.47,25.52,32.0,0.411,0.32,0.8,0
21.55,124.86,24.3,0.653,3.42,0.5,1
7.41,62.96,29.8,0.21,3.68,0.5,0
6.48,55.13,37.7,0.42,6.03,0.8,1
7.71,60.78,41.6,0.618,9.71,0.5,1
3.87,40.4,25.9,0.906,2.36,0.5,0
13.99,94.6,25.6,0.278,1.25,0.8,1
6.3,38.51,27.4,0.811,4.32,0.5,0
1.06,21.81,33.6,0.268,0.61,0.2,0
1.17,10.64,26.0,0.231,0.39,0.2,0
6.54,52.53,42.5,0.369,5.8,0.5,1
23.44,147.92,47.7,0.422,7.53,0.8,1
3.13,18.4,35.6,0.295,6.39,0.2,0
17.31,83.94,47.0,0.572,8.36,0.8,1
12.28,79.77,26.3,0.514,1.23,0.2,0
2.42,21.03,39.5,0.372,3.76,0.5,0
0.31,21.9,35.6,0.02,3.59,0.2,0
0.91,27.92,25.6,0.57,0.17,1.0,0
11.08,50.94,27.2,0.286,0.1,0.5,0
1.89,35.2,31.2,0.491,7.93,0.2,0
3.94,17.38,38.8,0.448,0.07,0.8,0
5.92,49.57,41.6,0.093,4.97,0.2,0
10.99,54.01,34.5,0.441,2.13,0.2,0
1.02,14.36,36.7,0.584,0.15,0.5,0
4.43,57.51,25.6,0.285,7.23,0.8,0
5.64,51.7,37.3,0.658,1.88,0.5,1
6.62,72.45,33.8,0.77,5.05,0.5,1
14.5,86.52,24.4,0.399,2.64,0.5,0
1.6,36.14,45.5,0.49,7.73,1.0,1
14.02,76.93,31.8,0.542,2.65,0.2,1
10.03,57.92,38.9,0.734,5.35,0.2,1
6.9,54.36,32.0,0.388,3.48,0.5,0
10.22,57.66,44.5,0.214,5.78,0.5,1
4.51,72.66,21.4,0.233,0.44,0.5,0
1.27,38.45,32.5,0.473,1.66,0.8,0
9.32,29.04,14.8,0.224,1.74,0.8,0
6.32,49.04,23.5,0.652,0.45,0.8,0
8.67,74.77,26.1,0.655,8.59,1.0,1
3.51,40.93,30.9,0.42,1.18,0.5,0
20.18,124.39,39.7,0.221,5.72,0.2,1
7.52,52.16,30.8,0.541,2.53,0.2,0
0.76,3.47,32.8,0.706,8.31,0.5,0
5.08,53.87,44.0,0.358,4.97,0.5,1
12.0,70.69,37.7,0.542,5.39,0.5,1
13.43,81.29,16.8,0.375,2.54,0.8,0
5.8,40.25,22.8,0.205,1.87,0.5,0
19.14,143.73,15.9,0.329,2.4,0.5,1
2.65,29.45,18.0,0.39,2.55,1.0,0
4.49,32.18,27.7,0.582,0.23,1.0,0
19.45,80.1,36.9,0.376,0.43,0.2,1
19.26,103.57,25.0,0.485,1.3,0.5,1
9.84,38.15,29.0,0.731,2.03,0.5,0
16.65,95.77,29.1,0.507,0.26,0.5,1
0.79,18.8,33.4,0.204,2.49,1.0,0
17.02,80.27,42.5,0.589,3.3,0.8,1
3.29,46.03,48.2,0.52,12.31,1.0,1
1.67,43.04,33.8,0.315,0.42,0.5,0
2.33,48.1,31.6,0.624,6.3,0.2,0
4.6,27.8,35.7,0.332,5.0,0.8,0
2.46,34.05,35.3,0.481,5.2,0.5,0
3.29,35.68,32.0,0.48,7.09,1.0,1
1.23,0.0,37.1,0.404,12.79,1.0,1
2.99,13.02,31.3,0.74,3.89,0.5,0
7.22,37.04,50.3,0.388,8.2,0.8,1
4.96,44.2,16.7,0.362,0.51,0.5,0
3.62,38.9,30.2,0.268,1.03,0.2,0
11.66,71.31,29.2,0.345,1.8,0.5,0
19.04,81.04,38.1,0.444,0.31,0.8,1
12.02,78.11,23.3,0.333,0.95,0.5,0
3.43,33.64,30.0,0.634,14.82,0.5,1
11.6,64.05,36.1,0.463,5.14,0.2,1
1.4,40.11,33.7,0.264,4.82,0.2,0
1.19,24.41,32.5,0.807,2.91,0.5,0
3.6,48.09,30.0,0.509,0.97,0.5,0
14.01,89.62,37.6,0.628,0.49,0.2,1
2.4,13.49,34.8,0.869,2.82,0.2,0
0.56,28.03,41.7,0.525,4.09,0.8,1
1.2,19.89,37.0,0.136,3.14,0.5,0
16.64,70.17,21.4,0.29,2.34,0.8,0
8.54,89.25,34.1,0.751,0.1,0.8,1
2.48,39.49,16.4,0.572,3.46,0.5,0
6.89,41.56,28.9,0.314,2.8,0.8,0
6.37,40.74,29.5,0.405,1.26,0.5,0
9.06,29.65,41.0,0.392,6.05,0.2,0
2.26,25.81,22.9,0.417,4.48,0.5,0
16.98,88.93,34.7,0.246,13.64,0.8,1
3.15,33.14,23.3,0.373,2.64,1.0,0
10.07,55.09,45.4,0.545,0.27,0.2,1
0.14,42.16,32.1,0.485,10.02,0.2,0
3.96,58.48,36.3,0.238,2.33,0.8,0
3.68,36.15,34.8,0.787,19.52,0.2,1
6.67,50.05,26.7,0.52,2.66,0.2,0
0.64,0.66,42.9,0.137,2.06,0.5,0
13.27,77.45,34.3,0.361,0.3,0.5,0
2.09,24.58,31.7,0.637,0.5,0.5,0
9.61,60.15,32.1,0.17,0.46,0.2,0
13.82,64.09,42.4,0.247,3.88,0.2,0
7.01,88.55,17.4,0.509,2.88,1.0,1
11.48,105.47,29.0,0.778,16.21,1.0,1
9.22,69.55,40.5,0.744,2.16,1.0,1
3.73,51.72,15.9,0.674,0.66,1.0,0
14.07,71.01,34.6,0.552,1.26,0.8,1
2.97,56.39,29.3,0.342,6.14,0.5,0
7.2,28.69,23.7,0.74,6.6,0.5,0
11.63,77.23,33.9,0.337,0.48,0.2,0
4.05,45.62,40.1,0.238,16.05,1.0,1
3.07,19.09,30.8,0.571,1.65,0.2,0
5.23,37.99,21.6,0.229,1.69,0.8,0
14.48,53.42,26.8,0.308,1.27,0.8,0
22.59,69.83,48.0,0.551,5.55,0.8,1
6.69,20.41,20.1,0.368,10.56,0.2,0
9.21,81.98,22.2,0.096,4.75,0.5,0
19.85,114.2,49.1,0.256,0.38,0.8,1
0.88,0.0,42.0,0.671,5.63,0.2,0
2.24,54.56,36.3,0.337,5.72,0.5,0
10.49,61.63,21.8,0.438,3.99,0.5,0
14.75,67.17,24.9,0.654,0.81,0.8,1
16.53,47.27,22.9,0.343,2.63,0.5,0
4.56,61.06,34.4,0.403,0.13,0.5,0
0.8,26.68,29.2,0.404,1.12,0.2,0
4.89,52.97,16.6,0.395,4.23,0.2,0
2.23,47.59,26.4,0.287,1.71,0.8,0
2.93,56.18,41.2,0.484,0.66,0.5,0
12.58,49.38,38.9,0.93,0.43,0.2,1
0.67,18.59,34.7,0.516,5.49,0.2,0
14.94,82.27,18.9,0.669,1.26,0.5,1
4.74,46.17,42.1,0.382,12.58,0.5,1
7.71,70.68,32.2,0.298,5.1,0.5,0
0.8,39.74,31.4,0.394,1.66,0.2,0
3.5,51.19,44.6,0.203,1.6,1.0,0
0.8,0.0,12.9,0.398,0.58,0.5,0
27.69,165.05,32.7,0.712,4.78,0.8,1
13.99,73.69,38.8,0.568,2.59,0.2,1
5.23,44.57,17.7,0.287,6.58,0.2,0
2.15,35.34,28.2,0.417,1.23,0.8,0
23.03,90.56,47.7,0.698,1.58,1.0,1
3.59,45.29,24.0,0.493,2.48,0.5,0
1.49,18.85,32.2,0.513,4.66,0.2,0
7.04,45.22,37.4,0.615,7.5,0.8,1
24.47,136.17,29.0,0.07,11.71,1.0,1
0.03,13.67,29.4,0.114,0.19,1.0,0
2.31,33.35,17.6,0.327,7.1,0.5,0
23.7,135.06,23.3,0.612,0.51,0.8,1
1.59,17.07,42.0,0.321,15.36,0.8,1
1.02,19.01,39.6,0.37,0.17,0.5,0
7.18,43.23,26.8,0.221,1.42,0.5,0
16.82,86.24,28.8,0.483,25.0,0.5,1
5.51,58.65,30.2,0.467,1.08,0.2,0
44.33,280.0,27.9,0.536,7.35,0.8,1
9.66,72.83,34.9,0.141,6.83,0.5,0
0.65,39.28,13.4,0.307,1.17,0.8,0
41.97,280.0,42.0,0.764,2.67,0.5,1
4.45,40.74,26.7,0.218,0.3,0.2,0
2.88,13.83,41.6,0.299,0.56,0.5,0
6.94,70.85,30.5,0.24,1.69,0.8,0
3.08,38.11,38.3,0.457,8.98,0.8,1
0.77,22.46,39.9,0.147,4.12,0.8,0
0.01,13.04,26.7,0.425,3.52,0.5,0
5.08,58.74,34.6,0.55,11.54,0.8,1
15.41,90.17,33.8,0.714,5.73,0.2,1
7.22,55.08,31.0,0.727,19.7,0.2,1
60.69,219.81,30.8,0.063,2.34,1.0,1
2.87,47.2,26.8,0.565,0.82,0.5,0
2.8,42.92,26.9,0.182,2.1,0.5,0
1.48,32.27,32.5,0.294,2.1,0.2,0
1.52,0.0,15.5,0.394,5.69,0.5,0
2.85,35.17,44.5,0.173,1.18,0.8,0
13.38,86.98,34.9,0.413,2.86,0.8,1
20.08,83.08,30.2,0.233,1.98,0.5,1
31.39,148.8,17.6,0.139,2.3,1.0,1
2.25,36.71,34.4,0.644,0.4,0.5,0
18.11,72.84,14.0,0.08,3.16,0.5,0
3.38,49.67,35.6,0.172,3.82,0.8,0
1.02,7.55,18.2,0.386,0.19,0.2,0
17.34,68.33,35.0,0.619,0.53,0.8,1
8.59,68.07,29.4,0.255,0.28,0.5,0
1.53,17.55,35.2,0.377,0.86,0.2,0
4.78,53.44,21.3,0.299,0.28,0.8,0
2.88,21.25,20.4,0.31,2.03,1.0,0
11.35,100.75,25.1,0.129,1.13,0.5,0
5.13,34.47,29.5,0.194,5.11,0.5,0
38.55,218.98,25.3,0.39,10.06,0.8,1
0.48,53.16,18.7,0.269,2.85,1.0,0
3.73,38.92,27.3,0.424,1.68,0.5,0
5.59,65.47,36.3,0.533,3.11,0.5,1
5.95,44.13,33.3,0.236,0.6,0.2,0
3.23,44.46,46.4,0.323,6.22,0.8,1
11.11,55.65,30.1,0.573,3.0,0.8,1
17.66,48.99,27.5,0.288,0.1,0.2,0
23.73,27.07,36.0,0.178,2.61,0.5,0
13.9,58.42,29.5,0.452,3.7,0.2,0
16.16,114.38,34.1,0.235,0.61,0.5,1
6.8,62.66,45.3,0.47,1.84,0.8,1
14.86,108.15,31.5,0.251,1.23,0.2,0
3.07,49.16,31.5,0.176,2.53,0.8,0
4.32,27.58,38.3,0.192,2.43,0.5,0
3.24,28.68,37.7,0.19,8.05,0.5,0
5.35,53.3,31.8,0.255,8.21,0.5,0
2.86,0.02,17.7,0.327,1.21,0.8,0
27.71,171.64,48.0,0.307,5.16,0.8,1
3.19,22.27,28.7,0.279,0.54,0.2,0
0.88,45.51,27.1,0.105,1.75,0.2,0
6.36,44.03,48.1,0.78,1.75,0.2,1
0.5,29.14,41.6,0.719,7.1,0.5,1
1.0,38.65,27.5,0.673,0.29,0.5,0
2.11,7.64,26.9,0.603,2.76,0.2,0
5.31,35.24,36.7,0.696,2.16,0.2,0
4.83,38.4,27.6,0.254,3.45,0.5,0
13.67,72.53,25.2,0.204,7.75,0.5,0
11.43,78.29,47.9,0.143,0.28,0.8,1
4.72,28.47,32.9,0.201,14.98,0.2,0
3.45,24.62,37.9,0.372,4.1,0.5,0
3.23,52.16,36.5,0.265,5.48,0.5,0
12.64,57.62,37.7,0.267,1.93,0.5,0
0.45,0.0,43.0,0.373,10.84,0.8,0
0.11,0.0,31.5,0.453,1.53,0.5,0
13.49,96.5,37.6,0.321,5.65,1.0,1
5.51,15.78,38.9,0.483,6.55,1.0,1
1.19,54.38,45.3,0.329,4.38,0.2,0
2.28,19.18,36.5,0.441,5.4,0.5,0
22.91,131.54,42.5,0.546,0.6,1.0,1
16.68,76.53,19.4,0.172,0.46,0.8,0
10.52,48.6,20.8,0.205,3.12,1.0,0
5.59,9.73,22.1,0.505,1.58,0.8,0
6.24,51.69,21.6,0.403,7.47,0.8,0
31.44,160.88,19.0,0.277,0.97,0.8,1
28.68,149.1,20.6,0.683,4.17,0.5,1
2.06,25.85,50.1,0.722,1.06,0.2,0
14.17,103.54,25.9,0.202,0.7,0.5,0
1.87,48.63,31.0,0.591,0.82,0.2,0
2.04,20.24,39.8,0.68,1.29,0.5,0
9.58,62.93,20.5,0.266,6.57,0.8,0
4.41,6.99,27.1,0.455,22.43,0.2,0
22.79,130.32,22.1,0.515,2.79,0.8,1
0.79,30.4,17.6,0.544,0.5,0.5,0
6.09,42.06,46.3,0.484,6.03,0.2,1
21.31,80.49,41.1,0.17,0.49,0.5,1
19.93,79.72,41.9,0.583,1.07,0.8,1
1.45,5.82,41.5,0.614,11.61,0.5,1
3.88,37.56,22.0,0.331,0.92,1.0,0
8.2,65.07,38.6,0.316,3.2,1.0,1
1.48,28.9,36.9,0.7,8.94,0.5,1
29.26,115.07,44.1,0.688,4.73,0.5,1
20.93,130.59,24.2,0.301,5.6,0.5,1
1.55,30.27,29.6,0.56,1.09,0.5,0
1.1,20.38,26.5,0.691,6.91,0.2,0
0.76,48.77,25.4,0.197,1.38,0.8,0
20.42,97.27,34.9,0.594,2.7,1.0,1
1.83,38.97,22.3,0.366,2.47,0.5,0
4.58,37.06,30.7,0.494,2.55,0.2,0
5.06,18.15,34.8,0.274,6.35,1.0,0
7.77,36.72,21.0,0.232,2.07,0.5,0
0.63,13.78,25.4,0.694,6.85,0.2,0
2.19,21.75,46.8,0.81,9.25,0.5,1
22.79,154.79,38.9,0.456,7.74,0.5,1
20.32,145.5,35.5,0.792,9.41,0.5,1
12.92,72.82,41.0,0.395,0.87,0.5,1
0.17,38.26,13.6,0.201,5.55,1.0,0
3.37,32.6,12.4,0.322,2.25,0.8,0
8.4,71.38,21.9,0.384,6.22,0.5,0
2.74,34.94,31.4,0.203,1.87,0.2,0
20.43,108.04,33.0,0.384,3.49,0.8,1
8.54,86.44,20.2,0.347,0.46,0.5,0
0.63,35.37,18.2,0.534,2.73,0.5,0
20.37,79.2,40.0,0.419,1.26,1.0,1
26.9,165.15,30.7,0.158,2.52,0.5,1
0.69,21.62,49.5,0.521,5.88,0.2,0
6.46,86.11,24.6,0.203,1.28,0.5,0
3.07,24.96,34.8,0.337,6.15,0.8,0
4.24,20.11,39.2,0.687,6.34,0.5,1
1.68,33.69,41.7,0.266,7.5,0.2,0
7.33,57.34,26.8,0.377,0.35,0.5,0
26.94,135.33,23.4,0.286,0.02,0.5,1
5.94,42.89,24.5,0.244,3.85,0.2,0
0.74,36.93,35.3,0.148,0.21,0.8,0
8.22,32.8,32.0,0.455,2.02,0.8,0
3.53,33.23,33.6,0.585,8.85,0.8,1
16.47,76.39,14.4,0.202,1.13,0.5,0
4.85,57.11,29.0,0.21,1.18,0.5,0
1.82,32.94,26.9,0.36,3.33,0.5,0
1.8,14.27,41.3,0.313,16.0,0.5,1
12.45,67.47,38.3,0.479,0.42,0.2,0
2.62,55.08,29.9,0.126,12.34,0.5,0
12.39,103.59,34.4,0.591,3.87,0.2,1
1.96,44.31,16.6,0.163,5.4,0.5,0
3.3,33.89,34.5,0.44,0.74,0.5,0
5.32,74.01,19.5,0.533,3.47,1.0,1
24.38,111.1,36.5,0.427,0.64,0.5,1
22.82,125.04,33.1,0.257,2.52,1.0,1
1.97,20.56,26.7,0.486,2.11,0.5,0
3.77,34.37,28.5,0.273,5.3,1.0,0
1.38,35.43,19.1,0.193,1.75,0.2,0
6.06,35.23,27.3,0.592,0.29,1.0,0
5.25,27.1,46.7,0.494,10.98,0.8,1
19.64,81.76,31.2,0.498,0.6,0.2,1
22.6,78.03,30.9,0.335,1.84,1.0,1
4.11,49.68,34.4,0.5,2.79,0.5,0
5.75,25.18,31.2,0.589,8.31,0.5,0
19.26,162.35,28.1,0.257,0.38,0.8,1
13.97,64.88,21.4,0.65,4.29,0.2,0
0.03,39.77,34.4,0.671,2.14,0.5,0
3.28,2.25,37.5,0.528,5.88,0.5,0
4.66,46.86,44.0,0.383,7.78,0.5,1
2.22,40.75,11.7,0.493,0.9,0.8,0
1.89,47.99,17.8,0.38,3.62,0.5,0
0.33,0.0,42.8,0.286,2.82,1.0,0
8.76,37.37,34.4,0.47,3.28,0.8,0
2.59,38.45,46.1,0.568,7.34,0.8,1
0.46,23.4,30.0,0.259,1.33,0.5,0
2.23,36.54,29.6,0.304,1.35,0.5,0
13.76,86.57,27.8,0.187,4.8,0.5,0
16.21,87.38,21.5,0.093,2.68,1.0,0
5.61,80.31,28.7,0.231,3.5,0.5,0
4.57,48.28,13.7,0.331,5.7,0.2,0
32.39,152.2,31.7,0.566,1.77,0.8,1
1.9,29.1,40.7,0.496,1.45,0.2,0
2.06,46.98,27.2,0.213,2.03,0.5,0
2.93,45.89,19.4,0.411,0.1,0.2,0
1.61,13.55,47.3,0.241,6.51,0.2,0
4.05,35.1,20.9,0.394,1.87,0.8,0
20.55,111.94,32.1,0.094,2.05,0.5,1
8.12,92.22,39.3,0.308,5.86,0.2,1
4.51,48.62,25.3,0.328,0.87,0.8,0
23.16,97.87,40.5,0.604,0.62,0.2,1
0.42,12.38,32.7,0.599,9.14,0.8,0
2.01,42.07,27.5,0.542,9.82,0.5,0
7.09,62.45,41.4,0.26,6.01,1.0,1
8.13,52.63,34.2,0.612,0.62,0.5,0
0.34,15.1,34.0,0.591,6.67,0.2,0
4.39,50.65,31.6,0.265,10.36,0.2,0
8.9,60.22,25.9,0.568,7.3,0.8,1
10.18,37.9,26.8,0.184,1.95,1.0,0
8.64,28.37,19.0,0.536,0.37,0.8,0
3.29,38.47,25.0,0.438,1.83,0.8,0
0.83,27.72,26.0,0.443,0.02,0.2,0
4.74,56.65,17.4,0.58,2.78,0.5,0
1.17,38.67,20.1,0.259,0.04,1.0,0
25.07,169.16,25.8,0.362,3.12,0.5,1
5.48,32.77,35.5,0.31,2.27,0.5,0
3.24,44.27,23.0,0.174,1.6,0.2,0
12.36,85.44,32.0,0.419,1.36,0.5,1
5.86,44.45,31.7,0.207,6.72,0.2,0
3.15,34.34,40.2,0.492,2.72,1.0,1
14.2,84.48,33.9,0.246,1.29,0.8,1
17.16,101.83,43.7,0.473,4.35,0.5,1
9.5,54.16,34.3,0.601,3.48,1.0,1
0.41,28.99,14.9,0.085,1.46,0.2,0
7.1,56.26,28.8,0.74,16.89,0.2,1
12.25,66.53,36.1,0.401,5.71,0.2,1
1.25,3.73,31.0,0.847,4.46,0.2,0
2.21,49.18,29.7,0.529,0.39,0.5,0
18.2,121.75,35.4,0.675,0.57,0.8,1
0.17,16.17,26.2,0.813,3.27,0.8,0
11.88,61.06,43.3,0.219,9.36,0.5,1
5.46,44.55,29.5,0.347,2.4,0.2,0
5.03,33.31,34.4,0.649,0.58,0.5,0
0.06,17.01,48.1,0.525,2.92,0.5,0
14.55,45.62,38.6,0.687,10.84,0.2,1
3.79,34.11,32.2,0.155,3.21,0.5,0
6.61,40.15,41.1,0.242,7.05,0.8,1
9.61,71.02,32.8,0.057,7.45,0.8,0
10.31,48.83,30.2,0.581,0.88,0.2,0
26.55,101.8,41.7,0.589,2.93,0.8,1
6.44,13.01,15.0,0.3,0.28,0.5,0
4.34,50.81,29.4,0.263,0.57,0.2,0
26.12,129.1,27.8,0.437,1.97,1.0,1
8.73,43.23,36.5,0.386,0.27,0.2,0
3.01,13.99,13.4,0.483,0.51,1.0,0
1.15,6.94,35.1,0.322,0.96,0.5,0
15.71,56.41,27.9,0.241,4.78,1.0,1
3.82,51.99,19.5,0.488,0.46,0.2,0
9.18,79.4,47.9,0.404,5.69,1.0,1
5.41,29.01,24.0,0.498,3.11,0.8,0
1.89,30.79,28.0,0.362,15.67,0.5,0
7.82,48.76,23.8,0.436,0.3,0.8,0
0.53,14.16,35.1,0.271,6.11,0.8,0
4.53,46.92,38.5,0.549,2.42,0.5,0
6.72,55.26,41.2,0.378,0.17,1.0,1
4.87,54.05,27.0,0.25,6.84,1.0,0
11.74,70.5,32.0,0.691,2.79,0.5,1
14.96,105.25,35.2,0.09,2.08,0.5,1
12.54,75.43,34.4,0.414,3.96,1.0,1
0.34,17.27,36.6,0.658,1.87,0.5,0
1.83,21.76,38.1,0.246,2.4,1.0,0
6.54,43.76,19.5,0.283,1.47,0.8,0
23.21,88.2,22.5,0.56,1.23,1.0,1
15.31,108.49,37.1,0.537,2.26,0.8,1
15.71,123.84,31.0,0.502,2.15,0.8,1
3.07,21.77,29.9,0.112,0.4,0.2,0
4.77,23.56,30.5,0.389,1.24,0.5,0
5.41,22.48,28.5,0.508,0.62,0.5,0
1.46,65.55,33.5,0.58,1.47,0.8,1
0.27,28.1,27.3,0.273,2.7,0.5,0
24.95,114.74,34.5,0.289,3.18,0.8,1
2.34,33.66,23.7,0.832,6.76,0.8,1
2.33,33.04,37.7,0.21,2.54,0.5,0
0.74,13.01,38.5,0.434,0.83,0.5,0
22.42,129.12,33.2,0.471,2.35,0.8,1
7.37,58.09,28.5,0.354,11.77,0.8,1
9.35,46.25,13.6,0.348,7.47,0.5,0
20.62,113.78,20.6,0.587,4.66,0.5,1
3.6,35.05,18.6,0.632,1.96,0.5,0
8.26,40.99,13.1,0.104,1.25,0.2,0
0.34,60.04,36.7,0.56,2.32,0.8,1
1.76,35.87,45.9,0.625,4.17,0.8,1
15.12,71.2,13.2,0.422,8.23,0.2,0
12.37,26.9,20.2,0.615,11.09,1.0,1
3.67,28.4,41.2,0.316,5.58,0.8,0
4.02,52.92,35.8,0.226,3.79,0.8,0
6.48,46.73,29.3,0.239,0.26,0.8,0
0.0,18.35,49.5,0.261,3.84,1.0,0
2.35,21.07,33.1,0.205,5.26,0.5,0
1.98,12.18,35.3,0.303,7.05,0.5,0
2.45,25.68,34.9,0.22,2.17,0.8,0
13.94,69.38,24.3,0.241,0.11,1.0,0
2.79,26.02,31.2,0.372,0.65,0.8,0
1.81,50.34,24.1,0.433,1.81,0.8,0
5.96,34.22,31.7,0.177,4.4,0.5,0
17.06,130.97,15.3,0.385,2.69,0.5,1
2.35,41.51,28.8,0.399,3.98,0.8,0
0.7,5.83,28.5,0.182,3.21,0.5,0
3.75,22.88,26.4,0.431,10.66,0.2,0
11.7,72.76,18.6,0.292,5.89,0.8,0
6.8,37.33,38.1,0.531,6.41,0.8,1
14.43,90.2,29.7,0.171,4.52,0.5,1
27.27,163.5,39.5,0.139,0.33,1.0,1
13.37,72.71,40.3,0.124,14.91,0.8,1
7.87,53.86,24.0,0.171,0.28,0.5,0
5.78,48.71,29.7,0.716,1.67,0.8,1
0.35,20.86,36.7,0.364,6.26,1.0,0
35.32,221.29,31.5,0.308,1.42,0.5,1
4.11,13.43,41.0,0.263,3.79,1.0,0
1.4,22.15,33.0,0.245,8.57,0.8,0
9.34,29.46,34.4,0.216,6.43,0.5,0
2.84,35.18,38.6,0.228,3.14,0.5,0
7.49,59.37,20.6,0.18,2.75,0.2,0
7.51,75.68,33.3,0.418,0.9,0.2,0
5.02,45.77,18.9,0.217,3.43,0.2,0
15.37,74.02,25.5,0.349,4.49,0.2,0
2.62,26.44,24.0,0.486,3.57,0.2,0
5.06,50.77,32.9,0.099,1.04,0.5,0
6.56,47.62,40.5,0.578,7.56,0.5,1
9.26,48.52,21.1,0.33,2.93,0.8,0
13.02,115.69,38.1,0.246,0.39,0.5,1
4.27,19.12,21.5,0.406,0.61,0.2,0
8.83,65.75,23.2,0.622,7.43,1.0,1
1.39,23.02,43.6,0.17,1.4,1.0,0
22.93,177.69,13.0,0.651,3.13,0.8,1
4.11,49.95,23.5,0.151,2.39,0.5,0
11.11,67.59,24.1,0.579,2.75,0.5,0
0.17,31.98,26.1,0.334,4.68,0.2,0
1.95,38.11,28.3,0.142,5.47,0.5,0
5.67,43.03,19.8,0.627,13.37,0.8,1
17.9,104.52,30.8,0.263,4.6,0.5,1
6.37,18.96,29.2,0.715,1.43,0.5,0
22.59,149.84,34.3,0.779,3.99,0.8,1
5.62,41.2,41.5,0.461,3.33,0.5,0
5.73,56.46,26.6,0.375,2.92,1.0,0
1.08,24.12,32.5,0.475,0.04,1.0,0
13.79,81.37,28.5,0.418,6.27,0.8,1
2.41,42.18,16.1,0.11,10.32,0.2,0
19.54,48.58,39.7,0.603,1.22,0.5,1
20.55,122.14,34.5,0.436,0.26,0.8,1
24.4,103.19,11.4,0.386,0.75,0.2,0
6.24,44.73,25.2,0.549,22.02,1.0,1
9.61,67.01,26.9,0.571,3.88,0.2,0
12.81,74.83,39.4,0.333,1.78,0.2,0
1.19,29.01,37.8,0.543,1.2,0.5,0
7.81,44.24,29.1,0.198,16.88,0.2,0
0.3,35.58,22.1,0.521,0.79,0.8,0
5.85,48.84,28.9,0.307,0.8,0.8,0
1.43,19.86,39.4,0.483,2.16,0.5,0
1.72,32.85,30.4,0.522,1.75,1.0,0
3.86,55.89,20.3,0.315,0.69,0.5,0
4.81,58.43,16.0,0.482,4.92,0.5,0
8.3,62.62,27.5,0.55,14.85,0.8,1
0.66,63.08,21.7,0.156,1.05,0.2,0
5.95,38.89,37.4,0.332,3.5,0.2,0
1.71,14.72,26.0,0.614,1.01,0.8,0
7.25,41.56,41.9,0.497,2.57,0.2,0
8.62,91.53,34.1,0.513,6.19,0.5,1
6.92,34.85,29.1,0.294,2.55,0.8,0
11.39,86.01,33.9,0.691,6.75,0.8,1
3.48,15.82,26.5,0.524,3.23,0.8,0
12.31,87.14,21.4,0.204,15.32,1.0,1
4.82,34.66,46.5,0.218,2.91,0.2,0
5.63,34.38,32.8,0.855,5.06,0.5,1
8.88,56.71,12.6,0.45,0.92,0.2,0
0.16,32.46,26.9,0.809,0.95,0.8,0
9.02,79.64,22.1,0.479,1.68,0.2,0
8.19,11.32,25.4,0.316,0.94,0.8,0
3.15,38.82,17.2,0.178,0.05,1.0,0
0.76,22.47,25.0,0.421,0.93,0.5,0
0.81,23.94,35.7,0.334,2.57,0.5,0
21.82,132.14,39.7,0.224,4.2,0.5,1
9.94,52.31,27.9,0.794,3.08,0.5,1
1.16,47.43,32.0,0.42,0.8,0.5,0
3.75,55.83,16.2,0.325,0.53,0.8,0
7.63,37.52,19.2,0.237,6.7,0.2,0
15.34,101.08,32.6,0.393,5.71,0.5,1
0.38,12.54,40.4,0.333,1.06,0.5,0
2.3,0.0,19.0,0.207,2.79,0.2,0
18.74,115.76,29.7,0.306,4.25,0.2,1
0.08,32.05,47.0,0.379,4.5,0.5,0
1.91,32.58,37.2,0.39,2.31,0.5,0
27.16,144.54,23.5,0.411,2.49,1.0,1
8.08,67.86,26.2,0.225,2.5,0.2,0
2.58,18.9,45.4,0.325,3.17,0.8,0
0.59,14.33,24.3,0.773,2.39,0.2,0
0.24,18.89,30.2,0.913,2.51,0.8,0
2.39,42.11,28.1,0.311,6.51,0.5,0
18.13,130.37,31.3,0.328,0.87,0.8,1
4.57,43.75,24.8,0.261,2.36,0.2,0
10.83,34.25,35.3,0.245,4.44,0.8,0
21.29,105.69,24.7,0.272,3.02,0.5,1
4.46,65.04,33.7,0.368,1.34,0.2,0
1.8,14.13,28.2,0.215,0.4,0.8,0
6.19,66.23,25.2,0.681,4.17,0.8,1
20.29,159.38,36.0,0.384,4.72,0.8,1
13.87,71.34,46.6,0.377,0.25,0.5,1
0.58,12.53,41.5,0.227,4.88,0.2,0
10.03,85.87,19.0,0.216,6.6,1.0,1
7.21,60.57,30.5,0.167,8.57,0.8,0
20.23,98.19,36.0,0.299,16.08,1.0,1
1.11,56.24,32.8,0.12,3.38,0.2,0
6.49,60.77,36.8,0.245,15.45,0.8,1
17.98,109.24,47.4,0.357,3.02,1.0,1
4.49,42.3,27.8,0.293,4.26,1.0,0
5.59,54.96,38.1,0.598,4.43,0.5,1
0.62,41.0,19.3,0.403,5.09,0.8,0
2.77,26.36,41.5,0.723,5.6,0.5,1
3.33,33.32,38.4,0.662,3.16,1.0,1
24.67,72.79,31.9,0.227,5.57,0.5,1
2.82,37.16,39.7,0.343,1.11,0.5,0
5.25,91.08,35.3,0.388,2.76,0.2,0
9.46,59.82,32.6,0.59,0.74,0.5,0
1.5,33.72,45.3,0.504,2.12,0.5,0
5.66,31.73,21.0,0.086,1.87,0.2,0
11.4,66.03,49.6,0.17,0.1,0.2,0
17.14,124.25,21.9,0.579,1.25,0.2,1
8.37,52.82,31.1,0.269,4.62,0.5,0
9.4,22.0,24.6,0.327,2.29,0.5,0
1.15,49.84,25.9,0.324,9.76,0.5,0
24.77,145.66,34.4,0.619,1.97,0.5,1
1.21,25.75,15.7,0.444,2.34,1.0,0
12.67,63.7,44.9,0.217,5.69,0.5,1
2.61,35.8,26.1,0.631,0.34,0.8,0
23.05,103.39,25.9,0.292,9.82,0.2,1
10.82,70.42,41.3,0.299,2.59,1.0,1
11.91,94.43,37.9,0.468,5.09,0.5,1
2.1,50.14,35.4,0.079,4.67,0.5,0
4.97,76.08,21.6,0.154,1.39,0.5,0
8.18,38.61,38.1,0.327,25.0,0.5,1
12.49,76.06,28.3,0.079,0.15,1.0,0
0.93,27.77,49.7,0.197,10.08,0.2,0
27.88,124.56,35.4,0.491,0.39,0.2,1
18.78,109.86,40.3,0.139,1.41,0.5,1
2.68,39.73,37.0,0.385,8.76,0.2,0
14.71,94.68,33.5,0.279,0.92,0.8,1
6.21,68.67,36.6,0.311,0.25,0.2,0
5.27,46.99,33.6,0.343,4.89,0.5,0
3.21,41.33,16.9,0.29,1.29,0.5,0
7.39,62.82,27.9,0.563,1.93,1.0,1
11.13,86.27,27.1,0.34,2.26,0.8,1
4.5,30.11,36.5,0.155,4.3,0.5,0
8.43,43.86,33.1,0.554,5.03,0.2,0
10.21,56.88,33.9,0.407,1.55,0.5,0
10.55,47.73,40.7,0.249,8.9,0.5,1
0.45,0.0,32.0,0.237,0.92,0.5,0
16.7,107.85,24.2,0.471,5.41,0.2,1
5.21,62.84,13.4,0.32,4.89,0.8,0
2.59,0.0,22.1,0.527,2.81,0.2,0
2.35,23.79,15.3,0.62,13.51,0.5,0
5.61,58.76,24.8,0.273,2.4,0.5,0
18.52,66.11,34.5,0.3,7.44,0.5,1
4.04,33.77,21.8,0.24,0.25,0.5,0
11.77,65.41,18.7,0.795,1.93,0.5,0
0.87,7.95,47.1,0.443,0.92,0.2,0
5.49,29.56,50.4,0.425,7.39,0.2,1
40.71,179.07,34.5,0.61,2.12,0.2,1
12.51,56.33,20.0,0.411,2.85,0.8,0
2.01,29.74,39.8,0.585,4.16,0.5,0
5.92,88.25,32.3,0.403,1.98,0.2,0
2.26,37.46,23.0,0.277,1.71,0.5,0
4.48,55.63,33.1,0.525,1.56,0.5,0
12.87,94.84,16.0,0.764,5.6,1.0,1
12.54,84.14,47.2,0.22,16.45,0.8,1
2.2,37.42,39.9,0.489,1.5,0.2,0
21.71,144.87,25.5,0.287,4.26,0.5,1
7.63,65.44,29.7,0.694,8.0,0.8,1
4.06,35.37,29.1,0.482,15.68,0.8,1
5.92,50.58,41.2,0.322,3.28,0.8,1
7.9,92.86,28.1,0.26,0.77,1.0,1
6.98,67.74,16.7,0.638,2.98,0.5,0
5.66,42.03,24.1,0.427,4.05,0.5,0
5.98,48.77,24.1,0.403,2.48,0.5,0
1.65,10.79,45.5,0.389,1.4,0.2,0
14.24,127.07,44.0,0.292,1.43,0.2,1
6.63,63.98,26.7,0.548,6.13,0.8,1
1.19,24.91,11.6,0.555,12.84,0.2,0
12.35,90.63,31.9,0.521,4.43,0.5,1
22.91,158.17,38.9,0.473,2.31,0.8,1
25.02,82.74,25.8,0.353,1.46,0.5,1
3.91,54.36,30.1,0.395,0.67,0.8,0
1.24,30.09,22.6,0.396,1.35,0.5,0
6.21,58.28,27.4,0.331,0.07,0.2,0
1.02,5.26,37.8,0.315,1.55,0.8,0
23.1,112.98,29.9,0.847,0.75,0.8,1
1.72,47.9,30.3,0.43,0.1,0.8,0
2.48,54.05,38.7,0.339,0.48,0.5,0
4.44,66.61,37.9,0.389,8.81,0.2,1
4.11,69.69,23.2,0.471,1.21,0.8,0
13.46,89.95,29.6,0.681,2.93,0.2,1
5.18,48.89,40.7,0.66,1.09,0.5,1
1.59,12.39,30.5,0.465,4.03,0.5,0
2.64,19.96,35.1,0.451,0.66,0.8,0
6.05,19.82,26.8,0.475,2.26,0.5,0
1.36,21.98,17.4,0.278,0.96,0.8,0
8.04,16.96,22.3,0.24,2.99,0.2,0
7.09,73.52,29.3,0.413,0.4,0.8,0
10.66,84.36,28.1,0.499,3.36,0.2,0
23.59,124.63,42.6,0.38,4.99,0.2,1
20.68,80.53,32.5,0.211,2.26,0.8,1
24.82,137.97,34.3,0.476,11.39,0.2,1
2.39,31.26,35.8,0.703,0.91,0.5,0
1.2,8.86,32.2,0.702,0.4,1.0,0
3.06,0.9,38.1,0.145,0.34,0.5,0
19.16,99.99,38.5,0.629,1.54,0.8,1
30.41,138.8,28.0,0.461,0.6,1.0,1
16.67,79.36,18.9,0.248,0.04,0.8,0
0.99,18.76,48.6,0.665,0.99,0.5,0
25.04,150.48,34.7,0.624,1.02,0.5,1
4.68,35.13,36.4,0.673,0.51,1.0,1
0.08,2.04,37.7,0.473,1.86,0.5,0
4.96,47.87,34.0,0.705,12.12,0.5,1
0.4,0.4,30.9,0.23,9.41,0.8,0
6.67,32.95,48.4,0.477,0.07,0.2,0
3.51,46.94,36.9,0.436,6.51,0.5,0
5.45,51.18,40.6,0.182,0.96,0.8,0
8.07,63.1,30.2,0.231,2.93,0.5,0
17.26,150.43,43.1,0.504,2.39,0.5,1
9.22,58.01,37.0,0.373,15.56,0.5,1
4.84,41.09,37.4,0.595,3.5,0.5,0
14.55,73.63,19.0,0.402,3.78,1.0,1
20.06,118.91,34.1,0.329,10.38,0.8,1
1.08,9.16,27.6,0.309,0.66,0.8,0
6.45,43.48,35.3,0.431,2.59,0.5,0
2.85,41.03,33.0,0.577,0.5,0.2,0
0.41,28.04,20.1,0.927,0.44,0.8,0
9.39,63.86,32.1,0.652,4.73,0.5,1
16.88,112.19,30.4,0.118,3.5,1.0,1
1.51,28.02,38.3,0.404,0.45,0.5,0
14.22,65.01,31.6,0.414,2.8,0.8,1
16.32,48.83,31.1,0.208,11.22,0.8,1
20.89,108.24,36.6,0.687,0.57,0.2,1
2.62,49.64,35.3,0.298,0.69,0.5,0
19.91,109.61,49.4,0.376,4.2,1.0,1
3.29,15.28,28.0,0.362,0.98,0.5,0
6.83,39.79,35.8,0.286,5.37,1.0,0
0.44,17.02,22.4,0.706,9.64,1.0,0
0.38,46.23,39.2,0.268,0.03,0.8,0
10.83,66.92,38.6,0.337,1.47,0.2,0
5.0,74.99,36.8,0.555,3.32,0.2,1
2.52,30.52,20.5,0.249,2.75,0.8,0
1.8,61.19,48.8,0.201,3.0,0.8,1
9.42,71.55,45.1,0.49,4.46,0.5,1
0.0,25.43,28.5,0.389,6.25,1.0,0
13.93,123.72,33.2,0.373,1.25,0.2,1
0.7,40.98,42.3,0.117,5.27,1.0,0
1.81,39.72,31.4,0.47,0.3,0.5,0
4.15,69.75,33.7,0.854,4.6,0.2,1
5.64,45.61,33.7,0.085,6.84,0.5,0
3.73,24.99,34.8,0.661,10.22,0.8,1
3.29,27.71,33.1,0.536,3.91,0.2,0
28.24,118.37,29.4,0.21,1.44,1.0,1
8.72,92.69,32.3,0.269,4.03,0.2,0
0.2,13.17,41.6,0.255,0.74,0.2,0
4.78,9.48,41.3,0.519,4.54,0.8,0
17.68,66.15,38.2,0.654,7.95,0.5,1
3.05,14.91,29.6,0.397,11.67,0.5,0
0.84,17.55,38.6,0.292,0.78,0.5,0
12.07,55.52,28.9,0.43,3.66,0.2,0
7.92,26.67,35.2,0.358,15.15,0.2,0
7.18,87.31,32.9,0.366,3.75,0.5,1
0.47,11.06,26.7,0.197,10.87,0.5,0
1.29,46.29,30.5,0.316,2.19,0.2,0
8.28,48.27,40.1,0.288,5.95,0.5,0
1.98,10.41,43.4,0.265,0.34,0.8,0
5.96,48.96,23.8,0.263,0.89,1.0,0
6.69,35.78,30.5,0.485,0.47,0.8,0
2.83,25.69,30.0,0.153,0.22,0.5,0
25.2,141.66,31.3,0.402,2.23,0.5,1
15.71,97.64,47.6,0.68,7.3,0.2,1
10.89,42.31,31.9,0.344,1.24,0.2,0
0.69,21.68,40.1,0.5,1.02,1.0,0
0.95,37.37,35.2,0.472,5.41,1.0,1
5.77,37.67,20.0,0.386,1.16,0.5,0
1.49,31.1,36.0,0.333,3.57,0.2,0
32.55,163.72,34.8,0.304,0.66,0.8,1
1.47,23.82,37.8,0.598,1.97,0.5,0
5.68,47.46,18.3,0.459,3.0,1.0,0
3.85,40.89,24.9,0.225,22.3,0.5,1
8.67,45.26,38.1,0.659,7.34,0.2,1
1.17,10.63,28.5,0.43,0.05,0.5,0
4.78,29.11,43.3,0.423,3.84,0.5,0
2.73,41.53,31.9,0.519,3.93,0.2,0
18.59,88.58,11.0,0.44,3.04,0.2,0
0.35,34.19,36.1,0.412,0.1,0.5,0
20.83,94.98,31.8,0.595,1.25,0.5,1
15.21,112.94,27.1,0.686,0.86,1.0,1
3.0,38.13,14.3,0.29,0.14,0.5,0
13.24,76.7,23.6,0.249,8.23,0.8,1
0.27,0.0,22.2,0.507,3.37,0.8,0
28.96,120.26,33.3,0.591,1.15,0.5,1
6.36,15.88,38.1,0.577,8.19,0.5,1
3.07,42.34,24.7,0.477,7.2,0.5,0
3.83,37.99,36.1,0.382,0.99,0.5,0
0.58,5.79,42.8,0.502,1.01,0.5,0
38.61,247.52,34.2,0.353,0.76,0.5,1
0.34,0.0,38.3,0.552,0.8,0.8,0
9.04,39.91,23.7,0.303,5.01,0.8,0
4.97,24.47,18.3,0.506,1.04,0.5,0
25.28,138.72,28.4,0.247,6.74,0.5,1
2.4,49.58,36.4,0.547,13.03,0.5,1
6.46,38.4,35.8,0.297,0.22,0.2,0
5.6,58.23,45.9,0.278,2.86,1.0,1
10.32,48.44,34.4,0.536,0.14,0.8,1
0.6,26.67,29.5,0.367,1.52,0.2,0
1.83,27.73,38.9,0.383,10.4,0.2,0
2.05,24.62,21.9,0.414,1.73,0.8,0
11.39,56.96,39.5,0.342,4.44,0.8,1
1.78,40.96,28.4,0.849,2.92,0.5,0
7.24,29.14,21.9,0.317,3.36,0.2,0
2.06,29.02,22.2,0.467,19.65,0.2,0
16.81,115.23,48.3,0.436,6.53,0.8,1
24.23,112.1,34.2,0.572,9.57,1.0,1
6.21,55.96,22.7,0.73,4.19,0.5,0
3.69,58.07,25.8,0.357,1.96,0.5,0
2.27,21.09,28.5,0.601,1.81,1.0,0
0.43,21.19,17.2,0.325,13.23,0.5,0
2.66,42.93,20.0,0.319,1.34,0.8,0
9.03,90.29,37.9,0.391,0.78,1.0,1
6.48,16.45,38.6,0.493,0.53,0.8,0
24.51,91.46,48.9,0.473,2.98,1.0,1
4.29,18.53,17.9,0.683,4.66,0.2,0
10.06,51.41,42.4,0.34,2.56,0.5,0
5.71,25.71,27.1,0.203,8.82,0.8,0
6.11,50.15,27.4,0.599,5.09,0.5,0
2.65,35.31,20.8,0.319,0.72,0.2,0
5.16,48.33,48.6,0.277,11.71,0.8,1
5.41,55.15,48.0,0.63,4.04,0.5,1
10.42,79.05,41.3,0.792,0.72,1.0,1
24.01,99.41,19.2,0.127,2.2,0.8,1
3.4,30.83,40.5,0.791,2.33,0.5,1
0.37,14.11,34.5,0.317,3.79,0.5,0
5.83,16.67,20.9,0.135,11.7,1.0,0
6.68,70.57,25.6,0.667,1.87,0.5,0
1.57,26.27,35.8,0.83,3.35,0.8,1
12.15,30.57,39.2,0.376,1.87,1.0,1
35.66,166.0,40.7,0.149,8.83,0.8,1
24.77,102.73,32.4,0.518,12.0,0.2,1
1.87,0.0,32.2,0.19,5.12,0.5,0
17.7,76.03,35.7,0.842,1.15,0.5,1
10.36,52.84,38.3,0.334,3.66,0.5,0
5.14,41.67,22.6,0.739,1.11,0.5,0
6.61,51.54,37.2,0.505,3.25,0.8,1
16.1,113.4,27.8,0.505,1.88,1.0,1
5.56,60.07,28.8,0.264,5.49,0.8,0
3.97,42.53,18.5,0.602,8.62,0.2,0
5.78,61.46,33.4,0.563,0.05,1.0,1
7.36,67.94,19.3,0.253,9.32,0.2,0
1.78,32.32,43.5,0.227,1.14,0.5,0
19.65,142.76,34.2,0.824,4.88,0.2,1
9.53,46.28,49.1,0.514,0.97,0.2,1
8.53,62.61,25.1,0.456,1.61,1.0,0
0.89,0.0,35.6,0.384,3.62,0.5,0
7.88,51.3,46.5,0.191,0.65,0.2,0
1.1,50.48,26.6,0.52,1.0,0.2,0
0.7,25.84,19.4,0.21,2.47,1.0,0
6.37,56.77,34.5,0.472,0.48,0.2,0
4.38,51.53,28.4,0.464,0.55,0.5,0
7.55,58.15,25.9,0.488,4.21,0.5,0
0.79,10.52,49.7,0.344,25.0,0.2,1
4.79,39.33,37.6,0.461,16.45,0.5,1
1.63,9.12,31.2,0.209,2.62,0.8,0
36.98,138.9,16.8,0.454,5.42,0.8,1
7.0,46.85,23.3,0.409,3.7,0.2,0
9.89,63.76,26.6,0.178,0.02,0.8,0
3.35,28.16,31.2,0.445,8.83,0.5,0
0.85,12.38,31.4,0.589,5.84,0.8,0
31.66,198.49,14.8,0.222,0.99,0.8,1
2.87,40.61,45.1,0.29,13.31,0.8,1
4.69,16.49,32.4,0.521,1.81,1.0,0
8.92,60.0,14.3,0.56,1.89,0.2,0
0.21,22.31,36.2,0.506,4.17,0.5,0
14.13,121.01,18.1,0.526,4.03,0.8,1
6.54,14.64,36.7,0.632,4.25,0.5,0
2.77,43.77,36.2,0.365,0.09,0.8,0
0.54,15.76,48.4,0.13,1.55,0.2,0
1.51,19.42,27.8,0.1,0.05,0.5,0
19.16,112.75,21.5,0.664,1.58,0.5,1
9.85,68.85,19.2,0.164,6.99,0.2,0
2.44,35.67,18.1,0.431,1.16,0.8,0
0.58,15.29,39.4,0.283,0.74,0.5,0
9.97,71.32,36.6,0.118,9.76,0.2,0
7.22,62.94,47.5,0.387,0.98,0.2,0
4.41,44.68,26.9,0.544,2.46,0.2,0
3.84,28.56,39.1,0.325,1.56,0.5,0
2.08,43.39,19.3,0.381,0.34,1.0,0
9.41,89.44,43.0,0.434,0.98,0.5,1
30.0,117.96,16.9,0.686,3.76,0.2,1
1.64,14.19,38.7,0.157,0.33,0.5,0
7.73,69.47,26.9,0.521,0.15,0.5,0
4.69,59.72,22.9,0.243,0.66,0.8,0
5.03,38.41,36.2,0.775,1.3,0.5,1
2.49,16.5,42.6,0.141,4.73,0.2,0
14.82,59.02,37.9,0.143,2.54,0.8,0
5.64,70.11,27.0,0.324,2.62,0.5,0
6.66,50.11,28.1,0.232,1.77,0.8,0
3.09,15.8,23.2,0.25,5.86,0.2,0
1.71,30.76,39.8,0.166,0.16,0.2,0
0.76,34.81,19.9,0.783,3.36,0.5,0
10.64,49.73,43.0,0.168,12.14,0.5,1
1.86,49.62,33.7,0.547,3.22,0.2,0
9.96,76.88,33.4,0.168,5.09,0.5,0
4.21,38.65,40.3,0.176,0.61,0.5,0
4.57,46.99,35.3,0.784,3.25,0.8,1
5.38,23.38,26.8,0.268,1.44,0.2,0
3.9,55.7,28.0,0.755,4.68,0.8,1
0.9,18.25,22.6,0.077,0.75,1.0,0
3.15,32.87,30.7,0.204,3.26,0.5,0
9.26,56.99,20.1,0.656,2.74,0.5,0
9.32,63.46,34.9,0.171,4.96,1.0,1
2.87,15.85,22.5,0.238,4.19,0.8,0
5.24,25.96,41.3,0.572,5.15,0.5,1
1.83,29.46,36.1,0.407,9.75,0.8,1
2.01,19.01,42.5,0.543,3.24,0.5,0
0.2,26.1,19.0,0.405,1.94,1.0,0
19.3,116.15,39.0,0.428,2.63,0.2,1
2.01,54.76,42.0,0.693,4.49,0.2,1
2.19,41.43,16.4,0.355,1.03,0.8,0
2.79,45.52,51.1,0.422,0.81,0.8,1
1.16,15.39,26.7,0.405,0.35,0.5,0
8.67,81.23,24.0,0.314,1.95,0.5,0
0.66,17.03,29.6,0.51,0.31,0.8,0
1.22,14.49,12.8,0.766,0.46,0.2,0
8.8,56.52,42.2,0.367,8.06,0.2,1
3.53,33.17,25.8,0.509,3.49,0.8,0
10.46,39.71,32.0,0.013,11.6,0.8,0
6.93,88.47,34.2,0.508,1.74,0.5,1
2.51,47.17,38.8,0.318,1.71,0.2,0
8.94,48.8,25.2,0.036,7.36,0.8,0
1.05,61.76,36.6,0.434,3.28,0.2,0
6.53,54.93,20.4,0.382,3.17,0.8,0
4.89,45.59,36.2,0.256,3.11,0.8,0
2.65,65.38,43.8,0.261,6.34,0.5,1
7.87,69.73,18.9,0.61,4.26,0.8,1
17.43,96.07,20.4,0.481,0.8,0.2,0
57.94,229.46,32.7,0.678,4.61,1.0,1
7.96,64.05,16.5,0.686,2.98,0.5,0
4.41,25.41,23.2,0.805,0.48,0.8,0
2.17,54.42,23.3,0.491,1.45,0.5,0
2.53,7.9,31.1,0.126,5.49,0.8,0
5.55,62.76,25.2,0.375,10.04,0.5,0
3.89,25.12,31.0,0.334,2.43,0.5,0
20.84,80.17,31.9,0.335,4.75,1.0,1
3.9,32.36,37.0,0.408,0.19,0.8,0
3.97,35.83,45.3,0.328,2.75,0.2,0
4.11,44.01,31.6,0.79,2.67,1.0,1
15.4,97.35,28.1,0.59,20.35,0.5,1
8.94,45.96,25.5,0.721,21.71,0.8,1
8.1,61.03,34.5,0.603,2.44,0.2,0
3.46,20.68,45.1,0.439,0.67,1.0,0
14.48,71.97,37.9,0.21,2.71,0.5,1
0.33,0.0,23.8,0.289,4.31,0.5,0
17.39,68.62,42.5,0.696,5.12,0.5,1
6.11,56.3,37.1,0.461,0.77,0.5,0
4.32,40.05,20.9,0.495,5.32,0.8,0
5.84,73.39,36.5,0.361,11.54,0.2,1
9.36,102.73,26.4,0.379,0.72,0.5,0
0.11,13.5,31.3,0.699,2.47,0.5,0
17.44,52.14,26.7,0.546,7.6,0.5,1
5.03,65.38,18.8,0.395,1.38,0.2,0
3.57,44.29,38.1,0.607,0.26,1.0,1
1.26,40.97,40.0,0.286,13.82,0.8,1
4.92,45.4,24.6,0.753,4.83,0.2,0
5.83,47.38,24.9,0.595,0.62,1.0,0
4.39,43.23,29.9,0.583,2.32,0.5,0
9.65,82.74,39.4,0.696,3.37,0.2,1
4.64,43.06,18.4,0.354,9.52,0.5,0
27.67,122.8,39.3,0.737,1.31,0.5,1
7.77,44.78,43.9,0.399,6.49,0.5,1
14.0,116.28,32.8,0.661,0.0,0.2,1
0.98,0.0,17.5,0.554,7.96,0.8,0
4.3,38.88,25.8,0.297,5.42,0.5,0
3.49,29.38,20.1,0.53,10.82,0.8,0
7.16,31.62,25.5,0.6,1.91,0.2,0
16.78,46.37,39.4,0.172,13.01,1.0,1
0.69,5.33,17.2,0.125,6.04,0.8,0
0.64,22.6,26.2,0.538,0.59,0.5,0
16.14,76.19,31.9,0.751,1.0,0.8,1
2.03,11.48,41.7,0.663,6.2,0.5,0
9.39,88.89,25.2,0.626,2.33,0.5,1
6.65,20.64,38.4,0.296,5.44,0.8,0
15.21,117.04,33.3,0.523,2.32,0.5,1
1.14,13.06,35.5,0.353,3.72,0.2,0
1.18,9.87,41.2,0.22,1.57,0.8,0
6.92,46.14,14.9,0.658,2.44,0.5,0
24.87,100.79,32.1,0.381,7.14,0.8,1
4.56,17.81,37.4,0.73,2.63,1.0,1
3.37,34.27,42.2,0.146,4.43,0.5,0
7.93,52.84,21.1,0.09,0.87,1.0,0
22.66,91.35,27.8,0.587,4.43,0.2,1
15.42,96.13,18.5,0.131,0.42,0.2,0
45.9,280.0,40.2,0.318,3.59,0.5,1
0.19,7.45,41.1,0.228,2.98,0.5,0
1.02,36.03,31.1,0.366,2.07,1.0,0
7.99,54.16,14.4,0.515,6.67,0.2,0
14.6,73.2,19.7,0.497,3.3,1.0,1
2.85,49.25,34.2,0.717,1.11,0.5,0
2.32,13.92,48.2,0.204,2.72,0.8,0
13.14,76.21,40.4,0.369,6.07,0.2,1
0.49,29.07,39.0,0.323,7.44,1.0,0
3.92,54.27,29.7,0.77,1.41,0.5,0
5.99,65.52,48.5,0.203,0.31,0.5,0
6.99,28.32,39.9,0.258,1.11,0.2,0
11.09,72.19,27.6,0.21,8.4,0.5,0
3.73,55.18,37.5,0.225,4.14,0.2,0
8.06,86.89,30.0,0.599,12.46,1.0,1
7.48,43.75,35.1,0.344,0.16,0.8,0
6.74,34.0,47.0,0.208,1.64,0.8,0
8.7,93.08,25.1,0.335,2.0,0.5,0
2.55,33.3,38.9,0.135,1.53,0.8,0
0.75,14.0,33.5,0.385,1.11,0.2,0
1.08,12.74,45.5,0.839,2.33,0.2,0
2.16,8.81,21.1,0.205,4.3,0.2,0
5.9,97.22,36.7,0.303,0.76,0.5,1
15.6,91.95,15.9,0.335,5.95,0.8,1
10.27,42.7,25.1,0.796,0.92,0.5,0
13.23,109.63,27.2,0.516,13.36,0.2,1
3.67,40.31,30.0,0.062,5.77,0.2,0
4.41,52.62,46.6,0.655,1.49,0.2,1
4.25,20.03,17.9,0.591,3.34,0.5,0
1.81,16.85,22.5,0.204,1.83,0.5,0
0.54,21.65,23.7,0.633,23.65,0.2,1
7.6,22.49,29.8,0.155,2.47,0.8,0
38.5,130.97,17.5,0.413,4.32,0.8,1
1.55,26.63,46.6,0.153,3.85,0.5,0
0.41,41.24,32.8,0.156,1.36,0.8,0
12.85,82.93,39.5,0.294,1.84,1.0,1
2.47,38.45,38.2,0.159,2.66,0.2,0
15.04,78.11,35.1,0.339,1.08,1.0,1
10.35,85.98,43.0,0.724,0.84,1.0,1
24.76,81.55,42.9,0.407,12.88,0.2,1
4.47,33.86,20.9,0.379,1.26,1.0,0
9.22,66.51,42.9,0.515,1.6,0.8,1
5.31,40.81,32.0,0.481,6.54,0.2,0
8.46,48.48,25.7,0.697,5.82,0.8,1
5.08,18.42,33.9,0.386,0.64,0.2,0
1.78,15.14,26.1,0.605,0.67,0.2,0
6.03,61.69,31.0,0.24,0.7,0.2,0
6.39,28.76,39.6,0.55,3.18,0.8,1
14.14,79.87,15.5,0.424,6.57,0.2,0
11.3,57.19,23.0,0.753,5.06,0.5,1
9.27,58.67,46.0,0.55,1.86,0.5,1
1.02,5.95,30.3,0.67,3.32,0.2,0
10.84,82.78,26.7,0.301,4.63,0.2,0
5.9,38.42,44.0,0.553,0.04,0.5,0
19.08,92.82,43.4,0.383,6.58,0.5,1
21.45,148.4,16.4,0.119,5.82,1.0,1
0.48,13.91,28.3,0.552,5.1,0.2,0
14.61,109.53,43.4,0.446,12.67,0.5,1
0.33,20.37,22.9,0.284,0.03,0.5,0
3.89,24.62,33.2,0.63,6.61,0.5,0
6.64,72.09,27.2,0.629,2.4,1.0,1
1.36,4.27,37.1,0.314,5.4,0.5,0
11.66,14.98,22.1,0.736,0.12,0.2,0
0.07,37.55,33.6,0.415,0.23,0.2,0
1.57,11.66,10.1,0.698,0.51,1.0,0
7.39,67.21,25.3,0.717,0.78,0.5,0
10.65,70.21,22.2,0.441,0.58,0.2,0
21.12,92.27,23.9,0.469,1.58,1.0,1
10.39,66.24,41.2,0.763,1.4,0.8,1
9.47,55.15,43.5,0.336,0.93,0.5,0
4.26,22.2,37.7,0.356,0.63,0.5,0
0.01,4.26,33.4,0.406,4.27,0.8,0
1.09,0.0,24.6,0.105,2.46,0.2,0
6.5,43.51,25.9,0.139,11.53,0.8,0
9.56,59.97,26.9,0.328,6.61,0.8,0
4.59,42.62,38.3,0.656,5.3,0.5,1
11.15,84.03,25.3,0.76,0.34,0.8,1
6.27,28.19,47.3,0.27,9.11,0.5,1
0.66,0.81,38.9,0.551,13.75,0.5,1
1.81,66.36,51.5,0.256,0.29,0.5,1
15.58,82.92,30.6,0.123,6.92,1.0,1
10.97,83.32,33.4,0.357,2.07,0.2,0
19.14,134.78,26.1,0.351,1.46,0.2,1
1.06,21.2,33.8,0.464,4.3,0.5,0
39.34,153.45,47.3,0.078,1.44,0.5,1
2.0,28.5,15.3,0.037,0.44,1.0,0
0.1,48.16,26.3,0.468,4.55,1.0,0
50.67,280.0,26.1,0.421,4.06,0.8,1
2.8,22.27,48.2,0.462,5.9,0.2,0
9.37,58.04,21.1,0.758,3.13,0.5,0
1.65,38.62,39.4,0.421,6.08,1.0,1
7.38,30.74,25.9,0.445,0.03,0.5,0
19.92,136.63,41.2,0.566,5.57,0.5,1
3.28,57.24,31.2,0.558,2.19,0.5,0
9.43,50.15,25.0,0.589,3.23,0.8,0
1.77,15.34,36.4,0.462,8.37,0.8,0
8.33,85.59,40.5,0.588,5.68,0.5,1
3.49,31.37,30.8,0.269,4.0,0.5,0
2.02,17.16,36.5,0.645,0.6,0.5,0
3.19,47.7,23.0,0.113,1.1,0.5,0
1.67,37.65,44.8,0.569,1.63,0.8,1
19.74,126.92,19.4,0.394,10.32,0.5,1
4.3,52.7,24.3,0.373,5.65,0.2,0
2.39,51.99,26.3,0.133,2.64,0.5,0
5.06,31.79,21.9,0.423,5.41,0.2,0
3.28,66.66,29.4,0.227,1.16,0.2,0
11.6,111.93,30.6,0.285,0.62,0.5,1
30.16,101.41,31.9,0.279,3.36,0.2,1
4.9,27.91,16.1,0.673,2.1,0.5,0
16.77,61.12,24.2,0.589,2.33,0.2,0
7.09,51.76,39.3,0.152,0.71,0.8,0
1.45,9.88,39.4,0.196,1.72,0.5,0
9.97,53.76,27.5,0.417,14.01,0.2,1
6.12,69.15,30.6,0.657,0.31,0.8,1
8.94,25.79,23.0,0.224,15.7,0.2,0
18.74,83.78,39.8,0.089,3.55,0.5,1
4.94,41.63,46.0,0.318,2.02,0.2,0
19.67,114.61,26.4,0.364,0.01,1.0,1
11.81,59.21,38.5,0.396,2.18,0.5,1
5.7,14.34,28.0,0.404,2.26,0.8,0
7.86,38.34,11.6,0.128,1.02,0.2,0
3.35,60.84,33.7,0.44,7.4,1.0,1
34.94,93.9,29.5,0.471,1.79,0.8,1
9.36,90.26,37.8,0.147,0.45,0.2,0
0.38,0.72,37.5,0.23,7.03,0.2,0
3.36,16.57,45.3,0.271,4.06,0.2,0
8.3,47.19,30.1,0.442,0.2,0.5,0
0.49,39.54,31.1,0.512,0.29,1.0,0
0.21,12.97,29.2,0.211,13.99,0.5,0
5.08,49.89,26.6,0.238,7.68,0.5,0
3.44,33.19,34.6,0.345,8.12,0.5,0
4.9,46.36,40.0,0.415,0.39,0.2,0
2.59,52.37,22.1,0.199,0.5,1.0,0
1.53,37.67,48.1,0.326,16.57,1.0,1
9.93,52.38,35.7,0.496,18.12,1.0,1
6.14,49.88,38.4,0.638,2.39,1.0,1
1.9,57.38,51.0,0.227,4.99,0.2,0
3.27,43.89,31.6,0.646,5.07,1.0,1
7.62,25.09,18.1,0.409,17.51,0.8,1
0.64,0.98,38.7,0.367,5.75,0.5,0
1.36,37.26,41.6,0.514,1.47,0.5,0
0.65,32.71,22.2,0.529,4.08,0.2,0
14.22,85.65,14.7,0.332,2.51,0.5,0
11.87,75.87,21.2,0.089,2.22,0.8,0
11.9,99.57,27.3,0.502,2.45,0.5,1
10.71,93.6,44.0,0.452,8.77,0.5,1
9.41,93.33,11.5,0.249,1.58,0.8,0
5.51,45.63,39.2,0.102,4.11,0.5,0
8.74,48.5,41.0,0.637,13.67,0.2,1
0.33,15.32,39.4,0.794,1.53,0.5,0
8.26,50.93,18.7,0.565,4.54,1.0,0
12.79,82.83,35.6,0.567,0.57,0.8,1
5.9,46.59,45.8,0.599,7.41,0.5,1
3.76,54.84,20.5,0.589,6.81,0.2,0
2.76,11.27,15.4,0.406,0.9,0.2,0
8.75,29.41,41.7,0.671,0.39,0.5,1
10.03,85.13,34.7,0.402,0.52,0.2,0
17.41,71.89,34.8,0.142,8.62,0.8,1
3.56,9.65,46.5,0.503,2.51,1.0,1
12.48,70.23,38.1,0.286,5.25,0.2,1
7.0,37.09,29.2,0.3,2.54,0.5,0
18.23,76.53,30.1,0.421,7.82,1.0,1
6.38,55.21,21.6,0.592,2.38,0.2,0
6.2,31.75,26.8,0.673,7.68,0.2,0
7.33,40.39,30.3,0.489,1.2,0.5,0
11.76,73.38,25.5,0.543,0.25,0.5,0
28.42,162.84,43.6,0.261,1.28,0.8,1
0.65,0.0,13.3,0.416,3.64,0.5,0
0.47,14.57,33.4,0.443,7.56,0.5,0
23.57,93.93,38.1,0.587,1.2,0.8,1
6.42,57.34,37.0,0.249,0.31,0.8,0
8.11,94.69,34.7,0.647,2.15,1.0,1
5.6,58.05,29.5,0.132,10.13,0.5,0
0.84,30.8,43.7,0.535,2.17,0.5,0
12.42,102.14,27.4,0.515,1.47,0.2,1
11.69,58.3,37.5,0.386,4.49,0.5,1
3.18,59.03,44.2,0.226,2.05,0.2,0
3.11,54.52,20.9,0.667,4.56,0.8,0
15.46,52.56,45.3,0.381,0.49,0.8,1
0.64,52.4,38.3,0.262,2.32,1.0,0
18.1,85.81,34.1,0.438,0.32,0.2,1
2.52,63.22,28.6,0.249,4.54,0.5,0
7.64,66.44,43.0,0.525,5.42,0.5,1
23.36,137.36,16.4,0.387,0.58,0.8,1
9.64,62.66,30.0,0.357,0.25,1.0,0
4.55,41.01,37.7,0.227,1.99,0.2,0
9.94,51.85,39.4,0.169,6.83,0.8,1
3.58,56.26,23.7,0.359,0.99,0.2,0
2.76,30.24,16.6,0.57,3.26,0.5,0
48.52,176.67,39.1,0.564,0.78,0.5,1
11.81,70.56,29.7,0.284,4.02,0.8,1
8.8,66.75,21.5,0.034,0.82,0.8,0
3.73,28.85,18.9,0.523,1.7,1.0,0
0.43,26.31,34.6,0.349,4.89,1.0,0
0.27,20.71,33.3,0.408,3.93,0.5,0
6.87,47.17,40.9,0.282,2.17,0.5,0
12.2,86.05,15.4,0.407,1.65,0.2,0
6.55,51.87,41.5,0.665,8.42,0.5,1
15.62,64.53,42.3,0.366,0.61,0.8,1
0.29,53.34,30.3,0.332,2.46,1.0,0
3.88,13.81,18.4,0.582,2.61,0.5,0
2.3,30.95,45.3,0.429,1.54,1.0,1
5.04,28.76,18.2,0.473,7.54,0.8,0
0.64,28.78,33.5,0.623,0.03,0.5,0
26.2,156.75,31.3,0.469,6.97,0.2,1
2.15,23.13,40.2,0.715,1.07,1.0,1
21.72,99.12,31.6,0.665,0.06,0.2,1
4.72,49.8,30.8,0.1,2.77,1.0,0
36.0,160.23,42.0,0.318,1.19,0.8,1
6.86,54.88,46.5,0.318,2.25,0.8,1
22.71,178.45,32.5,0.733,1.43,0.5,1
0.05,36.72,30.5,0.432,1.39,0.5,0
11.72,74.45,40.1,0.178,5.22,0.5,1
19.84,65.09,40.1,0.355,6.39,0.8,1
1.28,29.51,27.2,0.457,5.0,0.5,0
0.86,33.19,33.1,0.485,2.87,0.2,0
4.7,31.69,21.9,0.844,3.76,0.8,0
23.06,116.23,34.5,0.338,14.0,0.2,1
6.64,47.41,40.2,0.481,1.29,0.2,0
6.37,69.95,23.2,0.448,0.36,0.8,0
1.29,54.52,27.3,0.442,5.05,0.2,0
0.01,37.65,30.4,0.192,1.52,0.8,0
14.12,92.42,40.6,0.303,1.6,0.8,1
0.78,40.7,37.0,0.23,10.79,0.2,0
8.54,71.08,27.1,0.328,1.21,0.5,0
20.92,95.14,25.0,0.65,0.09,1.0,1
1.99,59.21,36.0,0.254,0.33,0.5,0
9.3,39.71,31.1,0.224,5.83,0.5,0
0.7,33.19,33.5,0.647,6.64,0.5,0
7.87,65.95,34.8,0.109,2.25,0.8,0
1.52,24.8,32.7,0.239,0.93,0.8,0
11.32,76.09,34.0,0.167,5.33,0.5,0
3.05,44.14,42.3,0.802,0.61,0.8,1
5.29,46.29,41.5,0.505,0.55,0.8,1
7.78,47.61,21.7,0.523,0.33,0.2,0
1.6,30.63,33.4,0.403,0.3,0.5,0
11.5,93.68,30.1,0.733,2.31,0.2,1
3.06,32.01,26.2,0.406,0.91,0.2,0
9.23,58.1,34.4,0.648,1.18,1.0,1
1.46,26.94,31.7,0.244,2.92,0.8,0
9.9,97.06,38.2,0.695,2.27,0.5,1
1.17,0.0,19.3,0.43,1.26,0.5,0
4.71,30.98,26.7,0.641,13.52,0.5,1
2.41,65.08,14.9,0.461,0.59,0.5,0
11.73,93.51,37.4,0.643,3.65,0.2,1
2.58,27.83,43.4,0.358,9.23,0.5,0
18.14,140.7,33.4,0.546,0.14,0.5,1
18.9,94.41,34.1,0.642,3.86,0.8,1
1.86,0.0,16.5,0.287,7.22,0.5,0
8.09,59.8,31.6,0.387,0.16,1.0,0
0.78,12.93,32.1,0.445,4.77,1.0,0
4.22,43.52,16.0,0.229,5.82,0.5,0
10.62,51.51,38.5,0.44,0.27,0.8,1
9.16,61.2,26.0,0.461,0.19,1.0,0
8.33,22.05,36.8,0.153,2.52,0.5,0
2.82,36.09,29.3,0.327,4.69,0.2,0
4.04,38.92,50.1,0.287,1.92,0.5,0
0.92,3.46,24.0,0.497,6.58,0.2,0
10.79,34.24,17.3,0.578,6.71,0.8,0
5.96,26.3,47.9,0.396,0.66,0.5,0
10.49,91.93,25.0,0.45,0.28,0.2,0
2.43,0.0,34.5,0.383,1.42,1.0,0
3.33,41.89,28.6,0.277,0.82,0.2,0
3.46,35.36,34.6,0.308,6.13,1.0,0
0.22,17.08,33.6,0.318,2.89,0.8,0
3.55,14.62,36.3,0.464,4.1,0.5,0
13.82,58.44,14.1,0.164,5.39,0.8,0
19.35,126.83,40.3,0.205,7.62,1.0,1
6.21,55.69,31.0,0.257,3.25,0.2,0
5.17,32.95,31.9,0.21,3.47,0.8,0
0.27,38.55,29.5,0.488,4.27,0.5,0
17.97,137.17,49.0,0.142,3.73,0.8,1
0.11,20.54,39.1,0.629,8.62,0.5,1
24.62,101.16,27.0,0.259,0.3,0.5,1
5.71,33.54,38.5,0.604,1.3,1.0,1
3.56,65.52,30.1,0.389,0.11,0.8,0
21.93,87.79,41.6,0.233,7.73,0.2,1
0.21,40.7,15.3,0.106,2.59,0.5,0
7.4,45.2,28.1,0.217,6.68,0.8,0
6.77,40.9,29.9,0.459,3.34,0.2,0
2.1,38.09,37.3,0.386,0.45,0.8,0
4.76,67.79,23.0,0.104,0.31,0.8,0
8.98,33.62,26.3,0.733,0.15,0.8,0
11.04,89.1,36.8,0.61,1.27,0.2,1
0.01,22.87,18.4,0.532,9.79,0.5,0
23.48,136.95,23.6,0.227,5.27,1.0,1
1.53,2.93,37.6,0.335,1.4,0.8,0
2.26,24.13,41.8,0.354,1.68,0.8,0
2.6,35.67,36.9,0.235,3.27,0.8,0
0.33,34.06,32.1,0.335,7.94,1.0,0
1.12,1.07,19.6,0.312,5.48,0.8,0
36.5,187.05,40.0,0.348,8.18,0.5,1
3.22,35.9,20.7,0.631,0.06,0.8,0
1.04,25.32,28.9,0.545,14.31,0.5,0
0.96,31.5,16.8,0.524,1.06,0.2,0
10.8,81.11,36.4,0.881,1.5,0.2,1
16.39,83.42,31.6,0.656,3.93,0.2,1
2.52,6.99,43.2,0.383,6.5,0.8,0
0.18,17.93,21.3,0.392,1.59,0.5,0
2.15,45.54,39.7,0.086,4.48,0.5,0
0.49,35.4,31.7,0.647,9.82,0.5,1
0.93,34.72,28.4,0.4,2.95,0.2,0
4.8,35.83,34.7,0.507,3.05,0.5,0
2.22,11.64,38.7,0.589,4.64,0.5,0
6.17,48.92,30.2,0.091,0.52,0.2,0
2.48,14.56,24.7,0.472,4.74,0.2,0
23.99,164.38,43.6,0.398,0.66,1.0,1
20.09,92.69,27.0,0.627,12.31,0.5,1
7.11,39.39,50.8,0.371,0.76,1.0,1
3.72,40.24,38.0,0.343,2.32,1.0,0
4.08,44.32,35.8,0.725,6.01,0.8,1
4.51,26.52,13.4,0.662,1.45,1.0,0
11.05,48.73,30.4,0.419,2.82,1.0,1
5.11,39.41,31.5,0.367,0.27,0.2,0
16.52,90.59,28.6,0.547,5.06,0.8,1
24.51,132.18,21.8,0.513,0.42,1.0,1
3.48,20.37,28.4,0.648,4.95,0.5,0
6.99,70.02,18.3,0.394,0.49,1.0,0
0.85,7.23,26.4,0.37,0.54,0.8,0
1.9,10.4,18.8,0.122,4.93,0.8,0
4.53,29.29,37.6,0.341,1.5,0.2,0
1.96,16.45,35.4,0.502,1.32,0.2,0
17.78,59.93,44.9,0.582,1.31,0.8,1
1.46,55.02,28.7,0.676,3.37,0.8,1
5.17,42.46,38.6,0.367,2.68,1.0,1
7.91,87.03,33.4,0.262,0.31,0.2,0
10.01,37.0,34.8,0.405,3.99,0.8,0
4.11,6.93,32.5,0.483,5.34,0.5,0
17.28,111.19,38.4,0.506,0.65,0.5,1
7.14,46.01,16.2,0.218,0.99,1.0,0
4.92,51.56,18.6,0.226,6.01,0.5,0
0.59,2.78,19.4,0.319,2.43,0.5,0
5.31,49.01,26.3,0.322,1.5,0.2,0
14.61,74.19,33.5,0.41,1.5,1.0,1
8.1,64.55,34.7,0.718,13.15,0.8,1
15.17,54.87,36.5,0.86,2.02,0.8,1
5.79,56.78,26.1,0.158,4.91,1.0,0
1.07,33.55,34.9,0.757,1.03,0.5,0
0.12,24.28,20.4,0.394,2.44,0.5,0
3.07,35.26,13.0,0.402,9.84,0.5,0
10.18,69.28,36.0,0.69,0.28,0.8,1
13.28,80.84,36.5,0.254,0.35,1.0,1
2.98,44.9,34.2,0.435,4.17,0.8,0
5.82,48.53,25.5,0.587,0.23,0.5,0
4.65,36.74,44.2,0.393,2.31,0.5,0
4.49,45.96,41.8,0.787,2.27,0.8,1
2.24,12.96,31.8,0.332,1.01,0.8,0
1.25,45.41,49.0,0.658,3.24,0.2,1
1.86,22.53,26.6,0.456,3.63,0.8,0
0.48,23.45,31.3,0.316,0.34,0.5,0
1.88,27.63,44.2,0.296,4.07,0.2,0
0.08,30.24,30.7,0.246,7.56,0.5,0
8.39,72.86,30.9,0.866,1.93,0.8,1
3.23,27.95,18.6,0.146,0.04,1.0,0
30.75,127.2,24.0,0.147,2.71,0.8,1
1.83,0.0,22.1,0.512,0.08,1.0,0
3.61,50.88,32.9,0.762,9.05,0.5,1
3.76,44.47,27.2,0.634,2.24,1.0,0
0.07,0.0,18.4,0.542,0.07,1.0,0
15.53,104.73,31.7,0.37,2.46,0.2,1
0.28,37.13,35.3,0.147,3.26,0.2,0
23.94,133.81,37.1,0.254,9.01,0.5,1
18.92,66.35,40.3,0.457,0.97,0.5,1
6.52,62.65,31.1,0.527,3.23,0.5,0
6.67,71.06,29.0,0.36,2.9,0.5,0
9.02,44.88,35.7,0.387,0.43,0.8,0
4.16,38.26,13.5,0.87,12.4,0.5,1
8.86,46.03,34.5,0.374,1.4,0.5,0
0.39,34.44,29.4,0.435,4.89,0.2,0
0.47,17.25,30.5,0.691,5.84,0.5,0
5.19,27.12,26.5,0.343,4.45,0.2,0
6.78,47.34,20.8,0.502,0.48,0.8,0
18.59,60.75,29.3,0.192,1.8,0.2,0
0.94,22.7,26.9,0.268,6.71,1.0,0
14.7,63.6,46.2,0.409,6.57,1.0,1
2.0,41.95,45.1,0.181,1.07,0.5,0
4.26,36.91,34.7,0.637,2.94,1.0,1
3.24,6.61,43.0,0.399,6.53,1.0,0
4.34,64.36,37.5,0.857,3.61,0.5,1
1.39,48.27,27.9,0.418,0.91,0.2,0
5.95,38.63,33.8,0.063,6.09,0.5,0
13.75,75.06,24.3,0.544,6.77,0.8,1
4.95,35.01,35.8,0.456,9.55,0.2,0
5.73,40.78,16.4,0.626,6.9,1.0,0
16.06,87.88,40.1,0.555,3.82,0.8,1
10.41,73.76,33.3,0.518,2.38,0.8,1
5.73,26.37,17.3,0.247,23.56,0.5,0
2.53,45.21,41.6,0.533,15.19,0.2,1
18.38,90.98,41.9,0.398,2.48,0.2,1
7.31,42.24,40.9,0.529,5.39,0.5,1
2.12,36.5,38.2,0.236,1.56,0.2,0
2.66,37.02,35.6,0.555,0.82,0.2,0
13.81,82.33,29.2,0.438,9.12,0.5,1
0.38,40.21,21.2,0.403,0.16,0.5,0
41.14,225.25,26.3,0.126,5.15,0.5,1
1.19,22.84,27.9,0.269,7.04,0.5,0
13.51,99.02,28.2,0.489,4.87,0.5,1
4.27,37.43,32.9,0.266,8.13,0.8,0
5.76,46.1,23.9,0.476,1.22,0.5,0
18.07,110.7,23.2,0.214,5.85,0.5,1
4.53,61.85,36.6,0.599,4.76,0.5,1
6.55,35.39,12.6,0.523,16.1,0.2,0
0.43,3.57,21.8,0.592,9.26,0.2,0
0.02,31.77,30.0,0.23,0.25,0.8,0
2.39,66.69,21.7,0.505,0.53,0.8,0
9.7,57.63,46.2,0.378,25.0,0.2,1
1.1,50.75,35.4,0.455,3.62,0.8,0
1.03,18.01,30.0,0.278,0.38,0.2,0
4.5,28.54,20.2,0.708,1.51,0.2,0
8.87,63.04,28.9,0.674,1.83,0.2,0
10.58,75.59,34.9,0.028,0.28,0.5,0
1.67,9.87,46.9,0.371,3.69,0.2,0
0.7,19.45,30.9,0.345,11.18,0.5,0
23.97,151.36,35.9,0.335,4.61,0.2,1
2.57,24.35,23.4,0.646,7.43,0.8,0
16.32,80.89,34.2,0.42,9.8,0.2,1
16.93,101.44,24.9,0.635,15.12,0.2,1
12.59,92.03,23.5,0.183,6.34,0.5,0
1.57,39.8,31.7,0.48,2.76,0.5,0
14.66,78.56,24.0,0.199,0.28,0.5,0
12.46,42.54,36.7,0.546,0.21,0.2,0
7.72,52.8,44.7,0.643,5.47,0.5,1
3.5,16.06,29.1,0.271,1.11,0.5,0
2.59,24.46,27.3,0.428,1.99,0.5,0
1.1,8.23,22.7,0.513,6.19,0.2,0
6.06,39.51,29.0,0.763,3.64,0.8,1
7.48,65.05,32.8,0.432,6.1,0.8,1
3.78,31.68,28.6,0.29,3.05,0.2,0
5.48,38.24,34.2,0.362,0.87,0.5,0
3.84,57.21,35.2,0.57,5.78,0.5,1
8.71,62.16,19.5,0.247,4.64,0.2,0
19.68,89.8,36.1,0.406,2.67,0.5,1
1.52,9.3,42.8,0.617,3.09,0.8,0
4.08,14.22,14.9,0.468,0.22,0.2,0
1.29,23.99,32.6,0.39,4.71,0.2,0
8.34,33.35,33.8,0.302,5.21,0.8,0
11.09,58.77,36.4,0.61,4.17,0.5,1
22.84,140.89,28.9,0.317,2.25,0.5,1
2.78,53.1,39.7,0.394,0.1,1.0,0
25.5,87.98,32.3,0.575,3.97,0.5,1
0.56,12.05,29.4,0.638,5.38,0.8,0
7.85,25.65,36.6,0.158,1.78,1.0,0
0.5,34.55,44.2,0.373,2.0,0.5,0
19.06,109.18,39.4,0.623,0.71,0.2,1
6.41,42.06,44.4,0.392,3.93,1.0,1
9.41,85.2,25.7,0.497,5.69,0.5,1
15.14,82.42,20.5,0.585,3.48,0.8,1
1.38,30.79,32.2,0.657,3.92,0.2,0
0.33,35.93,16.4,0.166,7.82,0.5,0
17.94,106.66,35.5,0.237,9.49,0.5,1
3.22,53.59,24.9,0.385,4.31,1.0,0
1.17,14.29,30.5,0.419,0.7,0.2,0
5.37,36.67,35.0,0.203,0.47,0.2,0
7.75,38.16,31.1,0.394,6.88,0.5,0
0.27,20.79,24.8,0.107,4.0,0.5,0
2.73,29.35,42.0,0.175,0.93,0.5,0
0.28,0.0,37.9,0.68,0.89,0.5,0
4.64,30.02,33.7,0.17,0.21,0.2,0
19.17,150.33,36.1,0.288,2.68,0.5,1
34.46,129.05,29.6,0.428,0.48,1.0,1
8.61,73.06,28.6,0.457,1.85,0.8,1
1.5,25.05,22.2,0.365,0.85,0.8,0
20.08,94.53,39.2,0.615,4.96,1.0,1
6.17,36.76,28.8,0.091,0.02,0.5,0
1.42,43.85,35.9,0.444,1.81,0.5,0
21.65,103.41,26.6,0.375,0.17,0.8,1
12.04,97.01,38.9,0.177,0.19,1.0,1
11.18,32.08,19.9,0.517,0.38,1.0,0
10.5,73.72,34.3,0.49,1.22,0.8,1
1.9,38.11,39.3,0.132,5.81,0.2,0
2.01,23.16,35.1,0.399,2.99,0.2,0
9.91,95.17,36.0,0.627,0.57,1.0,1
2.11,22.73,32.0,0.64,1.88,0.8,0
4.91,25.2,32.8,0.259,9.24,0.5,0
12.95,88.77,17.8,0.283,2.08,0.8,0
13.02,43.19,25.2,0.587,11.25,1.0,1
5.13,14.63,36.7,0.884,9.56,0.8,1
13.35,67.96,45.2,0.575,1.92,0.5,1
15.5,75.47,32.4,0.413,3.97,1.0,1
9.04,68.78,36.8,0.617,5.89,0.8,1
2.2,57.74,35.7,0.507,0.75,0.8,0
2.72,26.15,51.3,0.19,2.87,0.2,0
3.21,47.91,38.9,0.735,0.41,0.8,1
1.06,33.58,34.3,0.471,2.66,0.8,0
2.71,22.4,20.3,0.651,0.52,0.8,0
2.0,17.76,28.3,0.646,5.66,0.2,0
5.16,10.45,25.2,0.577,3.64,0.2,0
20.32,108.5,40.9,0.852,3.96,0.5,1
0.94,42.15,30.3,0.274,1.07,0.5,0
10.83,50.28,32.2,0.107,3.56,0.8,0
9.88,40.19,46.6,0.326,5.25,0.8,1
0.86,13.01,40.3,0.243,1.41,0.2,0
21.75,128.95,38.7,0.792,11.16,0.5,1
7.14,41.86,21.5,0.051,1.79,0.8,0
3.84,59.88,14.6,0.456,1.69,0.5,0
12.01,71.65,20.8,0.444,1.85,0.2,0
2.53,9.85,37.2,0.272,8.87,0.8,0
10.05,43.23,29.5,0.549,1.39,0.5,0
0.34,16.24,20.4,0.767,3.61,0.2,0
15.55,91.27,37.2,0.588,1.16,0.5,1
5.05,30.02,23.4,0.241,5.68,0.2,0
8.61,57.95,33.4,0.109,16.96,1.0,1
2.13,15.71,37.3,0.153,13.84,0.2,0
9.61,43.24,33.9,0.58,0.48,0.8,1
12.58,63.73,49.7,0.297,6.34,0.8,1
5.45,35.48,30.0,0.578,3.96,0.5,0
8.17,76.02,27.0,0.184,5.37,0.2,0
5.18,37.2,23.6,0.149,1.83,1.0,0
19.08,71.02,31.6,0.414,1.62,0.2,0
5.86,59.24,40.9,0.478,2.16,0.2,0
15.67,103.86,45.3,0.337,22.04,0.2,1
13.74,111.47,47.2,0.093,0.67,0.5,1
4.49,49.41,32.2,0.712,9.55,0.5,1
2.22,22.22,33.8,0.797,2.94,1.0,1
4.43,72.03,33.3,0.22,4.09,0.8,0
14.87,70.82,30.7,0.593,0.35,0.2,0
2.2,28.51,21.9,0.407,6.69,0.2,0
6.32,52.68,17.8,0.191,0.36,0.2,0
13.94,106.03,30.1,0.352,4.38,0.5,1
3.71,34.71,23.1,0.746,3.85,0.5,0
8.74,42.2,42.2,0.593,17.15,1.0,1
2.4,54.71,37.9,0.218,7.95,0.5,0
0.98,25.12,34.1,0.214,1.84,0.5,0
13.44,103.27,16.6,0.366,8.97,0.8,1
0.89,55.8,34.2,0.7,0.31,0.8,1
2.69,22.25,34.2,0.497,1.21,0.8,0
16.42,75.42,30.1,0.644,10.13,0.8,1
3.62,26.35,35.0,0.248,2.88,0.5,0
30.72,177.78,41.1,0.208,1.38,1.0,1
33.14,195.83,37.7,0.158,0.78,0.5,1
2.65,39.65,30.9,0.744,2.0,0.5,0
0.36,39.83,25.6,0.425,9.97,1.0,0
10.38,48.0,31.0,0.112,10.2,0.5,0
5.1,67.55,45.3,0.327,3.67,0.5,1
0.9,45.33,39.7,0.548,0.35,0.2,0
10.45,67.39,15.0,0.428,2.13,0.2,0
0.27,20.85,38.5,0.708,3.1,0.8,0
17.35,56.52,22.6,0.592,5.13,0.2,0
1.27,21.4,33.0,0.264,9.26,0.5,0
1.16,5.3,39.3,0.385,21.01,1.0,1
1.64,39.56,32.8,0.235,2.01,0.8,0
27.42,146.61,29.3,0.516,8.18,0.2,1
10.04,68.72,27.2,0.304,6.68,0.8,1
13.74,65.0,26.8,0.489,3.33,0.8,1
4.31,62.47,40.3,0.48,3.2,0.5,1
3.48,24.84,39.9,0.278,15.17,0.2,0
2.27,39.25,39.8,0.84,1.79,0.5,1
5.57,48.06,26.2,0.676,2.18,0.2,0
6.82,53.0,39.0,0.538,2.65,0.5,1
8.49,58.96,15.8,0.484,4.79,0.8,0
2.53,41.75,23.8,0.17,2.82,1.0,0
25.24,144.19,31.8,0.502,3.48,0.5,1
1.58,11.01,29.4,0.147,1.83,1.0,0
28.66,165.81,20.2,0.393,0.25,1.0,1
0.13,13.27,16.2,0.462,3.56,0.5,0
5.58,53.44,33.9,0.152,3.68,1.0,0
3.45,44.69,27.0,0.665,1.4,0.5,0
5.07,58.89,13.8,0.409,3.67,0.8,0
7.19,67.97,30.0,0.095,3.66,0.2,0
4.86,36.05,26.8,0.62,1.7,0.8,0
4.55,28.54,33.1,0.508,4.98,0.8,0
11.22,76.32,44.3,0.461,3.38,0.5,1
9.84,31.27,26.9,0.34,0.41,0.8,0
15.23,68.35,50.4,0.506,2.41,0.2,1
2.44,39.51,18.9,0.163,8.0,0.5,0
7.99,69.3,19.0,0.359,5.5,0.5,0
7.48,48.84,36.5,0.42,0.58,0.5,0
3.92,39.33,37.5,0.439,11.57,0.2,1
5.66,30.87,29.8,0.281,1.1,1.0,0
3.2,37.36,26.3,0.613,1.62,0.8,0
1.3,6.3,38.8,0.322,0.88,0.2,0
2.04,20.13,45.9,0.454,4.96,0.5,0
0.95,36.94,49.1,0.14,3.11,0.5,0
9.77,59.04,34.5,0.736,3.22,0.5,1
9.19,85.07,37.2,0.758,4.48,0.5,1
25.57,93.38,39.8,0.301,3.38,0.2,1
11.12,58.3,39.0,0.056,1.58,0.2,0
0.45,38.85,49.6,0.299,9.84,0.2,1
18.33,72.26,39.4,0.381,3.27,0.5,1
16.88,72.29,35.2,0.293,4.97,1.0,1
4.98,39.66,28.6,0.537,0.64,0.2,0
7.49,61.73,33.6,0.119,1.71,0.5,0
31.73,162.21,42.0,0.467,5.68,1.0,1
6.46,30.55,26.8,0.478,1.56,0.8,0
20.04,132.9,15.3,0.651,4.92,0.8,1
0.74,20.27,27.4,0.501,2.57,0.5,0
1.8,18.85,46.2,0.555,6.08,0.8,1
4.94,41.41,38.8,0.212,5.12,0.8,0
7.47,42.78,23.1,0.303,1.11,0.5,0
14.4,49.65,13.3,0.502,0.62,0.2,0
37.78,217.39,35.3,0.221,1.75,1.0,1
4.19,41.53,33.2,0.68,1.16,0.5,0
0.41,24.15,18.8,0.795,1.66,0.8,0
13.73,56.72,46.7,0.451,0.27,0.2,1
7.88,66.28,34.1,0.257,2.3,1.0,1
1.88,18.12,34.9,0.535,4.18,1.0,0
5.8,0.0,40.9,0.647,1.62,0.8,0
11.53,42.81,27.6,0.318,4.37,0.8,0
12.51,60.35,32.7,0.508,4.2,1.0,1
5.89,38.77,33.1,0.459,0.29,0.8,0
3.1,35.17,46.8,0.365,6.4,1.0,1
30.94,151.53,21.0,0.487,0.44,0.5,1
9.25,57.52,37.8,0.298,2.68,0.2,0
4.46,27.39,33.1,0.299,8.39,1.0,0
2.8,3.36,40.6,0.585,9.42,1.0,1
11.16,50.37,40.1,0.611,1.94,0.2,1
2.36,32.51,13.3,0.629,0.0,0.8,0
1.6,26.79,25.4,0.426,3.21,0.5,0
6.41,58.32,22.9,0.266,21.44,0.2,1
2.91,28.93,30.7,0.472,4.21,0.8,0
8.43,48.04,43.1,0.221,0.89,0.8,0
1.07,0.0,12.2,0.194,2.94,0.5,0
9.04,48.15,31.2,0.146,3.11,0.2,0
2.83,40.52,42.2,0.508,5.37,0.8,1
0.0,41.63,44.1,0.317,7.14,0.2,0
1.15,26.96,35.0,0.284,7.09,0.8,0
23.05,81.72,40.0,0.213,7.52,1.0,1
17.17,92.37,27.3,0.585,8.52,1.0,1
2.26,18.96,26.3,0.22,1.77,0.5,0
12.81,78.64,16.7,0.21,1.81,0.2,0
7.97,79.63,31.6,0.215,2.36,1.0,1
30.07,208.25,30.5,0.455,4.69,0.2,1
3.98,28.73,28.5,0.456,0.09,0.5,0
9.72,50.62,20.2,0.142,1.93,0.8,0
0.56,10.99,24.6,0.705,0.33,0.8,0
4.29,8.86,23.7,0.417,4.04,0.5,0
28.21,123.14,45.1,0.644,1.38,0.5,1
6.58,10.86,46.7,0.076,0.25,0.2,0
2.89,7.96,11.8,0.171,0.44,0.5,0
1.09,50.15,22.6,0.318,8.62,0.8,0
10.33,70.39,42.3,0.551,7.21,1.0,1
8.8,25.22,16.0,0.543,5.3,1.0,0
3.98,41.72,45.1,0.222,1.24,0.8,0
25.63,127.13,28.7,0.534,2.62,0.2,1
0.19,0.54,32.3,0.743,10.79,1.0,1
3.08,28.81,37.9,0.358,7.8,0.5,0
21.58,152.37,25.0,0.286,4.54,0.2,1
3.29,24.67,19.6,0.72,6.03,0.8,0
2.47,32.51,39.4,0.498,0.08,0.8,0
6.49,69.5,48.4,0.522,4.95,0.2,1
14.76,30.52,35.1,0.103,2.49,0.2,0
0.93,18.11,39.9,0.147,0.8,1.0,0
24.35,128.79,45.0,0.673,12.1,0.8,1
13.47,61.46,24.5,0.057,7.76,0.5,0
1.7,16.87,28.0,0.57,7.03,0.5,0
10.58,73.11,24.2,0.197,2.0,0.8,0
4.13,33.16,17.6,0.713,0.96,0.5,0
4.37,15.24,37.0,0.126,4.02,0.2,0
13.0,112.17,21.6,0.769,2.63,0.2,1
27.97,193.67,19.3,0.572,4.28,0.8,1
1.15,23.97,28.2,0.24,2.02,0.8,0
4.64,34.8,17.5,0.527,9.88,0.2,0
5.57,64.79,22.9,0.291,12.1,0.8,1
4.01,36.69,18.0,0.535,6.01,0.5,0
3.84,42.66,41.8,0.195,1.35,0.5,0
0.46,12.01,38.4,0.355,0.67,0.2,0
9.83,30.75,41.1,0.217,2.19,1.0,0
4.87,44.94,41.5,0.288,2.22,0.2,0
1.84,45.31,45.2,0.259,6.61,0.8,1
14.39,89.51,23.1,0.352,0.08,0.2,0
13.79,73.83,42.8,0.224,0.36,0.8,1
5.66,34.62,32.0,0.143,1.57,0.8,0
3.01,28.51,22.4,0.605,0.49,0.2,0
8.64,79.37,35.0,0.631,1.82,0.2,1
2.89,30.57,27.4,0.373,0.9,0.8,0
2.29,26.18,16.6,0.497,15.34,1.0,0
11.15,45.66,18.5,0.75,2.79,0.5,0
0.35,31.23,29.8,0.319,3.78,0.5,0
0.85,11.89,39.9,0.277,6.53,0.5,0
0.06,22.4,27.0,0.51,2.73,1.0,0
1.41,20.14,38.0,0.415,2.26,0.5,0
0.61,15.14,17.2,0.58,3.36,0.2,0
46.52,201.35,29.1,0.609,0.64,0.2,1
2.9,27.39,20.9,0.307,6.35,0.5,0
1.37,44.68,41.3,0.461,3.84,0.5,0
2.34,55.12,46.8,0.493,10.38,0.5,1
23.38,135.21,27.3,0.39,5.25,0.8,1
6.24,56.64,48.9,0.597,1.3,0.5,1
3.86,54.47,37.6,0.299,6.56,0.5,0
17.57,130.71,11.1,0.703,0.39,0.8,1
4.27,55.53,31.2,0.336,0.47,1.0,0
3.47,17.6,40.2,0.799,8.77,0.8,1
1.97,20.49,32.2,0.181,0.64,0.2,0
4.03,25.39,32.6,0.805,0.35,0.8,0
3.24,27.23,30.3,0.574,14.16,1.0,1
9.61,70.43,29.1,0.561,2.02,0.8,1
2.91,15.75,15.0,0.255,5.2,0.2,0
7.32,56.1,34.2,0.643,5.24,0.8,1
0.58,14.53,38.0,0.462,1.25,0.5,0
1.8,24.0,38.7,0.708,0.4,1.0,1
4.45,37.88,34.2,0.548,0.66,0.5,0
23.49,152.1,27.8,0.162,1.95,0.2,1
4.03,29.08,14.6,0.844,11.95,0.5,0
9.27,46.53,42.6,0.073,1.83,0.5,0
2.5,13.22,29.9,0.416,8.67,0.8,0
1.15,15.72,33.7,0.104,6.25,0.8,0
0.51,5.99,23.4,0.464,2.93,0.5,0
3.1,33.77,21.5,0.581,0.45,0.8,0
1.46,30.65,19.0,0.554,4.87,0.2,0
1.62,37.32,39.0,0.762,4.5,0.2,0
12.16,62.39,34.8,0.335,2.36,0.2,0
0.14,28.12,34.2,0.392,2.45,0.5,0
6.94,54.34,43.8,0.781,0.17,0.2,1
4.06,30.25,22.1,0.594,1.71,0.8,0
6.0,19.44,22.5,0.465,2.13,0.2,0
7.03,53.33,23.2,0.204,0.73,0.8,0
3.2,31.45,29.8,0.442,0.86,0.8,0
2.97,38.12,41.7,0.409,1.19,0.2,0
11.24,59.68,42.0,0.366,2.7,0.2,0
17.43,115.09,33.5,0.251,0.29,0.2,1
1.82,10.56,35.1,0.518,2.56,0.2,0
0.87,20.15,42.7,0.488,1.69,0.5,0
19.39,128.1,34.2,0.651,2.75,0.5,1
3.66,31.52,24.6,0.083,3.06,0.5,0
6.81,68.72,36.3,0.547,6.77,0.2,1
3.79,37.52,38.1,0.409,1.74,0.8,0
1.14,0.0,34.5,0.308,6.73,0.2,0
7.56,71.64,25.9,0.504,0.36,0.8,0
6.33,47.52,29.2,0.679,0.1,0.2,0
1.93,2.43,30.9,0.649,0.77,0.2,0
5.11,43.11,21.6,0.226,3.11,0.8,0
13.55,79.87,30.4,0.319,5.88,0.8,1
7.59,60.27,22.2,0.433,12.61,0.2,0
0.87,23.38,31.5,0.14,1.19,0.2,0
6.75,25.06,16.9,0.414,1.53,0.2,0
10.31,70.89,45.4,0.297,1.11,0.5,1
13.38,79.61,25.1,0.491,1.42,1.0,1
8.43,62.19,30.8,0.447,1.91,1.0,1
1.41,7.37,15.5,0.157,3.63,0.5,0
10.53,60.62,23.3,0.168,3.09,0.8,0
9.61,31.81,35.9,0.27,0.23,1.0,0
0.21,32.06,20.2,0.359,2.84,0.2,0
4.51,20.29,34.3,0.391,5.63,0.5,0
3.44,30.6,11.4,0.542,4.11,1.0,0
9.41,40.81,30.7,0.707,4.03,0.5,1
2.07,43.85,36.7,0.529,0.37,0.8,0
7.6,61.21,44.1,0.451,2.77,0.5,1
20.78,113.01,31.3,0.394,1.16,0.5,1
13.59,67.96,40.4,0.49,5.56,1.0,1
21.63,106.29,39.1,0.454,0.21,0.2,1
32.64,125.78,26.5,0.616,3.57,0.2,1
0.09,32.13,41.7,0.29,0.55,0.5,0
8.29,56.78,34.6,0.81,2.73,0.2,1
4.53,31.12,19.8,0.173,0.14,0.5,0
16.7,87.2,44.8,0.435,2.69,0.2,1
2.47,17.46,22.8,0.416,4.05,0.8,0
33.7,195.57,30.8,0.558,1.61,0.5,1
8.08,62.68,30.8,0.256,10.85,0.5,1
13.41,92.48,34.3,0.297,2.13,0.8,1
0.76,24.08,35.2,0.248,1.38,0.8,0
1.72,34.82,24.7,0.286,6.34,1.0,0
12.07,75.03,28.0,0.258,0.89,1.0,0
0.19,21.66,21.6,0.135,6.11,1.0,0
14.43,106.23,20.8,0.235,7.52,0.8,1
0.12,18.22,39.9,0.749,1.19,0.2,0
9.1,59.51,37.5,0.351,4.33,0.2,0
3.86,40.31,30.2,0.227,2.24,0.5,0
8.04,67.3,19.4,0.613,3.18,0.8,0
10.12,85.65,30.4,0.461,3.34,0.5,1
3.56,4.53,26.5,0.582,0.85,0.8,0
0.97,40.36,38.3,0.555,7.38,0.2,0
0.61,0.0,19.4,0.359,15.8,0.5,0
7.56,48.93,30.4,0.734,2.77,0.5,1
6.25,71.22,33.5,0.759,0.52,0.8,1
11.52,62.3,48.5,0.345,5.05,0.8,1
6.06,39.79,19.1,0.492,0.68,0.5,0
4.67,32.26,20.3,0.265,0.16,0.2,0
4.31,50.28,48.8,0.408,2.41,0.8,1
0.23,26.72,29.4,0.333,4.32,0.8,0
3.47,28.76,37.3,0.697,2.62,0.2,0
31.71,125.6,38.5,0.463,0.82,0.5,1
17.58,55.42,27.0,0.305,2.49,0.5,0
3.4,29.0,24.1,0.352,0.69,1.0,0
7.53,58.14,26.0,0.555,9.25,0.8,1
15.97,92.7,37.9,0.156,2.15,0.2,0
4.95,24.88,40.4,0.456,1.45,1.0,0
0.15,17.62,36.1,0.073,5.86,0.5,0
0.66,22.69,30.2,0.396,3.02,1.0,0
6.07,55.46,25.6,0.813,0.56,0.5,0
29.65,125.29,29.8,0.321,0.45,1.0,1
10.04,56.32,43.5,0.549,1.18,0.2,1
0.63,10.87,41.3,0.468,5.5,0.5,0
1.78,31.27,27.3,0.433,2.28,0.5,0
12.54,86.8,27.4,0.532,0.79,0.5,1
15.65,105.97,38.4,0.624,0.15,0.5,1
8.17,64.04,29.9,0.544,1.76,0.2,0
8.79,33.8,33.1,0.392,1.02,1.0,0
0.24,30.7,29.8,0.132,11.3,0.5,0
14.99,101.62,25.0,0.416,0.85,0.8,1
13.2,68.88,23.2,0.56,4.61,0.5,1
2.55,39.08,21.4,0.449,0.99,0.5,0
10.48,79.17,13.2,0.568,0.25,0.2,0
2.06,13.98,26.1,0.436,0.04,0.2,0
0.35,18.19,22.6,0.229,1.18,0.5,0
1.91,33.26,25.4,0.206,9.05,0.2,0
1.67,35.71,18.4,0.546,1.02,0.5,0
3.5,19.83,27.8,0.229,3.06,0.5,0
4.61,54.36,31.9,0.61,1.05,0.8,1
6.04,8.4,45.2,0.505,4.75,0.5,0
5.51,71.72,27.9,0.4,5.54,0.5,0
2.68,37.93,15.4,0.411,0.89,1.0,0
0.25,12.01,28.3,0.205,0.2,0.5,0
7.9,72.48,39.6,0.243,0.54,0.2,0
4.28,26.84,27.7,0.494,2.57,0.8,0
3.02,39.15,26.4,0.308,1.97,1.0,0
17.14,103.84,43.8,0.434,0.41,1.0,1
11.67,89.41,26.6,0.567,0.47,0.2,0
16.58,58.58,47.0,0.511,3.11,0.8,1
5.81,39.81,40.1,0.226,18.69,0.8,1
1.19,28.11,35.7,0.548,9.93,0.2,0
10.13,44.05,33.6,0.334,8.26,0.5,0
1.96,34.06,24.4,0.11,0.3,0.5,0
4.95,36.64,37.0,0.288,0.46,0.2,0
0.57,38.09,27.9,0.675,4.7,1.0,1
14.83,96.76,31.2,0.335,8.33,0.8,1
1.14,21.13,19.8,0.505,1.36,0.2,0
19.84,104.53,26.5,0.496,2.62,0.5,1
16.97,103.15,32.1,0.468,1.88,0.5,1
5.31,27.83,30.8,0.648,0.56,0.5,0
11.59,66.85,27.8,0.174,2.07,0.5,0
8.21,53.77,30.9,0.341,2.09,0.2,0
13.81,35.56,37.4,0.567,3.85,0.8,1
4.8,44.39,30.6,0.715,5.29,0.8,1
13.1,57.59,31.6,0.621,5.86,0.8,1
5.28,59.61,36.2,0.202,0.68,0.2,0
24.05,160.69,40.5,0.815,3.62,0.5,1
5.66,36.37,32.1,0.601,1.0,0.8,0
5.28,29.08,45.4,0.255,5.66,0.8,0
13.07,96.44,28.1,0.243,2.59,0.8,1
14.65,127.0,25.3,0.177,1.68,0.8,1
6.87,35.89,35.9,0.501,7.89,1.0,1
1.68,41.45,22.7,0.266,7.64,0.2,0
5.36,27.15,42.8,0.404,9.9,0.2,0
29.28,125.27,28.9,0.498,3.24,1.0,1
11.89,53.28,36.1,0.359,4.28,1.0,1
14.17,83.18,33.0,0.462,2.13,0.5,1
0.28,5.31,17.1,0.52,8.78,0.8,0
5.36,68.12,36.4,0.544,2.54,0.2,0
8.84,58.68,38.7,0.376,5.08,0.5,1
15.06,101.2,48.2,0.468,7.04,0.5,1
0.43,17.38,29.6,0.527,2.14,0.5,0
16.26,126.31,31.6,0.275,6.93,0.8,1
6.76,0.0,41.7,0.457,8.28,1.0,1
1.87,36.03,25.8,0.7,0.04,0.8,0
3.24,38.81,23.2,0.642,2.19,1.0,0
2.82,0.93,21.1,0.316,11.86,0.8,0
6.43,62.51,47.7,0.7,0.21,0.2,1
0.45,30.77,25.8,0.435,2.21,0.5,0
1.47,0.0,37.7,0.662,6.39,0.5,0
14.24,45.06,30.4,0.528,2.51,0.5,0
1.21,55.08,24.9,0.308,4.97,0.8,0
2.26,27.49,43.5,0.365,7.46,1.0,1
5.13,53.2,30.7,0.149,0.86,0.2,0
6.19,63.19,32.9,0.377,0.9,1.0,0
12.26,72.61,24.3,0.442,5.21,0.8,1
5.04,59.16,27.3,0.053,1.68,0.5,0
13.26,44.07,37.4,0.277,1.35,0.5,0
8.19,37.14,27.8,0.266,3.6,0.8,0
1.02,0.0,31.6,0.534,12.99,0.5,0
1.44,0.0,20.3,0.62,0.76,0.8,0
4.88,29.86,40.8,0.503,4.77,0.8,1
4.3,22.18,37.2,0.089,4.22,0.2,0
11.57,58.46,37.8,0.202,5.38,0.5,0
7.39,43.95,22.8,0.432,2.93,0.2,0
4.18,46.11,31.4,0.266,5.61,0.8,0
1.59,29.01,15.0,0.074,0.02,0.2,0
2.19,30.78,27.1,0.687,3.28,0.2,0
7.28,27.36,27.9,0.751,0.54,0.5,0
4.68,22.12,43.5,0.229,3.66,0.5,0
6.15,47.49,49.5,0.388,5.27,0.5,1
1.59,24.7,34.1,0.342,2.21,0.8,0
9.24,43.01,31.9,0.163,4.27,0.5,0
16.27,97.97,30.2,0.545,12.92,1.0,1
2.54,44.35,14.1,0.258,11.63,0.8,0
5.75,27.92,39.0,0.408,1.35,0.5,0
31.54,146.3,35.4,0.246,0.87,1.0,1
3.45,67.45,34.8,0.444,3.94,0.8,1
7.68,53.27,39.3,0.19,2.5,0.8,0
0.8,30.17,44.2,0.464,0.38,0.8,0
7.92,48.99,29.0,0.374,0.42,0.2,0
0.8,18.45,29.8,0.453,1.37,0.2,0
27.2,158.65,47.4,0.302,25.0,0.8,1
10.69,84.61,35.2,0.686,1.56,0.5,1
13.19,82.46,40.8,0.29,0.35,0.8,1
10.35,78.78,24.3,0.575,1.64,0.5,0
7.57,81.85,27.1,0.371,0.92,0.2,0
5.08,41.89,29.0,0.8,1.67,0.8,1
16.61,101.92,27.1,0.454,2.71,1.0,1
26.71,107.12,42.1,0.505,10.32,0.8,1
5.88,66.3,31.7,0.527,0.11,0.5,0
22.79,63.3,45.8,0.589,5.25,0.8,1
7.44,68.87,27.2,0.408,0.06,0.2,0
6.57,35.81,15.9,0.484,0.42,1.0,0
5.15,6.33,21.3,0.396,2.02,0.8,0
2.0,16.43,24.2,0.688,7.21,0.8,0
0.03,20.52,34.6,0.297,3.19,0.5,0
2.35,46.98,22.9,0.532,3.92,0.8,0
6.06,51.73,28.8,0.68,0.19,0.8,0
4.06,35.12,38.9,0.331,6.79,0.8,0
5.06,64.54,20.7,0.409,1.52,1.0,0
33.53,111.56,18.6,0.427,0.71,0.5,1
3.67,13.09,32.3,0.408,0.17,0.5,0
5.12,36.34,36.1,0.275,7.59,0.2,0
1.22,3.63,43.4,0.219,2.02,0.5,0
0.42,33.09,35.1,0.671,5.45,0.2,0
12.69,74.48,45.3,0.036,2.92,0.5,1
7.19,29.71,25.0,0.663,3.25,0.5,0
12.16,76.08,27.8,0.495,12.42,0.8,1
1.38,29.71,40.4,0.899,4.18,1.0,1
7.21,64.0,39.4,0.498,3.4,0.5,1
2.49,8.05,35.2,0.287,3.08,0.5,0
2.2,38.83,31.6,0.547,2.93,0.2,0
0.1,0.77,14.0,0.224,12.6,0.2,0
1.19,35.17,26.1,0.341,1.6,0.5,0
3.15,44.6,22.1,0.503,0.13,0.5,0
1.06,13.29,16.9,0.323,0.42,0.2,0
36.2,223.31,38.3,0.527,6.02,0.8,1
3.14,10.73,21.0,0.406,9.68,0.2,0
1.19,41.71,28.2,0.475,0.28,0.5,0
1.89,47.94,47.6,0.24,0.38,0.5,0
7.53,52.77,29.4,0.387,0.39,1.0,0
0.56,20.38,21.4,0.242,0.75,0.5,0
16.86,81.04,35.9,0.346,0.49,0.2,0
27.69,167.52,39.4,0.439,1.77,0.2,1
2.41,70.28,26.1,0.295,1.96,1.0,0
5.08,26.1,39.3,0.395,2.81,0.5,0
0.19,40.55,25.8,0.334,5.89,0.5,0
8.7,59.52,35.9,0.391,3.32,0.8,1
4.54,61.96,20.7,0.291,0.35,0.8,0
2.68,64.96,29.9,0.308,6.24,0.2,0
1.97,32.48,31.9,0.585,5.23,0.2,0
9.02,64.88,36.8,0.485,5.53,0.5,1
4.57,30.6,34.9,0.384,3.23,0.5,0
1.68,13.5,40.9,0.247,2.07,0.5,0
9.93,66.18,23.0,0.54,0.71,0.8,0
7.08,75.41,35.1,0.242,11.24,0.5,1
16.63,53.53,20.9,0.116,7.72,0.5,0
1.06,56.72,31.0,0.166,1.09,1.0,0
13.09,56.35,32.0,0.653,1.48,0.2,0
9.51,50.34,15.0,0.506,0.24,0.5,0
1.04,27.09,18.1,0.423,5.2,0.5,0
10.09,55.04,40.4,0.152,4.08,0.2,0
4.95,18.51,26.3,0.307,5.89,0.8,0
24.65,130.03,27.9,0.355,0.42,0.5,1
1.3,28.17,34.6,0.491,0.44,0.5,0
8.75,70.7,24.3,0.479,7.23,0.2,0
4.09,41.96,23.3,0.325,4.42,0.5,0
26.71,142.63,29.7,0.233,1.36,1.0,1
3.4,32.62,17.4,0.644,2.24,1.0,0
27.84,80.57,43.6,0.28,2.06,0.8,1
19.7,141.91,44.9,0.713,2.51,0.5,1
2.68,7.3,30.4,0.355,1.79,0.5,0
13.83,52.44,23.9,0.477,11.92,0.5,1
46.13,148.36,30.9,0.144,1.63,0.2,1
2.48,45.43,19.6,0.349,1.87,0.8,0
4.88,63.62,29.2,0.429,7.16,0.2,0
6.24,47.32,18.3,0.225,0.04,0.5,0
2.97,36.65,36.3,0.36,5.78,1.0,0
0.13,26.89,26.0,0.549,1.01,0.2,0
2.11,56.94,31.9,0.546,3.36,0.5,0
2.82,4.48,13.5,0.541,1.15,0.2,0
4.98,46.16,32.0,0.506,7.81,1.0,1
1.6,33.49,11.7,0.411,9.82,0.8,0
17.56,66.29,44.1,0.328,0.77,0.8,1
10.37,57.75,31.5,0.515,8.16,0.8,1
0.76,35.17,19.6,0.173,0.55,0.2,0
8.93,71.68,27.8,0.407,2.2,1.0,1
9.01,94.81,16.5,0.595,0.07,0.5,0
26.59,127.32,32.1,0.663,1.89,0.8,1
0.03,20.5,20.6,0.539,0.32,0.8,0
2.42,29.19,30.9,0.526,4.08,1.0,0
22.34,142.0,26.8,0.323,4.25,0.5,1
22.87,117.52,37.8,0.638,0.48,0.8,1
10.84,84.06,31.1,0.532,6.14,0.5,1
12.34,92.38,40.7,0.453,0.94,1.0,1
0.82,21.2,45.0,0.571,1.35,0.5,0
6.13,43.81,46.9,0.383,0.45,0.8,1
2.24,36.13,25.5,0.36,6.86,0.2,0
1.7,23.02,38.0,0.582,2.62,1.0,0
14.13,67.25,30.1,0.519,7.33,1.0,1
1.23,27.22,29.8,0.406,2.1,0.5,0
5.37,44.58,41.5,0.761,1.89,1.0,1
23.71,167.51,21.6,0.13,2.34,0.2,1
1.75,27.64,31.0,0.311,2.53,0.8,0
32.44,128.6,33.5,0.587,1.84,0.5,1
43.9,174.34,17.8,0.102,2.36,1.0,1
6.89,12.48,41.3,0.53,2.49,0.5,0
1.59,17.21,27.0,0.43,17.8,0.2,0
3.23,2.56,35.0,0.655,3.79,0.5,0
4.7,34.18,44.2,0.39,7.36,0.8,1
3.15,56.07,36.7,0.268,2.55,0.5,0
2.8,17.72,42.2,0.801,3.35,0.5,1
30.46,95.12,18.0,0.228,0.13,0.2,0
1.42,46.51,31.3,0.365,1.28,0.5,0
11.23,76.03,32.9,0.747,6.14,1.0,1
0.0,19.77,35.8,0.221,1.57,0.5,0
7.71,51.14,20.4,0.583,4.9,0.8,0
21.05,141.38,35.0,0.196,0.11,0.8,1
2.89,48.54,21.6,0.543,3.1,0.5,0
1.74,42.31,17.9,0.626,16.97,0.5,1
8.96,16.7,30.8,0.518,4.76,0.8,0
10.6,33.69,33.7,0.735,4.57,0.5,1
9.9,96.0,46.1,0.349,2.5,0.8,1
3.27,25.7,36.1,0.204,1.26,0.5,0
2.47,20.99,33.5,0.425,2.03,0.2,0
26.53,89.39,24.1,0.325,2.75,0.2,1
21.83,69.59,21.9,0.431,4.76,0.5,1
5.2,28.13,33.8,0.415,0.68,0.8,0
15.91,79.8,24.4,0.134,1.75,0.5,0
5.12,17.39,36.3,0.492,7.39,0.2,0
4.69,52.84,20.3,0.146,0.04,1.0,0
1.45,12.44,27.7,0.136,6.54,0.2,0
4.72,34.47,38.2,0.575,0.21,0.8,0
6.55,7.14,40.1,0.452,5.68,0.2,0
0.19,49.92,27.9,0.254,17.47,0.2,0
4.99,48.01,23.8,0.111,5.21,0.8,0
12.92,79.57,46.1,0.392,2.9,0.5,1
9.69,50.56,37.8,0.552,0.54,0.5,0
8.57,44.17,39.3,0.399,0.23,0.8,0
20.43,131.48,24.3,0.476,1.96,0.8,1
0.15,1.54,29.8,0.352,2.02,0.5,0
6.92,21.37,17.9,0.315,1.02,0.5,0
13.16,87.22,20.1,0.021,1.94,0.8,0
6.63,34.46,24.3,0.403,1.3,0.8,0
3.33,31.79,26.7,0.668,0.22,0.5,0
1.25,26.31,50.5,0.299,2.26,0.5,0
18.58,116.06,29.7,0.385,2.51,0.2,1
5.41,34.73,36.1,0.284,4.58,0.2,0
17.89,106.09,43.0,0.365,3.04,0.2,1
7.49,70.54,25.1,0.232,8.88,0.2,0
9.53,45.86,21.6,0.61,1.64,0.2,0
13.86,124.32,25.0,0.544,0.95,1.0,1
9.15,51.73,42.1,0.503,0.27,0.5,1
4.31,30.44,35.2,0.445,1.86,1.0,0
6.13,39.54,30.4,0.18,0.2,0.5,0
13.81,50.97,39.7,0.414,2.5,0.5,1
3.98,62.55,24.8,0.615,8.54,0.8,1
4.18,40.37,24.9,0.095,2.93,0.2,0
0.85,10.79,32.9,0.129,4.05,1.0,0
20.91,112.11,38.7,0.678,8.05,0.2,1
0.81,25.67,25.5,0.577,0.55,0.2,0
8.88,54.16,23.9,0.364,3.04,0.2,0
4.53,26.2,30.9,0.643,1.7,0.8,0
4.42,17.52,21.1,0.723,3.35,0.5,0
9.67,84.8,37.4,0.115,0.53,0.5,0
0.59,2.55,33.2,0.535,1.69,0.5,0
7.66,85.97,31.8,0.725,4.64,0.2,1
12.57,52.8,41.6,0.403,3.23,0.8,1
14.97,103.1,37.0,0.042,5.16,0.5,1
1.59,31.77,21.7,0.692,2.25,0.2,0
19.36,101.53,29.7,0.636,0.7,0.5,1
9.07,82.54,27.2,0.106,0.99,1.0,0
18.15,99.12,39.1,0.731,5.57,0.5,1
5.65,35.33,36.6,0.316,1.65,0.8,0
6.64,32.39,30.9,0.261,1.99,0.8,0
21.37,140.12,39.8,0.244,6.78,0.8,1
19.56,114.7,29.5,0.08,0.94,0.5,1
5.05,11.58,39.2,0.315,6.4,0.2,0
2.73,28.61,15.4,0.404,0.48,1.0,0
4.25,3.65,21.2,0.443,0.6,0.8,0
4.17,35.36,37.7,0.505,1.67,1.0,1
2.87,12.57,20.3,0.355,6.52,0.5,0
2.66,21.39,35.7,0.82,4.9,0.2,0
16.78,75.0,36.8,0.516,5.49,1.0,1
0.62,48.21,35.2,0.149,0.79,0.2,0
9.62,23.84,39.6,0.299,14.32,0.2,1
1.61,21.55,31.7,0.334,0.38,0.2,0
3.59,3.45,42.7,0.562,0.43,0.2,0
0.54,9.19,33.0,0.365,1.69,0.2,0
2.67,61.39,31.7,0.615,2.87,0.2,0
12.43,77.17,31.7,0.627,5.31,1.0,1
18.39,103.92,43.4,0.289,4.11,0.5,1
2.13,25.29,25.0,0.435,8.3,0.2,0
5.29,32.55,36.0,0.359,3.47,0.8,0
5.4,44.86,25.0,0.302,0.29,0.8,0
17.58,83.31,19.2,0.517,2.41,0.2,0
12.23,59.56,45.8,0.293,5.61,0.5,1
6.12,39.97,20.9,0.428,2.51,0.5,0
9.44,68.68,35.8,0.657,0.52,0.8,1
15.98,109.34,29.8,0.466,4.57,0.5,1
0.08,9.4,40.3,0.077,4.96,0.2,0
4.38,38.03,38.2,0.41,5.45,0.8,1
20.21,140.83,21.5,0.159,1.6,0.5,1
11.46,94.69,30.8,0.477,4.39,0.8,1
6.65,33.01,15.0,0.614,5.08,1.0,0
6.41,43.74,29.9,0.471,1.86,0.8,0
3.63,22.95,36.1,0.206,2.05,0.2,0
6.25,65.51,24.6,0.231,2.58,1.0,0
9.06,41.34,39.4,0.653,3.58,0.2,1
4.61,65.44,17.0,0.594,1.37,0.2,0
10.64,85.19,15.7,0.404,0.68,0.8,0
16.79,79.92,15.0,0.172,1.08,0.8,0
1.43,13.24,26.1,0.671,2.91,0.5,0
5.11,45.96,30.8,0.53,5.22,0.2,0
4.46,45.51,20.0,0.198,7.86,0.2,0
9.89,53.36,50.3,0.229,8.64,1.0,1
2.44,33.41,51.4,0.382,3.24,0.2,0
8.69,64.97,31.9,0.297,7.59,0.5,1
17.85,107.86,33.0,0.419,1.15,0.8,1
4.6,31.69,44.2,0.498,2.21,0.8,1
20.56,116.4,38.1,0.533,0.95,0.8,1
42.38,114.58,22.5,0.735,0.56,0.5,1
0.95,25.4,38.8,0.328,4.19,0.2,0
2.26,16.6,24.6,0.358,1.02,0.8,0
25.53,75.6,29.9,0.707,3.16,0.5,1
27.01,167.29,32.2,0.403,0.28,0.2,1
0.87,20.26,36.6,0.653,0.69,1.0,0
0.13,26.81,21.8,0.464,1.39,0.8,0
1.49,0.0,18.4,0.719,1.91,0.8,0
46.96,219.44,41.4,0.732,1.12,0.5,1
1.69,17.18,39.9,0.138,4.88,0.8,0
5.94,24.88,32.0,0.316,0.24,0.2,0
16.04,117.81,35.2,0.254,3.08,0.2,1
0.18,29.68,36.6,0.502,0.11,0.5,0
7.88,67.05,31.0,0.251,8.95,0.8,1
2.76,48.63,25.4,0.432,3.78,1.0,0
16.85,70.54,31.1,0.374,4.38,0.5,1
2.83,19.52,45.6,0.61,4.59,0.2,0
9.87,69.15,40.3,0.349,2.93,0.2,0
9.53,34.68,30.7,0.565,0.45,0.8,0
2.13,22.18,24.4,0.603,2.07,0.5,0
0.3,2.51,42.4,0.653,5.25,0.8,0
4.47,31.18,34.6,0.215,15.32,1.0,1
2.9,43.58,29.3,0.224,1.4,0.5,0
14.07,73.89,20.2,0.782,3.86,0.2,1
13.7,67.81,37.6,0.241,15.46,1.0,1
5.19,24.04,27.1,0.614,3.25,0.2,0
7.93,54.17,33.8,0.308,6.21,0.5,0
7.88,32.14,33.0,0.529,3.4,1.0,1
14.92,98.83,36.1,0.426,2.16,0.5,1
4.7,59.44,32.3,0.371,4.29,0.5,0
2.74,71.2,34.4,0.779,7.55,1.0,1
2.62,13.94,18.7,0.513,5.8,0.5,0
6.53,72.39,35.2,0.441,7.96,1.0,1
5.07,25.89,23.4,0.517,11.5,0.5,0
4.93,27.73,29.0,0.297,5.2,0.2,0
0.81,6.62,31.8,0.391,6.92,0.5,0
10.78,79.87,35.8,0.305,1.16,1.0,1
2.04,14.56,37.3,0.628,0.65,0.5,0
1.86,20.67,36.3,0.373,1.85,0.8,0
4.52,39.44,19.4,0.637,1.41,0.5,0
2.2,20.02,28.9,0.28,2.03,1.0,0
7.45,46.68,26.1,0.44,0.58,0.2,0
3.95,0.0,29.2,0.504,2.07,0.2,0
5.06,37.6,34.8,0.713,6.52,0.8,1
6.55,59.72,23.4,0.15,0.2,0.5,0
1.93,17.57,31.5,0.759,1.12,0.8,0
1.44,31.83,42.2,0.17,1.91,0.5,0
18.05,109.27,37.0,0.462,3.3,0.5,1
4.83,33.19,36.8,0.285,2.17,0.5,0
4.52,57.07,40.7,0.207,0.13,0.8,0
0.31,54.88,29.2,0.852,3.86,0.5,1
5.86,76.94,37.8,0.552,4.74,0.8,1
6.87,23.5,17.4,0.474,0.46,0.2,0
6.96,32.02,17.2,0.687,0.05,0.8,0
10.44,60.82,27.5,0.399,3.07,0.8,0
1.66,27.48,23.5,0.552,7.66,1.0,0
2.47,55.06,31.9,0.34,5.25,0.5,0
14.15,109.37,23.0,0.588,2.65,0.5,1
25.0,105.84,47.5,0.708,1.64,0.8,1
1.24,17.66,40.8,0.443,0.1,0.2,0
5.85,52.99,48.2,0.317,5.81,1.0,1
2.05,3.45,39.3,0.489,0.98,0.8,0
0.53,21.7,45.6,0.083,16.8,0.8,1
3.35,16.12,28.4,0.223,0.28,1.0,0
1.32,1.25,31.4,0.547,8.34,0.5,0
10.52,47.78,24.9,0.205,1.08,1.0,0
6.49,49.79,34.5,0.491,8.8,0.5,1
1.32,32.32,38.7,0.481,2.18,0.5,0
0.08,21.65,31.5,0.761,1.0,0.8,0
14.03,117.51,26.5,0.302,0.43,0.8,1
1.65,38.74,31.7,0.366,0.51,0.5,0
7.92,68.3,17.6,0.587,10.82,0.5,1
3.49,31.06,36.7,0.518,1.27,0.8,0
7.49,46.89,30.4,0.503,13.6,0.5,1
3.22,28.5,42.8,0.317,6.78,0.8,0
0.77,0.0,44.0,0.393,5.11,0.5,0
2.14,42.43,20.8,0.593,4.81,0.2,0
1.77,34.35,50.2,0.225,8.4,0.5,1
4.75,28.08,47.0,0.348,0.97,1.0,1
9.13,85.71,34.3,0.298,8.89,0.8,1
2.6,20.96,39.9,0.018,2.26,0.2,0
0.1,18.99,14.1,0.324,5.32,0.5,0
6.22,70.36,47.0,0.447,5.92,0.8,1
7.91,55.1,30.5,0.177,6.91,0.5,0
27.99,166.19,43.3,0.204,2.27,1.0,1
7.57,59.26,28.9,0.474,1.11,0.5,0
5.42,77.53,38.7,0.297,7.69,1.0,1
7.24,37.84,29.7,0.389,0.25,0.8,0
22.35,161.94,28.3,0.274,3.26,0.5,1
14.98,39.31,45.3,0.443,5.53,0.5,1
3.32,16.1,36.1,0.311,7.95,1.0,0
2.3,31.55,40.4,0.729,0.49,0.2,0
2.59,22.36,32.4,0.328,2.38,0.8,0
5.97,47.52,43.7,0.032,4.48,0.8,0
11.58,70.29,37.2,0.468,9.06,0.5,1
5.95,21.81,18.2,0.377,3.79,1.0,0
0.6,5.59,38.0,0.653,1.04,0.5,0
10.93,65.08,14.2,0.191,0.56,0.2,0
13.94,93.02,40.0,0.214,2.0,0.8,1
2.91,56.06,27.5,0.378,0.71,0.2,0
9.27,52.9,33.6,0.157,4.6,0.5,0
4.73,57.72,37.5,0.476,2.85,1.0,1
18.69,95.8,34.5,0.142,1.07,0.5,1
15.86,87.7,35.4,0.521,3.66,0.5,1
6.34,27.57,42.5,0.471,0.38,0.5,0
10.0,76.42,28.6,0.25,3.78,1.0,1
18.26,94.43,32.5,0.513,4.19,0.5,1
5.82,34.52,22.7,0.251,0.06,0.8,0
3.19,28.7,30.8,0.512,4.22,0.2,0
11.91,72.94,21.8,0.855,1.48,0.2,1
2.11,46.95,34.5,0.587,0.18,0.2,0
4.18,37.17,27.3,0.483,2.11,1.0,0
17.07,116.77,41.1,0.358,1.69,0.2,1
10.96,97.73,27.8,0.396,4.61,0.5,1
4.4,43.9,26.3,0.759,4.5,0.5,0
2.05,16.99,31.3,0.403,2.16,0.5,0
3.74,20.56,22.7,0.592,4.07,0.5,0
2.84,19.9,23.7,0.329,7.36,0.8,0
1.65,23.93,38.5,0.568,0.23,1.0,0
11.56,70.41,31.4,0.189,0.62,0.8,0
2.47,34.04,23.8,0.451,2.4,0.2,0
5.15,38.81,15.4,0.416,7.0,0.8,0
4.14,1.19,30.8,0.933,2.68,0.5,0
34.18,94.85,37.3,0.103,0.77,1.0,1
4.22,0.0,28.0,0.107,11.18,0.8,0
0.71,18.92,25.1,0.46,0.96,0.2,0
0.8,40.62,29.1,0.172,6.69,0.2,0
7.59,19.59,46.1,0.189,25.0,0.2,1
7.77,34.06,29.8,0.118,3.58,0.5,0
4.61,40.33,25.5,0.354,0.82,0.8,0
4.81,21.78,33.0,0.423,2.63,0.8,0
0.47,5.26,39.4,0.439,4.32,0.5,0
6.18,54.5,14.5,0.577,0.57,0.8,0
5.97,40.09,32.7,0.815,14.29,0.8,1
1.38,1.17,40.3,0.364,11.98,0.2,0
0.93,0.0,24.1,0.598,2.68,0.8,0
1.12,56.74,43.9,0.18,6.43,0.8,1
0.91,40.29,33.2,0.581,17.68,1.0,1
8.0,48.36,31.9,0.574,4.2,1.0,1
1.86,27.88,46.5,0.672,3.37,1.0,1
2.46,21.21,20.9,0.605,3.56,0.8,0
1.62,36.64,37.2,0.439,2.89,0.2,0
26.91,88.13,39.7,0.342,8.94,0.8,1
16.39,81.25,31.2,0.75,0.57,0.5,1
2.23,39.83,12.4,0.218,2.49,0.5,0
3.37,57.62,32.0,0.195,0.06,0.5,0
2.0,41.15,21.9,0.179,8.42,0.8,0
5.75,61.58,32.8,0.259,1.43,0.5,0
0.17,15.75,37.2,0.343,2.43,0.5,0
9.46,55.69,32.2,0.737,3.87,0.5,1
6.29,20.58,34.4,0.474,0.49,0.5,0
19.46,77.25,19.8,0.214,5.3,0.5,0
1.53,31.97,19.5,0.455,2.69,0.5,0
13.86,94.53,40.8,0.473,0.26,0.2,1
13.35,51.29,16.8,0.291,0.63,0.2,0
1.16,43.41,26.2,0.438,3.42,1.0,0
4.32,47.26,44.8,0.386,2.15,0.2,0
1.59,48.15,30.6,0.672,9.11,0.2,0
2.5,19.16,35.5,0.65,4.16,1.0,1
2.6,22.77,24.3,0.45,3.43,0.5,0
6.91,64.15,25.8,0.061,4.89,0.2,0
4.51,31.69,31.7,0.539,2.74,0.5,0
25.09,104.87,34.6,0.4,2.49,0.8,1
1.15,18.11,46.2,0.19,14.62,0.8,1
30.92,173.2,33.1,0.523,8.72,0.5,1
2.23,48.14,19.4,0.337,0.75,1.0,0
12.6,69.09,28.4,0.387,0.87,0.5,0
3.52,48.44,25.0,0.423,1.17,0.2,0
1.31,32.77,25.3,0.202,4.98,0.5,0
16.58,57.03,31.6,0.645,10.44,0.8,1
3.14,19.73,27.1,0.477,0.51,0.5,0
9.14,53.53,26.3,0.565,20.16,0.5,1
7.1,41.35,46.8,0.177,1.49,0.5,0
5.42,32.81,33.3,0.161,1.6,1.0,0
5.82,77.22,25.6,0.356,2.9,0.8,0
11.2,68.79,26.0,0.435,0.39,0.8,0
0.78,11.12,39.4,0.598,9.75,0.5,0
9.38,78.47,42.2,0.255,0.07,0.5,1
19.22,63.63,35.6,0.471,0.03,0.5,1
0.51,7.64,30.0,0.246,13.39,0.2,0
1.29,41.76,37.9,0.201,1.95,0.8,0
10.72,73.41,44.7,0.285,1.08,0.2,0
4.89,47.17,22.4,0.672,1.23,1.0,0
4.39,53.76,41.2,0.21,2.59,1.0,1
1.25,30.97,40.7,0.472,8.56,0.8,1
6.01,19.73,28.4,0.471,5.22,0.8,0
1.15,0.0,26.4,0.587,0.72,0.8,0
5.5,30.76,32.9,0.643,1.59,0.8,0
12.26,105.29,25.9,0.529,2.1,1.0,1
2.54,21.53,21.6,0.491,17.17,0.5,0
5.57,49.77,45.7,0.476,5.74,0.2,1
41.06,209.91,31.3,0.592,2.56,0.2,1
9.86,37.0,30.9,0.175,1.08,0.5,0
15.65,98.5,20.8,0.385,0.65,0.8,1
4.56,40.46,31.6,0.227,0.71,1.0,0
12.41,55.62,37.3,0.364,1.54,1.0,1
0.35,16.42,25.1,0.22,2.85,0.8,0
1.11,30.72,28.5,0.492,0.71,1.0,0
1.93,28.63,22.9,0.408,5.05,1.0,0
4.37,47.08,28.1,0.361,10.42,0.5,0
15.89,107.37,41.2,0.125,2.85,0.5,1
3.61,26.99,24.8,0.449,1.73,0.8,0
9.04,55.05,15.2,0.219,4.56,1.0,0
10.5,78.04,32.3,0.393,4.46,0.2,0
7.5,72.39,33.2,0.435,6.44,0.8,1
3.76,25.34,27.4,0.386,10.28,0.5,0
7.31,12.67,34.6,0.311,1.59,0.5,0
3.56,43.66,15.9,0.153,0.53,0.5,0
0.74,11.81,27.7,0.273,8.97,0.8,0
41.94,220.38,21.6,0.708,0.77,1.0,1
1.16,25.98,24.6,0.215,1.66,0.5,0
0.64,38.4,28.8,0.349,2.08,0.8,0
17.92,88.19,31.4,0.115,7.46,0.5,1
3.05,39.65,19.3,0.436,3.34,0.5,0
8.93,61.52,19.7,0.229,3.46,1.0,0
3.39,46.02,35.5,0.219,5.59,0.8,0
4.22,32.47,29.3,0.279,24.0,0.5,1
2.58,10.03,22.8,0.453,12.67,0.5,0
3.57,26.38,24.7,0.149,0.53,0.2,0
4.49,58.73,36.7,0.238,15.85,0.2,1
10.83,79.76,16.9,0.624,4.9,0.5,1
6.09,27.94,31.7,0.221,3.84,0.5,0
24.43,132.15,28.2,0.691,1.92,0.5,1
0.36,5.12,39.4,0.331,18.43,1.0,1
5.94,50.89,38.7,0.367,1.44,0.5,0
7.46,73.85,35.8,0.099,11.26,0.5,1
21.49,79.68,28.9,0.293,1.67,0.5,1
0.43,10.6,34.4,0.689,0.58,0.5,0
7.24,36.32,34.6,0.176,3.77,0.8,0
16.33,68.3,27.5,0.693,8.02,0.2,1
2.35,46.59,42.0,0.513,11.21,0.5,1
17.76,106.95,48.4,0.509,6.5,0.5,1
0.16,0.0,27.0,0.107,1.92,0.2,0
11.21,72.74,39.1,0.184,5.67,0.5,1
22.99,148.72,31.5,0.548,0.08,0.5,1
9.1,95.76,30.7,0.175,0.77,0.2,0
4.91,26.89,28.9,0.265,3.24,1.0,0
0.39,19.23,26.4,0.404,1.27,0.5,0
21.48,155.7,43.8,0.762,4.25,0.8,1
5.4,41.01,37.2,0.32,4.43,1.0,1
0.25,18.52,30.2,0.265,3.64,0.5,0
9.95,66.51,37.6,0.394,4.65,0.2,0
5.59,43.11,36.6,0.548,1.42,0.5,0
1.13,39.4,25.7,0.243,0.93,0.5,0
2.05,7.36,22.8,0.66,0.04,0.8,0
0.57,0.56,40.3,0.072,4.07,0.5,0
7.26,36.22,39.4,0.165,3.35,0.8,0
8.27,8.55,50.4,0.107,1.54,0.8,0
5.99,45.56,14.2,0.087,1.62,1.0,0
14.44,80.33,32.4,0.437,0.9,0.5,1
16.77,94.85,36.2,0.408,1.6,0.8,1
8.13,58.76,33.3,0.5,1.37,0.8,1
0.11,19.52,36.4,0.093,13.58,0.2,0
10.1,86.02,21.3,0.524,2.65,0.2,0
4.6,47.18,11.2,0.442,3.31,0.8,0
7.09,38.88,19.3,0.672,0.08,0.5,0
8.9,79.16,28.7,0.226,6.68,0.2,0
3.66,36.31,27.4,0.389,5.35,0.8,0
21.17,132.23,41.7,0.525,2.74,0.8,1
1.22,39.93,18.8,0.23,5.71,0.5,0
9.46,62.2,30.2,0.46,0.68,1.0,1
0.04,51.15,46.0,0.588,2.26,0.5,1
21.98,102.57,31.6,0.322,1.04,0.8,1
1.01,24.44,21.1,0.454,3.41,1.0,0
0.85,13.55,26.4,0.357,3.7,0.2,0
3.44,25.65,34.3,0.262,16.07,0.8,1
3.98,24.02,13.3,0.627,0.07,0.2,0
2.05,38.21,46.8,0.263,1.68,0.2,0
7.48,48.45,32.9,0.785,11.21,0.5,1
4.97,39.19,36.2,0.466,13.22,0.8,1
0.3,29.52,31.5,0.166,3.21,0.8,0
3.27,39.41,46.1,0.656,3.18,0.8,1
14.14,79.45,33.4,0.737,2.1,0.2,1
9.95,83.14,35.1,0.801,0.91,0.5,1
10.97,82.76,41.2,0.292,0.3,0.5,1
10.18,30.71,41.2,0.281,1.84,0.5,0
3.17,17.68,15.1,0.395,1.61,0.8,0
0.89,45.81,26.2,0.128,3.06,0.5,0
2.7,53.84,25.1,0.549,1.62,0.5,0
15.15,80.5,12.5,0.335,2.14,1.0,0
33.45,150.87,41.8,0.617,3.53,0.8,1
5.79,27.33,27.1,0.045,4.65,0.5,0
0.08,16.35,27.9,0.508,0.05,0.2,0
1.28,42.56,19.6,0.559,0.9,0.8,0
3.3,35.38,49.1,0.212,0.79,0.8,0
7.35,62.18,39.9,0.512,2.05,1.0,1
0.66,21.02,33.0,0.698,0.32,0.2,0
24.4,148.74,38.2,0.558,8.83,0.8,1
3.86,57.84,38.3,0.411,2.09,0.5,0
20.72,94.84,35.0,0.268,6.78,0.8,1
12.89,93.9,22.7,0.391,9.7,0.8,1
11.97,65.79,36.7,0.523,0.87,0.8,1
7.93,52.09,33.0,0.294,2.6,0.5,0
8.38,28.56,36.8,0.389,13.34,0.8,1
8.64,37.51,32.4,0.476,6.54,0.2,0
8.42,20.57,45.9,0.435,0.17,0.2,0
6.86,63.1,34.3,0.695,13.13,1.0,1
36.54,108.2,33.1,0.685,0.09,1.0,1
11.2,63.32,40.5,0.702,0.13,0.8,1
12.75,61.86,28.7,0.287,3.93,0.8,0
17.5,168.14,27.1,0.442,3.82,0.5,1
2.06,33.49,31.6,0.203,6.67,0.2,0
0.74,0.0,33.3,0.613,1.38,0.8,0
5.61,65.12,24.3,0.312,2.51,0.8,0
6.13,47.98,35.7,0.515,7.33,1.0,1
15.02,74.89,39.1,0.295,5.35,0.5,1
4.99,37.66,33.2,0.119,2.1,0.8,0
7.19,49.47,32.0,0.702,7.26,0.8,1
6.36,43.04,26.5,0.415,2.5,0.2,0
0.33,11.53,43.3,0.59,2.87,0.2,0
8.12,49.99,37.6,0.487,3.35,0.2,0
14.96,78.16,31.1,0.118,1.77,0.5,0
1.46,0.0,35.1,0.434,1.29,0.2,0
7.67,23.91,27.6,0.269,4.32,0.2,0
7.65,82.96,17.4,0.13,0.65,0.2,0
1.52,30.58,23.7,0.221,2.64,0.2,0
1.12,16.71,18.6,0.4,1.46,0.2,0
33.27,142.7,31.7,0.433,1.82,0.2,1
4.25,40.01,34.2,0.623,2.35,0.5,0
2.19,42.09,28.7,0.076,0.86,0.8,0
1.6,68.26,32.1,0.273,2.56,0.2,0
9.36,95.44,18.9,0.248,5.05,0.5,0
7.99,33.22,38.1,0.134,1.02,0.5,0
8.77,64.4,15.5,0.339,7.29,0.5,0
0.78,1.71,34.5,0.57,2.16,1.0,0
19.04,85.12,30.0,0.271,5.2,0.2,1
4.19,29.6,23.0,0.382,4.33,0.2,0
3.2,28.45,32.0,0.516,1.99,0.2,0
5.27,67.05,38.4,0.209,6.34,0.5,0
4.2,17.09,29.5,0.404,0.12,0.2,0
16.93,85.87,28.4,0.398,1.15,0.2,0
22.51,102.07,21.5,0.235,0.04,1.0,1
3.07,34.72,33.5,0.77,5.98,0.5,1
16.95,91.03,40.0,0.767,0.55,0.5,1
12.93,83.62,32.8,0.24,2.0,0.2,0
22.7,107.67,22.4,0.357,3.59,0.5,1
2.4,11.44,35.1,0.223,13.36,0.5,0
7.31,22.75,15.3,0.481,25.0,0.8,1
2.73,15.08,40.3,0.317,7.75,1.0,0
14.77,80.49,43.9,0.673,2.93,0.5,1
0.05,26.48,33.6,0.414,0.54,0.2,0
7.07,44.92,42.0,0.383,1.7,0.2,0
3.52,46.79,18.8,0.219,7.62,0.5,0
3.31,19.65,24.5,0.22,11.95,0.2,0
8.8,15.95,27.1,0.645,4.07,0.2,0
16.21,73.03,38.2,0.412,6.23,0.2,1
7.99,67.99,31.2,0.584,6.09,0.2,1
16.31,92.9,27.9,0.142,12.5,0.5,1
2.61,10.6,22.1,0.584,6.29,0.8,0
6.23,38.66,39.4,0.337,1.72,0.5,0
5.09,52.61,14.4,0.125,2.46,0.5,0
0.1,11.11,27.7,0.098,1.07,0.5,0
6.92,43.45,25.0,0.532,0.64,1.0,0
9.21,62.78,20.9,0.477,1.66,0.5,0
7.62,31.85,22.6,0.324,4.25,0.5,0
11.33,46.78,31.4,0.167,3.42,0.8,0
7.2,69.6,29.8,0.306,5.3,0.8,1
0.59,23.33,31.9,0.462,8.55,0.2,0
1.05,43.1,36.9,0.145,0.2,0.2,0
7.71,67.25,42.5,0.358,1.09,0.2,0
2.73,59.38,20.5,0.742,5.76,0.5,0
0.71,35.93,18.7,0.386,9.75,0.2,0
4.77,43.89,27.2,0.484,10.46,1.0,1
6.87,55.26,32.5,0.514,0.78,1.0,1
3.39,82.79,19.6,0.601,0.41,0.5,0
10.83,74.15,36.6,0.784,10.19,0.5,1
8.77,35.67,32.7,0.088,0.26,0.2,0
3.44,44.41,37.5,0.327,4.12,0.2,0
11.95,53.18,28.2,0.46,1.93,0.5,0
8.89,59.58,29.3,0.717,1.24,0.2,0
8.62,66.36,39.3,0.514,1.21,0.5,1
6.85,35.37,25.7,0.572,1.69,0.5,0
0.1,7.03,28.8,0.135,1.71,0.2,0
10.14,68.35,13.5,0.373,6.42,1.0,0
4.01,24.75,32.7,0.557,2.88,0.2,0
24.29,150.82,40.8,0.266,10.79,0.8,1
14.48,106.2,15.1,0.308,3.88,0.5,0
7.53,93.95,34.0,0.189,1.99,0.8,1
2.47,27.28,40.6,0.694,2.89,0.5,0
1.94,20.83,31.4,0.228,10.65,1.0,0
3.54,36.92,27.0,0.765,6.83,0.2,0
5.5,48.05,50.3,0.192,9.81,0.2,1
2.98,46.23,17.7,0.384,4.67,0.5,0
6.15,37.66,23.9,0.38,3.81,0.2,0
1.54,55.07,42.2,0.252,1.07,0.8,0
32.33,201.38,26.6,0.173,1.66,0.5,1
0.97,17.97,39.7,0.561,0.23,0.5,0
22.84,92.35,27.5,0.347,3.26,0.5,1
20.81,130.81,39.4,0.533,3.88,0.5,1
6.33,39.34,35.8,0.202,5.28,1.0,0
10.97,65.56,30.8,0.588,7.37,0.8,1
4.87,40.21,32.0,0.357,1.33,0.8,0
8.45,44.91,22.8,0.401,0.74,0.8,0
3.54,31.0,20.3,0.19,0.47,0.8,0
3.05,56.83,36.6,0.419,2.97,0.5,0
7.34,74.07,40.7,0.143,1.18,0.2,0
5.86,35.71,36.7,0.301,0.83,0.5,0
7.36,41.07,43.4,0.133,3.09,1.0,0
2.87,28.73,42.4,0.379,3.49,0.8,0
3.89,39.49,38.3,0.459,0.57,0.8,0
0.74,9.19,42.7,0.211,2.82,0.2,0
0.46,0.0,22.4,0.483,0.37,0.2,0
2.48,21.13,37.0,0.511,5.89,0.5,0
0.66,20.4,37.6,0.506,3.36,0.8,0
0.93,11.7,21.9,0.57,3.45,0.8,0
14.25,88.98,43.3,0.703,4.79,0.2,1
0.34,17.51,12.8,0.212,0.92,0.2,0
9.14,79.39,30.0,0.465,0.79,0.5,0
2.7,21.86,14.5,0.531,1.43,1.0,0
17.44,117.73,32.0,0.563,3.29,0.2,1
5.64,45.41,29.5,0.325,6.62,0.5,0
3.1,39.15,34.2,0.448,17.5,0.8,1
6.2,67.19,38.0,0.358,6.55,0.5,1
4.09,47.49,38.1,0.689,2.58,0.5,1
7.06,15.62,36.7,0.183,3.26,0.2,0
1.03,32.71,19.7,0.775,1.27,1.0,0
49.35,246.27,29.6,0.521,0.96,0.2,1
4.71,37.34,39.6,0.521,0.58,0.2,0
3.64,47.31,35.0,0.226,2.77,0.2,0
10.53,54.69,35.6,0.47,0.74,0.5,0
3.85,52.13,24.5,0.71,0.21,0.8,0
15.23,99.08,27.3,0.458,0.75,0.5,1
5.15,68.36,45.9,0.36,1.85,0.8,1
10.81,81.48,40.7,0.771,0.97,0.8,1
0.97,49.15,22.3,0.419,0.95,0.2,0
15.91,84.7,32.4,0.446,1.08,1.0,1
11.31,62.87,31.3,0.518,8.21,0.8,1
2.02,8.19,30.2,0.301,0.33,0.2,0
1.33,28.85,30.9,0.446,1.48,0.5,0
3.23,24.21,34.7,0.525,1.91,0.5,0
31.73,197.26,46.7,0.78,1.25,0.5,1
2.52,25.33,41.8,0.782,1.82,1.0,1
5.18,32.23,41.8,0.232,3.77,0.8,0
0.26,0.06,36.2,0.581,0.57,0.5,0
4.3,46.18,14.0,0.185,1.7,0.8,0
7.2,36.94,30.2,0.477,0.57,0.5,0
26.01,144.31,31.7,0.687,4.98,1.0,1
6.18,65.53,40.5,0.561,7.54,0.5,1
14.53,80.24,43.9,0.4,3.08,0.2,1
6.73,73.13,30.4,0.69,0.23,0.5,1
0.35,16.91,26.7,0.354,2.23,0.8,0
3.22,6.66,27.7,0.635,2.07,0.2,0
7.28,69.32,33.2,0.559,6.09,0.8,1
25.57,82.28,25.9,0.141,0.22,0.8,0
16.66,99.92,43.3,0.459,13.74,0.2,1
2.2,35.9,29.7,0.224,0.91,0.5,0
2.11,35.37,49.1,0.367,6.52,1.0,1
1.91,35.33,20.1,0.457,5.96,0.2,0
21.74,133.7,23.2,0.202,5.54,0.5,1
16.28,136.1,31.7,0.151,0.52,0.8,1
12.67,71.28,41.5,0.654,0.33,0.2,1
4.24,42.75,28.1,0.708,2.25,0.8,0
5.97,20.26,40.3,0.469,5.1,0.5,0
5.31,21.87,29.8,0.222,4.34,0.5,0
2.48,40.81,40.9,0.183,5.68,0.2,0
5.98,16.46,26.0,0.822,0.48,0.5,0
0.26,25.95,30.9,0.635,2.11,0.8,0
1.2,6.03,26.0,0.439,2.37,0.8,0
18.5,100.7,24.1,0.116,1.06,0.5,0
11.84,29.31,29.7,0.303,3.27,0.5,0
4.67,41.84,27.6,0.457,0.16,0.8,0
6.19,71.5,38.6,0.391,5.68,0.5,1
3.93,42.19,37.4,0.275,0.92,0.2,0
11.48,69.52,28.2,0.545,5.14,1.0,1
13.03,66.67,49.5,0.272,0.29,1.0,1
12.25,71.29,47.3,0.46,2.61,0.5,1
10.9,58.06,43.7,0.725,0.95,1.0,1
1.94,0.0,33.4,0.272,1.88,0.5,0
3.51,43.42,29.5,0.418,8.22,0.8,0
5.39,51.02,27.0,0.409,2.25,0.5,0
3.41,23.65,13.7,0.468,1.21,1.0,0
11.95,52.96,34.4,0.283,1.37,1.0,0
3.4,32.59,32.6,0.566,3.83,0.8,0
1.26,29.43,34.4,0.474,5.09,1.0,0
4.33,32.9,33.1,0.168,0.16,0.2,0
33.22,153.45,21.3,0.549,2.62,0.8,1
2.18,43.67,36.0,0.578,2.08,0.5,0
8.05,83.84,28.2,0.572,1.86,0.8,1
4.82,47.73,31.8,0.581,2.0,0.8,0
0.63,28.71,28.4,0.451,4.67,0.8,0
5.69,28.79,14.5,0.192,25.0,0.5,0
10.3,39.63,41.8,0.243,14.12,0.2,1
6.12,34.04,21.7,0.405,4.66,0.8,0
17.48,127.82,33.3,0.218,1.05,0.5,1
2.9,45.13,42.1,0.476,0.03,0.2,0
0.77,52.96,24.3,0.108,5.7,0.2,0
23.44,113.47,29.5,0.091,2.49,0.8,1
4.04,23.07,28.7,0.602,1.25,0.5,0
7.3,77.42,19.1,0.355,2.08,0.5,0
13.35,111.93,29.8,0.385,5.21,0.5,1
3.33,34.37,31.0,0.573,0.18,0.8,0
10.7,0.0,15.0,0.418,2.71,0.5,0
1.24,14.13,31.2,0.897,1.81,0.8,0
2.93,37.49,19.3,0.794,0.88,0.8,0
1.33,12.67,42.5,0.238,8.54,0.8,0
14.17,67.44,34.9,0.588,4.86,0.2,1
2.14,58.74,17.2,0.187,5.33,1.0,0
10.74,85.41,39.9,0.249,4.39,0.8,1
24.39,146.07,28.3,0.537,1.4,0.8,1
6.38,40.33,24.4,0.368,0.11,0.2,0
6.6,39.12,25.3,0.369,3.46,1.0,0
5.25,48.37,33.6,0.155,1.53,0.5,0
3.35,39.03,18.7,0.424,1.23,1.0,0
5.49,43.99,17.4,0.089,4.31,0.2,0
7.85,22.53,34.3,0.435,1.66,0.2,0
36.28,105.21,48.1,0.636,14.03,0.2,1
23.6,146.11,31.1,0.276,8.98,0.2,1
16.84,58.25,29.5,0.12,0.17,0.8,0
18.69,135.47,45.3,0.389,0.42,0.2,1
5.36,49.61,24.9,0.349,3.06,1.0,0
9.11,59.04,24.9,0.292,0.1,0.8,0
19.16,120.42,43.1,0.481,2.24,0.2,1
4.24,44.11,34.8,0.183,1.97,0.2,0
27.74,159.65,17.0,0.373,4.04,0.5,1
4.57,14.34,35.5,0.587,2.21,0.5,0
7.81,53.44,39.7,0.289,0.62,0.2,0
10.52,79.51,25.9,0.372,0.75,0.2,0
25.56,141.46,28.8,0.318,1.83,0.8,1
2.38,10.96,23.5,0.546,1.08,0.5,0
11.65,47.65,34.5,0.554,6.99,0.5,1
6.25,24.08,35.2,0.592,25.0,0.8,1
2.66,15.54,18.0,0.5,5.91,0.8,0
12.74,75.52,35.5,0.416,1.52,0.2,0
6.83,34.84,35.1,0.362,2.38,0.8,0
9.19,25.23,15.7,0.463,2.29,0.2,0
3.31,27.73,32.7,0.399,9.59,0.2,0
5.58,48.33,34.0,0.393,3.49,0.5,0
8.17,21.78,29.9,0.297,4.77,0.8,0
4.41,48.53,42.9,0.153,1.44,1.0,0
1.88,5.77,27.4,0.295,0.18,0.5,0
27.72,102.32,17.9,0.487,0.95,0.5,1
6.09,49.61,35.4,0.236,0.61,0.5,0
11.25,45.8,33.8,0.389,2.29,1.0,1
4.5,44.66,49.0,0.624,3.1,0.8,1
3.73,46.59,24.6,0.389,0.77,0.8,0
4.44,36.38,29.1,0.389,1.96,0.5,0
4.47,25.72,30.6,0.577,2.79,0.8,0
6.68,58.42,41.2,0.192,1.27,0.2,0
6.66,55.76,29.6,0.25,2.04,0.5,0
5.84,34.13,38.2,0.788,0.06,1.0,1
1.23,23.95,22.0,0.602,1.94,0.2,0
5.83,42.01,29.5,0.508,3.82,0.8,0
1.57,16.35,22.0,0.65,2.46,1.0,0
1.15,36.68,45.5,0.288,3.17,1.0,1
22.93,133.28,22.8,0.573,5.68,1.0,1
7.89,63.73,29.7,0.089,23.52,0.2,1
9.16,62.74,18.7,0.125,2.06,1.0,0
4.37,18.79,43.9,0.348,0.71,0.8,0
20.37,118.47,34.2,0.534,14.48,1.0,1
8.64,61.86,46.4,0.278,1.28,1.0,1
12.46,65.84,16.2,0.741,1.15,0.8,1
3.91,35.85,22.7,0.224,7.73,1.0,0
27.36,177.46,28.7,0.51,8.49,0.5,1
14.6,72.76,34.2,0.217,1.56,0.8,1
16.35,83.57,27.4,0.118,3.96,0.5,0
1.61,3.84,36.4,0.661,4.45,0.8,0
2.69,5.47,22.4,0.375,2.81,1.0,0
2.86,39.14,33.7,0.579,3.46,0.8,0
2.69,35.61,29.2,0.211,1.69,0.5,0
16.44,72.04,31.7,0.469,4.66,0.2,1
0.28,27.0,33.0,0.267,8.41,0.5,0
0.67,2.02,17.4,0.529,7.61,0.2,0
2.72,79.63,44.0,0.607,6.41,1.0,1
1.9,47.96,38.6,0.541,0.64,0.8,0
2.24,42.43,30.2,0.246,5.48,0.2,0
13.59,60.5,32.5,0.164,0.68,0.5,0
7.04,33.43,15.5,0.625,6.08,0.5,0
0.05,0.64,31.5,0.089,1.48,1.0,0
4.77,46.19,29.8,0.308,0.56,1.0,0
4.45,21.0,28.6,0.044,4.94,0.8,0
1.03,11.07,39.5,0.397,2.38,0.5,0
9.58,36.83,23.0,0.652,3.04,0.8,0
10.29,51.27,22.8,0.689,7.47,0.5,1
10.85,66.33,32.0,0.096,1.73,0.5,0
11.08,58.74,35.8,0.573,1.24,1.0,1
0.0,26.86,14.6,0.189,1.93,0.5,0
26.16,133.26,32.5,0.147,3.8,0.5,1
14.31,143.62,26.6,0.619,0.97,0.2,1
19.92,111.9,37.7,0.597,6.02,0.8,1
0.13,1.59,30.8,0.408,8.15,0.8,0
23.09,165.23,40.2,0.59,9.18,1.0,1
14.11,80.72,29.2,0.711,3.64,0.2,1
15.43,58.72,39.9,0.296,10.59,0.2,1
0.83,1.88,36.6,0.45,0.55,0.2,0
11.41,63.11,40.0,0.211,3.12,0.5,0
27.34,147.84,39.4,0.658,2.25,0.5,1
9.65,43.24,31.2,0.717,14.88,0.5,1
7.18,59.32,28.4,0.845,0.36,1.0,1
24.75,100.06,38.0,0.335,1.94,0.8,1
4.97,55.79,28.3,0.365,0.68,0.8,0
7.77,69.62,19.1,0.658,1.66,0.8,0
5.5,32.49,41.1,0.113,7.78,0.5,0
22.96,114.28,29.2,0.255,0.97,0.8,1
0.67,7.05,21.1,0.281,2.59,0.5,0
5.91,81.86,34.8,0.604,0.87,0.8,1
9.87,33.69,42.4,0.49,14.72,0.8,1
13.34,85.01,41.2,0.452,0.3,0.5,1
7.44,31.69,32.7,0.672,7.19,0.2,0
20.37,117.93,19.0,0.05,10.22,1.0,1
24.2,187.88,36.0,0.261,5.72,0.5,1
0.57,15.76,33.9,0.454,1.75,0.5,0
4.38,54.92,23.9,0.51,1.92,0.8,0
0.2,17.04,42.9,0.611,0.12,0.2,0
3.4,51.18,18.9,0.317,0.82,1.0,0
6.54,31.32,28.6,0.79,10.12,0.2,1
20.54,99.61,19.3,0.567,4.94,0.8,1
15.93,121.83,43.4,0.062,3.04,0.8,1
1.16,14.11,15.7,0.544,17.58,0.8,0
0.83,66.25,29.8,0.816,5.44,0.2,1
7.56,51.48,41.2,0.331,3.62,0.2,0
6.46,43.54,25.2,0.638,2.77,0.8,0
2.63,16.7,19.9,0.255,2.38,0.8,0
19.53,113.26,20.8,0.755,7.36,1.0,1
22.29,63.62,29.3,0.747,2.5,1.0,1
4.38,60.37,29.9,0.584,2.18,0.2,0
18.79,90.45,36.6,0.171,1.0,0.5,1
4.12,39.76,24.8,0.718,3.86,0.8,0
11.35,70.57,36.2,0.469,0.12,0.2,0
5.49,39.18,51.1,0.195,1.11,0.2,0
1.11,5.95,41.3,0.328,2.83,0.2,0
22.36,76.7,34.5,0.364,1.41,0.8,1
5.15,41.89,44.9,0.822,2.74,0.8,1
11.27,94.78,49.3,0.482,1.03,0.2,1
3.89,9.08,33.0,0.253,7.44,1.0,0
0.16,13.62,25.9,0.204,0.45,0.5,0
0.9,0.0,43.5,0.168,0.95,1.0,0
5.83,23.2,40.6,0.493,2.36,0.8,0
9.95,80.6,18.8,0.583,2.19,0.8,1
3.46,45.5,44.7,0.633,4.23,0.5,1
10.11,44.41,28.4,0.133,4.66,1.0,0
10.2,50.09,27.3,0.647,4.06,0.8,1
10.35,62.6,27.8,0.074,3.86,0.5,0
5.77,66.11,27.2,0.199,2.27,0.2,0
20.94,151.14,31.8,0.371,2.25,0.2,1
5.71,46.88,33.2,0.548,0.35,1.0,1
5.09,45.33,29.8,0.489,0.01,1.0,0
1.89,4.82,29.5,0.684,7.32,0.5,0
3.13,32.06,37.1,0.747,0.04,0.5,0
0.37,52.83,11.7,0.114,9.02,0.8,0
8.53,79.24,45.3,0.099,0.89,0.5,0
2.43,29.09,36.5,0.469,3.13,0.5,0
3.08,38.81,36.3,0.225,10.15,1.0,1
12.52,57.39,29.7,0.815,1.83,0.5,1
3.37,31.88,46.6,0.356,6.21,0.5,0
2.36,34.77,10.5,0.297,3.28,1.0,0
1.57,29.24,18.4,0.152,2.14,0.2,0
12.67,66.92,39.2,0.255,0.67,0.2,0
1.18,40.01,37.2,0.28,0.71,0.5,0
5.14,54.13,25.8,0.625,1.42,1.0,0
6.01,25.28,33.6,0.718,8.58,1.0,1
9.88,46.36,32.2,0.425,0.78,0.8,0
8.53,56.82,32.1,0.36,5.82,0.8,1
14.15,73.67,33.6,0.639,0.44,0.5,1
0.39,0.0,49.7,0.638,6.37,0.5,1
2.99,29.58,48.7,0.464,0.27,0.8,1
2.79,53.58,48.1,0.074,0.96,0.2,0
1.34,37.82,32.5,0.275,1.0,0.2,0
2.9,28.17,27.1,0.765,6.6,0.2,0
3.15,20.75,32.8,0.473,3.36,0.8,0
6.27,61.78,34.2,0.298,3.86,0.2,0
9.26,68.01,27.0,0.605,6.5,0.8,1
4.08,35.02,34.4,0.622,5.46,0.5,0
10.8,44.2,34.2,0.449,0.06,0.8,0
3.48,37.59,43.0,0.488,1.44,0.2,0
2.91,27.13,24.8,0.423,1.27,0.5,0
6.62,48.75,36.1,0.529,6.11,0.2,0
0.2,39.51,30.4,0.494,0.04,0.8,0
0.71,3.71,21.0,0.662,0.07,0.8,0
4.6,18.75,27.1,0.362,0.85,0.8,0
24.34,183.31,17.3,0.396,1.0,0.2,1
10.87,53.31,27.2,0.269,0.69,0.2,0
0.78,7.0,18.0,0.289,0.34,0.2,0
15.92,80.92,44.1,0.713,4.11,0.5,1
11.2,63.86,19.7,0.046,0.65,0.8,0
8.02,89.14,39.6,0.157,3.84,0.2,0
14.59,83.21,43.1,0.203,2.33,0.5,1
4.4,59.57,30.8,0.477,7.46,0.8,1
2.13,8.17,17.1,0.645,1.19,0.5,0
6.1,68.86,33.6,0.283,16.15,0.5,1
6.77,72.68,24.7,0.577,3.08,0.5,0
6.57,70.89,22.8,0.484,12.83,0.8,1
7.08,59.93,32.9,0.519,3.99,0.5,1
25.25,95.93,28.1,0.356,1.03,0.5,1
19.77,79.52,37.0,0.402,1.36,0.8,1
17.72,99.49,33.5,0.445,0.66,0.5,1
13.74,29.98,40.0,0.478,2.11,0.8,1
24.41,78.25,17.3,0.345,1.52,0.5,0
0.88,28.92,24.7,0.197,1.09,1.0,0
2.62,31.19,32.9,0.491,0.85,0.8,0
5.81,36.1,42.0,0.434,6.88,1.0,1
15.93,57.2,39.5,0.531,6.94,0.2,1
5.98,20.77,35.6,0.503,2.97,0.5,0
11.72,83.24,33.1,0.502,3.54,0.2,1
1.27,30.35,34.4,0.109,2.07,0.2,0
2.47,16.31,24.0,0.414,3.74,0.8,0
11.19,43.8,33.6,0.424,5.89,0.5,0
1.53,51.97,31.4,0.511,2.56,0.8,0
3.68,50.93,28.8,0.532,5.96,0.8,1
2.62,13.4,42.3,0.19,8.48,1.0,0
3.66,40.42,40.0,0.726,17.64,0.5,1
10.47,96.55,18.4,0.619,12.67,1.0,1
3.9,26.77,48.5,0.325,1.09,0.5,0
6.89,46.28,24.6,0.418,3.59,1.0,0
0.89,38.9,24.1,0.572,1.68,1.0,0
13.9,113.08,45.1,0.365,4.57,0.2,1
3.93,54.69,30.3,0.096,0.85,0.5,0
8.89,68.54,39.2,0.164,1.23,0.2,0
10.99,80.8,26.3,0.233,13.25,0.5,1
2.0,51.08,41.7,0.797,3.55,0.8,1
18.36,98.5,40.1,0.669,0.85,0.2,1
8.14,45.31,31.9,0.181,1.9,0.8,0
4.76,58.16,36.3,0.189,1.68,0.2,0
1.71,58.76,46.5,0.454,1.0,0.5,1
24.25,191.51,30.4,0.332,0.23,0.5,1
11.96,69.22,31.4,0.544,14.74,0.5,1
1.98,26.79,36.7,0.283,1.76,0.2,0
3.5,23.9,28.9,0.204,3.0,0.5,0
14.1,82.63,46.3,0.166,1.97,0.2,1
10.11,41.47,16.1,0.427,4.7,0.5,0
12.34,70.56,29.3,0.587,5.22,0.2,1
4.95,50.6,36.5,0.412,8.75,0.5,1
10.71,55.69,29.9,0.276,1.47,0.5,0
4.15,8.71,25.5,0.275,14.92,0.5,0
2.02,55.62,29.5,0.454,6.06,0.5,0
8.51,26.42,42.0,0.164,0.8,0.2,0
31.71,162.17,32.5,0.661,2.65,1.0,1
3.16,18.63,27.6,0.537,1.58,0.8,0
5.25,35.14,35.4,0.523,2.73,0.5,0
9.53,49.36,33.9,0.4,1.41,0.8,0
6.63,39.9,32.8,0.288,1.06,0.5,0
15.76,46.12,29.0,0.572,5.15,1.0,1
12.19,56.33,18.2,0.173,2.76,1.0,0
0.51,26.48,34.2,0.303,3.03,1.0,0
54.83,273.72,29.7,0.511,2.1,0.2,1
11.87,84.59,29.9,0.157,9.22,0.2,0
16.95,86.46,24.7,0.764,0.18,0.5,1
8.95,26.08,25.2,0.363,5.82,0.5,0
16.49,114.76,38.6,0.79,6.24,0.5,1
1.01,32.08,31.0,0.494,1.89,0.2,0
3.63,23.43,20.0,0.423,0.27,0.5,0
17.77,126.41,16.5,0.485,5.81,0.2,1
1.91,58.18,24.4,0.556,2.28,0.2,0
0.69,17.11,31.2,0.043,3.67,0.2,0
13.19,52.9,34.1,0.264,6.2,0.8,1
15.34,77.18,21.5,0.507,0.69,0.2,0
1.51,31.45,30.0,0.416,1.73,0.5,0
16.38,39.53,18.2,0.652,4.48,1.0,1
9.87,69.9,15.9,0.441,1.59,0.5,0
6.24,32.7,41.3,0.509,1.75,0.2,0
15.07,110.44,35.1,0.556,5.16,0.5,1
4.62,71.88,38.4,0.368,5.2,0.5,1
1.83,23.53,23.0,0.378,3.49,0.5,0
2.85,52.23,27.3,0.163,2.02,0.2,0
5.98,28.52,30.3,0.669,1.87,0.5,0
6.44,26.98,35.1,0.224,1.32,0.2,0
13.92,93.3,32.2,0.672,0.3,1.0,1
13.32,97.91,32.6,0.523,0.18,0.5,1
7.4,72.17,22.0,0.464,9.69,1.0,1
12.9,104.52,30.9,0.258,0.52,0.2,0
1.81,22.57,39.8,0.132,3.6,0.5,0
0.44,33.93,31.7,0.759,1.21,0.5,0
17.58,127.05,23.6,0.135,3.84,1.0,1
0.67,3.39,29.5,0.415,4.53,0.2,0
2.41,50.1,37.6,0.629,5.84,0.8,1
10.1,88.51,21.2,0.426,0.36,1.0,1
4.48,22.66,33.2,0.097,0.41,0.5,0
17.77,85.26,46.6,0.407,6.25,1.0,1
3.01,24.34,28.7,0.226,10.3,0.2,0
0.1,41.6,16.4,0.304,1.13,0.5,0
3.04,10.69,34.4,0.334,1.4,0.2,0
7.33,96.68,16.6,0.216,9.51,0.8,1
4.01,30.12,23.3,0.881,5.97,0.5,0
6.51,56.26,16.7,0.387,1.03,0.8,0
17.78,145.14,22.6,0.326,3.32,1.0,1
20.71,124.21,41.0,0.37,1.43,0.5,1
2.63,27.79,37.1,0.187,2.22,0.2,0
5.27,43.19,27.8,0.605,4.63,0.2,0
6.77,38.95,42.7,0.247,1.09,0.2,0
25.31,127.72,35.2,0.373,0.29,0.8,1
55.96,249.6,30.3,0.497,18.93,0.8,1
2.28,21.34,17.9,0.623,2.12,0.5,0
11.03,49.82,37.0,0.634,4.98,0.8,1
4.04,44.2,28.6,0.534,23.06,0.5,1
0.07,8.34,26.7,0.475,0.15,0.8,0
0.08,16.64,26.3,0.25,2.23,1.0,0
5.25,60.58,12.7,0.167,0.07,0.2,0
5.7,45.1,37.3,0.365,3.99,0.8,0
0.19,5.23,21.6,0.737,0.69,0.2,0
9.87,64.29,31.9,0.587,10.71,0.8,1
2.96,43.92,13.9,0.27,7.9,0.2,0
6.98,61.69,34.3,0.235,4.03,0.2,0
3.04,25.87,28.5,0.36,0.67,0.2,0
1.55,19.97,34.4,0.489,1.61,0.5,0
4.44,30.6,19.1,0.448,14.88,0.2,0
2.25,21.08,25.7,0.482,1.44,0.5,0
6.5,44.26,20.1,0.252,19.08,0.8,1
1.88,39.89,34.8,0.562,6.58,0.8,1
6.04,53.11,20.0,0.521,2.88,0.8,0
1.46,25.14,34.1,0.42,7.23,0.5,0
9.45,33.46,21.2,0.484,13.84,0.8,1
11.92,77.77,45.1,0.548,1.3,0.8,1
0.99,27.0,29.6,0.429,0.47,0.2,0
5.36,51.36,20.8,0.547,0.33,0.5,0
0.62,3.31,16.2,0.909,3.58,0.8,0
7.75,63.23,27.4,0.336,1.5,0.8,0
2.61,14.04,42.4,0.298,1.84,0.2,0
6.37,46.75,21.5,0.477,0.64,0.5,0
6.19,33.16,38.7,0.619,0.34,0.2,0
21.94,122.07,29.6,0.529,1.46,0.8,1
6.77,15.06,39.1,0.533,0.73,0.8,0
7.43,66.49,41.7,0.529,0.26,0.8,1
4.37,29.3,50.6,0.142,0.15,0.2,0
25.31,122.95,17.9,0.103,0.23,0.5,0
12.76,74.37,38.9,0.427,4.84,0.5,1
2.86,6.97,18.0,0.241,3.59,0.2,0
15.8,60.58,27.1,0.434,4.48,0.2,0
4.81,30.71,34.8,0.11,6.44,0.8,0
15.0,81.17,30.3,0.604,3.69,0.5,1
14.71,55.04,32.9,0.477,2.48,0.5,1
1.78,17.31,46.7,0.459,6.46,0.5,0
10.27,44.94,39.7,0.406,3.74,0.5,0
2.92,28.66,28.3,0.339,4.58,0.2,0
3.0,19.78,33.7,0.477,2.16,0.5,0
2.99,51.61,16.7,0.498,2.27,0.5,0
10.99,62.57,30.5,0.277,2.25,0.2,0
2.22,38.31,33.9,0.186,1.28,0.2,0
0.01,16.3,36.5,0.602,3.66,0.5,0
10.68,65.27,42.9,0.378,2.2,0.2,1
1.6,15.08,26.2,0.62,0.18,0.2,0
0.94,5.2,42.9,0.071,4.57,0.5,0
2.3,30.98,35.1,0.357,2.66,0.5,0
4.06,45.9,18.5,0.435,0.8,0.5,0
5.49,10.41,28.7,0.343,0.22,0.2,0
0.39,14.47,31.0,0.316,0.81,0.5,0
29.97,180.37,28.0,0.316,2.72,0.5,1
10.7,71.82,20.4,0.35,0.26,0.5,0
3.32,59.11,32.6,0.41,3.64,1.0,1
3.26,27.8,21.0,0.423,1.21,1.0,0
5.06,43.0,43.6,0.318,12.73,1.0,1
8.37,73.84,41.4,0.078,5.92,0.5,1
1.35,36.83,31.0,0.468,0.45,0.8,0
1.78,23.04,17.9,0.178,4.75,1.0,0
16.68,73.71,32.6,0.282,6.77,1.0,1
2.52,45.53,33.5,0.375,7.68,0.8,0
4.07,69.16,42.3,0.247,3.01,0.8,1
17.43,72.43,17.9,0.151,7.54,0.8,0
9.25,88.35,35.9,0.359,5.48,1.0,1
3.55,26.99,32.8,0.159,3.17,1.0,0
9.78,62.41,22.7,0.325,2.08,0.5,0
0.17,24.76,20.6,0.696,0.01,0.5,0
11.31,47.49,36.0,0.532,3.62,0.5,1
5.67,39.39,27.7,0.251,1.07,0.2,0
14.26,50.58,51.8,0.487,0.98,1.0,1
26.29,125.06,42.6,0.389,0.58,0.5,1
22.11,158.77,32.9,0.44,4.37,0.5,1
20.4,69.69,34.7,0.565,4.32,0.8,1
6.1,34.7,22.1,0.488,2.05,0.2,0
3.8,36.46,42.6,0.368,2.4,1.0,1
5.32,58.26,30.6,0.452,5.43,0.2,0
9.95,65.95,31.9,0.18,0.63,0.2,0
18.31,89.35,41.7,0.441,0.99,0.8,1
1.97,20.17,12.4,0.317,10.85,0.5,0
21.28,138.52,31.4,0.138,24.93,0.5,1
14.35,50.05,34.3,0.571,2.73,0.5,1
32.78,192.57,22.1,0.307,2.36,0.5,1
18.04,50.62,17.9,0.055,0.33,0.2,0
2.79,28.62,32.2,0.226,4.23,0.2,0
0.95,34.36,32.5,0.473,2.4,0.5,0
1.01,0.61,27.5,0.184,2.94,0.2,0
2.93,45.66,42.1,0.719,10.21,0.2,1
8.1,60.35,26.7,0.532,9.62,1.0,1
13.87,107.94,31.8,0.294,9.48,0.5,1
19.51,97.0,23.1,0.489,0.39,1.0,1
8.31,33.01,13.2,0.668,1.84,0.5,0
0.05,19.73,29.8,0.659,4.14,0.5,0
1.75,35.91,32.1,0.543,0.56,0.2,0
0.89,34.28,37.9,0.366,10.71,0.2,0
3.84,21.11,30.4,0.294,3.26,0.5,0
5.91,26.81,26.0,0.218,3.45,0.8,0
0.38,16.64,33.8,0.404,0.52,0.2,0
3.64,46.67,28.8,0.335,0.07,1.0,0
1.68,33.77,24.7,0.425,3.92,0.2,0
8.85,86.48,43.3,0.488,0.92,0.8,1
5.31,36.12,32.3,0.37,6.5,0.5,0
5.81,26.16,23.6,0.402,0.19,0.2,0
4.74,52.79,35.4,0.746,0.72,0.5,1
26.55,152.05,39.1,0.388,5.75,0.2,1
2.05,33.52,37.8,0.644,0.06,0.5,0
6.18,50.69,33.7,0.724,1.05,0.5,1
11.32,69.87,31.9,0.24,4.91,0.5,0
6.92,56.3,38.3,0.109,4.52,0.5,0
22.49,106.25,36.3,0.556,0.87,0.5,1
4.04,41.01,33.0,0.674,5.96,0.8,1
5.3,41.54,35.0,0.734,2.07,1.0,1
0.79,20.45,22.5,0.311,4.58,0.5,0
7.98,56.2,14.3,0.762,2.37,0.5,0
2.89,22.57,44.4,0.481,0.04,1.0,0
1.49,39.79,44.6,0.637,0.02,0.2,0
6.68,58.84,38.7,0.604,17.17,0.5,1
6.46,58.36,28.5,0.297,0.86,0.2,0
0.67,45.24,21.8,0.548,7.4,0.8,0
10.18,58.35,28.2,0.328,0.98,0.2,0
8.31,60.46,36.8,0.379,2.29,0.2,0
1.78,23.46,27.6,0.522,15.77,0.8,1
5.39,32.75,38.9,0.263,0.55,0.8,0
10.83,78.81,35.4,0.744,3.07,1.0,1
6.41,57.02,34.4,0.349,1.7,0.5,0
4.28,30.2,44.3,0.341,3.21,0.5,0
3.31,27.69,42.5,0.603,2.83,0.8,1
8.01,69.96,36.4,0.344,0.53,0.5,0
23.79,74.71,23.6,0.169,3.19,0.5,0
9.47,70.57,44.8,0.13,1.71,0.2,0
0.66,14.92,24.5,0.607,1.13,0.8,0
5.25,21.1,28.6,0.282,0.57,1.0,0
18.83,108.15,39.9,0.792,4.18,0.5,1
0.84,39.52,23.9,0.5,4.82,0.2,0
38.24,116.72,34.6,0.603,6.46,0.2,1
25.31,122.57,30.6,0.331,6.47,0.2,1
0.69,23.93,34.2,0.494,20.26,0.5,1
23.03,135.4,46.1,0.33,1.05,0.8,1
3.84,0.0,39.3,0.704,3.17,1.0,1
15.83,87.77,26.5,0.661,3.22,0.8,1
4.61,51.44,17.3,0.184,2.92,0.5,0
4.94,63.5,46.7,0.489,1.66,0.8,1
8.55,86.96,33.3,0.704,0.75,0.2,1
12.66,102.99,22.6,0.394,3.26,0.8,1
0.29,35.74,34.3,0.601,0.61,0.8,0
7.64,45.18,16.2,0.054,0.05,0.5,0
1.76,53.79,23.2,0.524,4.11,0.8,0
3.61,56.95,34.4,0.217,2.2,0.8,0
3.64,32.02,29.3,0.168,12.33,1.0,0
5.38,45.63,27.3,0.524,1.59,0.5,0
3.46,40.64,35.0,0.598,18.13,0.8,1
0.97,44.49,41.4,0.777,0.03,0.8,1
1.34,21.72,35.6,0.544,0.23,0.8,0
0.29,9.97,30.7,0.685,4.14,0.2,0
5.4,28.92,35.1,0.321,3.83,0.5,0
26.26,181.95,36.0,0.772,2.97,0.2,1
1.04,0.0,38.3,0.112,0.81,0.2,0
24.85,43.4,26.8,0.568,0.38,0.5,0
11.24,71.29,20.3,0.341,0.23,0.2,0
8.63,70.41,35.7,0.724,5.66,0.2,1
8.81,67.06,20.6,0.617,8.05,0.5,1
14.9,86.97,30.7,0.265,6.53,0.5,1
0.96,0.11,24.6,0.223,0.62,0.2,0
5.97,45.82,27.5,0.675,5.75,0.2,0
10.15,65.38,30.9,0.502,14.98,0.8,1
7.51,36.58,42.7,0.144,3.62,0.8,0
15.2,111.86,35.6,0.302,1.84,0.2,1
0.64,7.95,22.6,0.5,0.37,0.8,0
9.97,65.3,41.9,0.37,1.37,0.2,0
6.49,58.91,31.5,0.251,3.35,0.8,0
4.05,35.73,23.7,0.16,2.06,0.8,0
3.54,27.34,32.1,0.269,2.73,0.5,0
8.24,45.61,23.3,0.634,4.37,0.5,0
18.84,91.85,28.4,0.601,2.15,0.5,1
5.83,59.11,39.2,0.607,0.82,0.2,0
14.8,78.07,35.1,0.365,0.31,1.0,1
4.37,48.67,31.0,0.645,2.06,0.2,0
0.92,15.64,24.5,0.215,8.07,1.0,0
0.54,19.71,26.1,0.345,4.32,1.0,0
0.45,46.29,47.7,0.605,1.02,0.2,0
4.07,17.46,27.8,0.302,2.64,0.5,0
3.5,60.02,34.0,0.551,0.93,0.8,1
10.76,55.53,31.5,0.426,0.56,0.8,0
11.54,81.16,14.6,0.129,5.74,0.2,0
0.44,36.54,45.2,0.37,2.12,0.5,0
2.12,0.0,19.0,0.268,0.22,0.2,0
2.72,53.38,35.1,0.311,6.47,1.0,1
6.74,75.28,39.4,0.638,10.46,1.0,1
1.33,40.37,37.5,0.323,1.6,0.8,0
1.22,0.0,39.3,0.153,2.6,0.8,0
24.47,116.74,37.2,0.498,5.4,0.5,1
13.86,84.01,30.3,0.06,0.14,0.2,0
1.69,50.14,42.7,0.437,9.45,0.2,1
4.44,19.13,43.4,0.663,23.85,0.5,1
3.74,45.2,30.1,0.66,2.67,0.2,0
13.31,98.93,31.2,0.448,2.9,0.5,1
6.07,41.08,31.2,0.443,2.78,0.8,0
1.16,1.24,26.1,0.313,6.61,1.0,0
11.42,65.99,20.3,0.445,2.83,0.5,0
4.3,48.64,25.6,0.249,4.04,0.5,0
2.59,26.05,40.6,0.057,3.99,0.2,0
4.0,23.4,32.4,0.29,2.88,0.8,0
5.85,58.37,40.8,0.353,9.88,0.5,1
3.57,19.24,37.4,0.281,7.28,1.0,0
2.35,32.67,27.9,0.072,0.28,0.8,0
4.32,58.68,23.1,0.504,2.0,0.5,0
0.16,0.0,32.9,0.352,3.35,0.5,0
12.59,81.13,44.7,0.722,5.84,0.8,1
1.59,21.78,40.4,0.756,1.69,0.8,1
0.38,18.78,37.9,0.456,3.63,0.5,0
9.01,67.77,37.9,0.377,2.18,0.2,0
12.64,41.34,32.1,0.43,0.5,0.8,0
14.29,69.49,22.5,0.33,20.11,0.5,1
5.78,15.69,26.2,0.432,4.32,0.5,0
1.95,43.43,33.2,0.436,1.33,0.8,0
11.36,69.62,27.1,0.446,4.06,0.8,1
10.23,79.61,38.5,0.283,1.22,0.5,1
2.4,24.02,28.6,0.206,4.83,0.2,0
19.87,76.02,20.3,0.274,1.02,0.2,0
0.94,33.86,38.5,0.508,13.25,1.0,1
34.48,157.84,36.1,0.243,2.99,0.5,1
16.73,99.28,25.3,0.144,6.21,0.2,0
9.9,69.49,48.0,0.446,4.66,1.0,1
23.74,71.74,29.3,0.356,7.7,0.2,1
10.89,87.65,35.6,0.627,6.86,0.8,1
1.8,48.2,43.3,0.076,0.24,0.8,0
4.96,50.23,22.0,0.208,1.33,0.5,0
0.63,17.93,41.9,0.766,3.1,0.8,1
4.2,43.76,36.2,0.55,6.8,0.2,0
11.5,79.34,22.4,0.623,7.94,0.5,1
4.15,62.74,35.2,0.078,1.94,0.5,0
3.41,63.69,41.7,0.112,5.28,0.2,0
7.69,47.0,39.0,0.712,3.91,0.8,1
17.49,100.49,37.8,0.178,9.45,0.2,1
0.41,23.78,22.2,0.184,7.66,0.5,0
4.14,42.23,23.3,0.358,1.08,0.8,0
1.46,26.22,32.5,0.468,1.6,0.8,0
10.1,47.58,33.2,0.049,1.22,0.5,0
0.95,42.24,45.1,0.225,2.77,1.0,0
9.29,53.63,30.8,0.645,0.27,0.5,0
2.87,17.56,26.7,0.329,1.7,1.0,0
1.89,14.41,23.3,0.166,9.82,0.2,0
23.41,100.27,17.1,0.459,5.52,0.5,1
0.16,65.92,18.0,0.385,1.53,1.0,0
4.89,22.02,33.1,0.303,2.21,0.5,0
0.19,16.37,22.8,0.369,4.72,0.8,0
5.62,81.86,40.8,0.164,10.24,1.0,1
5.91,27.66,33.6,0.412,5.62,1.0,0
3.3,35.47,41.3,0.539,14.84,0.2,1
1.2,51.77,29.9,0.66,18.56,0.8,1
4.01,18.4,33.6,0.51,0.81,1.0,0
9.48,64.54,32.0,0.345,0.1,0.2,0
12.96,55.25,48.7,0.281,6.91,0.5,1
6.43,35.12,38.9,0.17,8.48,0.8,0
7.58,79.34,33.6,0.331,2.3,0.5,0
1.9,20.59,33.8,0.513,0.25,0.5,0
2.88,16.25,25.2,0.245,0.71,1.0,0
1.5,21.78,37.1,0.272,0.47,0.8,0
2.44,45.72,48.2,0.281,0.74,0.8,0
2.17,33.66,20.9,0.261,0.32,0.8,0
6.23,44.55,34.5,0.531,0.47,0.8,0
7.03,46.8,31.9,0.368,4.66,0.8,0
24.65,102.13,40.8,0.394,0.13,0.2,1
1.85,29.47,10.2,0.315,7.58,0.2,0
8.72,64.73,21.2,0.156,6.81,0.5,0
14.45,100.87,15.9,0.194,3.66,0.2,0
6.98,43.71,22.3,0.709,9.47,0.2,0
2.5,56.09,36.3,0.347,0.36,1.0,0
2.59,17.88,21.4,0.482,1.12,0.5,0
0.34,9.42,34.2,0.352,2.49,0.8,0
3.1,19.48,41.5,0.343,0.56,1.0,0
11.6,54.2,15.7,0.348,3.74,0.5,0
0.41,21.77,15.0,0.356,6.81,1.0,0
2.1,12.42,49.1,0.844,7.19,0.8,1
10.41,78.09,35.4,0.606,1.36,0.5,1
12.97,103.67,21.4,0.394,0.62,0.2,0
5.16,25.5,26.8,0.615,5.72,0.8,0
10.18,50.27,48.5,0.163,1.66,1.0,1
4.17,50.81,24.5,0.227,4.03,0.5,0
1.48,12.15,37.6,0.293,0.31,1.0,0
4.32,40.36,24.9,0.371,2.55,0.2,0
7.37,72.39,29.2,0.821,1.35,1.0,1
25.14,128.37,42.0,0.372,4.31,1.0,1
0.61,28.2,15.1,0.471,3.59,0.5,0
6.02,35.61,26.8,0.254,2.3,0.2,0
3.39,32.41,31.2,0.415,10.25,1.0,1
6.03,58.51,34.3,0.35,2.99,1.0,1
0.21,38.13,15.1,0.282,0.05,1.0,0
3.19,15.83,29.5,0.347,2.83,0.5,0
14.57,103.78,27.8,0.359,0.24,0.5,1
6.86,28.63,15.0,0.675,12.33,0.5,0
5.09,24.29,28.1,0.218,5.14,0.5,0
2.86,29.2,44.4,0.274,0.03,0.5,0
3.01,49.03,25.9,0.458,2.54,0.2,0
4.11,37.37,33.3,0.479,10.9,0.2,0
15.34,103.66,26.6,0.06,6.08,1.0,1
29.05,134.97,19.9,0.183,1.21,0.8,1
4.91,53.33,26.4,0.469,4.29,0.2,0
4.25,30.37,30.9,0.226,5.55,0.8,0
15.93,107.21,26.5,0.544,3.98,0.2,1
4.73,26.79,34.2,0.075,8.61,0.2,0
6.83,65.83,45.5,0.3,1.01,0.2,0
2.23,41.58,18.0,0.087,5.22,0.8,0
11.57,86.33,36.6,0.263,3.52,0.5,1
6.45,68.5,11.1,0.699,12.85,0.5,1
14.07,63.17,11.0,0.485,4.38,0.8,0
12.9,70.35,21.1,0.603,2.16,0.5,0
2.06,0.0,31.1,0.617,0.47,0.5,0
10.69,83.71,16.7,0.49,3.85,0.2,0
13.68,97.87,36.7,0.624,12.07,0.2,1
3.61,25.95,15.2,0.175,1.53,0.5,0
1.61,13.26,31.4,0.717,4.07,0.5,0
0.02,39.37,35.5,0.638,5.86,0.2,0
5.1,26.41,24.8,0.606,7.91,0.2,0
3.69,30.01,33.2,0.408,5.51,0.8,0
6.88,51.3,25.6,0.226,2.04,0.5,0
1.77,16.08,24.1,0.433,0.03,0.8,0
16.69,125.9,39.6,0.488,3.38,0.5,1
2.53,17.21,27.5,0.893,3.06,0.8,0
2.18,36.22,39.5,0.432,2.09,1.0,0
5.57,54.99,24.2,0.443,3.81,0.2,0
5.87,63.8,28.1,0.198,0.16,0.5,0
2.06,45.19,19.7,0.308,9.11,0.5,0
2.7,28.05,31.4,0.189,1.38,0.2,0
1.58,10.42,28.8,0.646,0.49,0.5,0
10.77,67.92,12.3,0.341,0.83,1.0,0
12.5,44.34,30.7,0.28,3.46,1.0,0
5.27,33.15,18.3,0.676,5.72,0.2,0
10.64,45.52,40.3,0.278,0.65,1.0,1
11.32,75.95,31.4,0.352,4.35,0.8,1
1.26,16.2,35.9,0.523,0.62,0.2,0
28.79,182.07,39.7,0.174,4.8,0.8,1
14.62,73.18,16.9,0.475,4.45,0.2,0
1.94,33.4,27.7,0.657,7.48,0.5,0
1.75,34.87,14.8,0.024,4.18,0.5,0
1.14,19.38,16.8,0.777,0.26,0.5,0
1.27,14.28,15.9,0.519,7.05,0.8,0
11.72,23.86,31.0,0.35,4.03,0.2,0
5.39,42.42,30.4,0.646,0.9,0.5,0
12.98,90.86,17.5,0.348,10.67,0.5,1
11.66,48.34,25.6,0.483,8.03,0.8,1
7.89,60.14,25.0,0.587,2.1,0.5,0
9.86,67.91,26.6,0.504,3.4,0.2,0
0.16,37.1,34.6,0.463,4.21,0.2,0
3.18,11.1,36.0,0.366,7.07,0.8,0
8.63,61.39,27.7,0.21,1.67,0.2,0
0.08,34.73,38.7,0.603,4.31,0.8,1
0.29,45.27,29.6,0.168,4.71,0.8,0
16.23,99.46,32.0,0.431,1.75,1.0,1
9.79,92.22,21.6,0.748,2.1,0.5,1
2.62,8.08,24.7,0.323,2.09,0.5,0
9.9,87.38,36.9,0.612,1.98,1.0,1
13.37,72.67,47.6,0.086,2.95,0.8,1
3.11,59.36,36.2,0.664,0.18,0.2,0
0.31,14.36,17.1,0.4,22.1,0.8,0
22.95,83.0,21.5,0.494,1.39,1.0,1
3.6,34.17,30.3,0.272,2.96,1.0,0
0.96,0.99,37.0,0.642,1.28,0.8,0
5.75,18.38,22.4,0.561,10.45,0.5,0
12.44,97.0,37.5,0.599,13.99,0.5,1
2.13,46.82,32.7,0.385,14.83,1.0,1
2.67,40.02,38.2,0.661,2.17,0.2,0
2.36,10.87,32.7,0.483,3.53,0.5,0
40.7,202.34,33.7,0.589,6.55,0.2,1
1.87,13.22,25.2,0.328,0.63,0.8,0
7.28,68.55,36.7,0.193,1.83,0.5,0
22.05,142.2,40.6,0.117,1.39,0.8,1
1.35,30.2,41.6,0.773,2.54,0.5,1
30.05,173.06,15.2,0.631,6.07,0.8,1
25.05,135.35,34.2,0.498,3.76,0.5,1
18.35,103.73,49.0,0.256,0.47,1.0,1
2.05,30.35,33.4,0.331,0.86,0.2,0
8.54,26.54,22.6,0.391,0.54,0.8,0
12.16,45.79,41.9,0.54,0.93,0.2,0
36.3,148.95,25.6,0.539,0.12,0.2,1
1.69,22.5,16.4,0.33,8.14,0.5,0
12.35,57.56,29.9,0.351,7.07,0.5,0
3.52,16.62,19.6,0.692,3.08,0.5,0
1.64,8.9,20.3,0.254,5.58,0.5,0
4.65,63.48,30.7,0.145,25.0,0.8,1
13.42,30.7,34.0,0.714,3.31,0.8,1
5.31,43.59,43.1,0.356,3.62,0.5,0
6.55,41.85,36.3,0.661,7.58,0.8,1
45.31,165.67,40.5,0.521,2.87,0.8,1
4.33,68.4,29.5,0.318,0.2,0.5,0
8.12,38.63,27.2,0.451,1.61,0.2,0
3.86,44.62,33.5,0.44,4.81,0.5,0
4.24,45.23,36.0,0.276,4.63,0.2,0
10.11,57.24,33.0,0.365,19.52,0.2,1
23.62,83.25,25.6,0.166,5.14,0.2,0
6.64,54.17,28.5,0.334,0.28,0.5,0
12.43,61.78,30.4,0.396,11.77,0.8,1
0.79,5.52,13.6,0.561,0.12,0.2,0
2.02,29.45,42.0,0.414,3.93,0.2,0
5.93,55.06,31.7,0.647,1.12,0.5,0
0.17,0.0,37.5,0.118,1.07,1.0,0
2.48,26.46,22.6,0.39,3.19,0.8,0
6.19,20.57,32.7,0.613,0.11,0.8,0
0.13,29.85,44.1,0.31,1.25,0.2,0
2.61,4.91,24.1,0.229,1.01,1.0,0
6.13,71.96,27.9,0.251,1.97,0.5,0
7.24,54.39,28.9,0.345,0.17,0.5,0
22.1,117.72,28.8,0.303,1.49,0.5,1
8.81,40.88,33.7,0.37,0.75,0.8,0
4.55,49.68,29.1,0.377,0.88,0.8,0
22.65,98.93,35.5,0.312,6.73,0.5,1
13.06,60.2,31.2,0.484,19.43,0.2,1
1.9,4.34,22.1,0.462,2.19,0.2,0
1.19,5.52,45.4,0.54,0.38,0.5,0
9.57,68.89,24.9,0.636,5.69,1.0,1
6.98,66.01,32.8,0.787,6.83,0.2,1
13.25,78.06,17.5,0.421,1.32,0.8,0
11.41,90.6,43.7,0.51,2.29,0.5,1
8.34,67.68,44.2,0.706,1.66,0.8,1
36.52,152.39,28.4,0.552,13.68,0.8,1
6.48,56.8,20.6,0.576,7.1,1.0,1
1.02,38.47,38.1,0.578,1.21,0.5,0
14.98,96.66,25.6,0.441,4.2,0.5,1
2.47,45.54,36.1,0.512,3.7,0.2,0
12.77,101.24,43.6,0.086,2.5,0.2,1
26.77,138.29,33.4,0.359,4.78,1.0,1
10.14,79.75,41.2,0.392,6.7,0.5,1
7.7,58.12,24.4,0.318,11.1,0.8,1
5.24,44.37,43.3,0.196,2.41,0.2,0
3.85,18.54,24.5,0.258,4.01,0.5,0
3.7,36.0,24.4,0.646,5.09,1.0,0
8.6,45.57,42.0,0.322,2.7,0.2,0
11.83,71.94,32.7,0.837,6.63,0.2,1
9.65,65.02,39.0,0.186,0.07,0.8,0
1.88,43.09,39.1,0.57,4.54,0.2,0
5.79,53.05,34.8,0.39,0.74,0.8,0
13.33,72.35,23.2,0.55,1.94,0.2,0
5.49,30.32,35.9,0.658,6.61,0.5,1
6.54,57.82,17.7,0.207,6.21,0.5,0
12.53,118.97,23.6,0.35,2.32,0.2,0
9.2,71.58,34.7,0.193,0.12,0.8,0
4.48,32.1,43.2,0.505,1.8,1.0,1
19.19,143.15,38.2,0.4,1.59,0.5,1
1.51,37.19,27.5,0.304,0.85,0.2,0
45.96,185.51,39.8,0.459,0.53,0.2,1
1.08,44.02,46.7,0.522,1.45,0.8,1
0.13,26.25,27.5,0.418,2.01,0.8,0
18.76,116.5,23.1,0.397,4.94,0.8,1
2.39,36.54,23.5,0.417,3.19,0.2,0
11.12,100.78,29.2,0.302,3.15,0.2,0
14.16,115.7,17.0,0.073,7.15,0.8,1
16.65,91.3,31.2,0.264,8.81,0.5,1
40.62,217.76,37.0,0.469,1.94,0.5,1
2.96,64.86,32.1,0.285,7.04,0.5,0
10.53,66.49,47.0,0.313,6.53,0.8,1
1.04,12.36,30.7,0.515,0.97,0.8,0
4.44,37.01,13.5,0.153,0.19,0.5,0
16.01,93.48,30.8,0.494,9.69,0.8,1
3.9,69.54,44.3,0.549,15.97,0.5,1
7.6,79.33,19.4,0.379,3.46,0.2,0
5.96,68.28,24.4,0.506,1.59,1.0,0
8.83,54.87,36.5,0.387,4.11,0.5,0
30.67,220.46,26.5,0.283,0.2,0.8,1
0.49,2.2,38.0,0.337,5.3,0.2,0
7.25,33.33,29.7,0.77,0.88,0.2,0
16.9,95.45,38.9,0.274,0.38,0.8,1
5.58,64.88,32.6,0.22,8.77,0.8,1
0.7,8.63,18.7,0.326,3.1,0.8,0
6.99,54.93,28.9,0.381,2.56,0.5,0
3.43,53.99,27.5,0.621,3.65,1.0,1
1.43,40.26,39.4,0.472,20.01,0.2,1
16.07,118.66,34.2,0.635,0.81,0.8,1
6.27,38.38,38.3,0.226,0.9,0.5,0
23.01,115.93,28.5,0.38,4.66,1.0,1
13.94,51.36,35.9,0.247,6.65,0.2,0
10.04,53.08,17.8,0.411,10.49,0.2,0
0.04,3.56,15.8,0.594,6.11,0.5,0
4.75,11.28,26.3,0.417,2.82,0.5,0
1.87,59.42,38.2,0.802,4.76,0.8,1
20.54,111.11,32.2,0.453,2.9,0.2,1
1.63,63.01,29.4,0.393,4.05,0.5,0
2.86,19.28,42.7,0.718,0.31,0.8,1
6.18,35.33,31.4,0.44,3.94,0.5,0
2.6,19.21,34.0,0.481,1.46,0.5,0
2.0,18.23,48.5,0.508,2.94,0.2,0
7.77,77.87,32.0,0.762,0.55,0.2,1
0.79,30.59,38.5,0.267,3.03,0.8,0
0.51,35.62,29.6,0.506,4.16,0.2,0
3.96,61.82,15.8,0.5,0.85,1.0,0
10.84,100.11,40.2,0.449,0.39,0.8,1
6.88,26.35,45.2,0.346,1.8,0.8,0
4.67,32.51,30.0,0.452,2.3,0.5,0
7.09,40.63,31.6,0.734,3.87,0.2,0
3.87,92.34,29.8,0.366,0.74,1.0,1
23.38,100.32,50.4,0.204,2.41,1.0,1
0.48,24.21,43.0,0.32,9.43,1.0,1
9.51,57.67,16.2,0.296,2.04,0.5,0
18.86,91.99,38.4,0.34,0.72,0.5,1
13.85,83.81,33.7,0.36,7.0,0.5,1
1.73,44.52,14.8,0.776,2.09,0.2,0
2.98,33.86,30.3,0.269,3.78,0.8,0
10.73,46.29,21.8,0.417,8.1,0.8,0
0.75,21.33,41.7,0.643,3.7,1.0,1
14.2,57.08,13.4,0.41,7.05,0.5,0
10.79,55.17,41.7,0.186,4.0,0.2,0
11.12,66.1,45.0,0.381,6.4,0.5,1
0.9,3.27,18.2,0.532,2.32,0.2,0
10.75,29.87,36.7,0.553,14.86,0.5,1
9.68,52.93,32.5,0.491,2.97,0.8,1
15.11,106.01,45.8,0.8,4.36,0.5,1
0.36,44.46,39.0,0.611,0.81,0.8,1
0.2,0.0,36.0,0.745,2.02,0.8,0
3.97,57.84,44.1,0.639,2.38,0.5,1
1.37,8.35,22.2,0.401,6.65,0.2,0
6.95,52.85,28.6,0.374,5.65,0.5,0
21.19,130.48,40.5,0.4,2.97,0.8,1
4.22,50.55,19.7,0.448,6.21,1.0,0
15.84,53.25,44.6,0.37,6.33,0.5,1
0.0,0.0,37.4,0.487,4.1,0.5,0
1.57,12.3,30.1,0.469,10.86,0.2,0
0.26,27.9,27.7,0.436,7.38,0.2,0
3.38,60.56,21.7,0.761,0.93,0.2,0
20.3,79.75,19.3,0.47,1.61,1.0,1
0.87,21.54,29.8,0.091,0.51,0.2,0
7.93,40.05,40.5,0.72,2.1,0.5,1
5.1,45.26,32.2,0.316,1.58,0.2,0
23.7,122.5,30.4,0.156,5.83,0.2,1
1.11,45.96,27.2,0.424,6.2,0.5,0
2.03,30.29,22.0,0.306,2.32,0.2,0
0.25,34.71,49.1,0.31,2.71,1.0,1
4.84,45.21,14.9,0.354,7.91,0.2,0
2.77,32.67,27.0,0.353,2.87,0.8,0
17.34,80.71,38.1,0.247,10.2,0.8,1
7.89,55.96,31.9,0.738,6.86,0.5,1
8.09,47.02,27.0,0.294,2.29,0.2,0
6.45,25.23,49.5,0.314,10.39,0.2,1
0.82,16.03,34.1,0.242,5.83,1.0,0
5.0,30.15,26.5,0.371,11.98,0.8,0
64.7,274.99,40.7,0.131,0.89,0.2,1
15.33,113.4,21.8,0.756,4.46,0.8,1
19.03,130.57,30.7,0.238,9.64,0.2,1
14.73,70.58,40.4,0.421,0.01,0.5,1
0.92,30.17,48.3,0.111,0.39,1.0,0
2.19,25.83,28.8,0.452,0.49,0.5,0
0.03,41.04,21.3,0.516,1.98,0.5,0
3.07,32.6,32.9,0.311,7.9,0.2,0
0.98,23.84,45.1,0.161,2.48,0.5,0
5.44,30.93,35.2,0.433,0.32,1.0,0
9.61,47.09,33.7,0.421,0.94,0.5,0
17.64,98.2,26.9,0.824,1.63,0.5,1
11.76,61.37,33.8,0.108,8.09,0.8,1
23.72,105.82,42.2,0.102,0.85,0.2,1
0.47,12.54,28.6,0.509,4.62,0.5,0
0.1,18.34,25.0,0.274,7.19,0.2,0
9.2,70.03,31.1,0.383,2.73,0.2,0
2.9,49.19,28.6,0.184,3.63,0.5,0
2.49,12.16,30.8,0.178,2.95,0.2,0
3.42,29.67,19.4,0.317,5.45,0.2,0
2.67,15.03,27.6,0.112,2.81,0.8,0
6.09,52.51,39.9,0.702,10.87,0.8,1
4.93,60.5,29.2,0.319,7.61,1.0,1
6.11,41.94,46.8,0.723,5.27,0.2,1
9.49,64.85,36.4,0.494,1.54,0.5,1
4.16,37.49,28.4,0.716,3.51,1.0,1
2.46,69.28,25.2,0.548,0.52,0.5,0
1.54,45.11,35.7,0.826,1.92,0.5,1
3.65,50.07,26.7,0.503,2.96,0.2,0
11.51,75.44,44.2,0.672,1.62,0.8,1
12.01,60.74,20.4,0.642,0.36,0.5,0
9.34,41.36,15.2,0.473,1.42,0.5,0
2.27,16.83,24.3,0.144,9.72,0.8,0
7.54,31.81,33.8,0.5,3.57,0.5,0
7.19,38.54,40.2,0.456,0.83,1.0,1
5.63,32.29,22.5,0.677,6.04,0.5,0
6.79,44.62,33.3,0.433,8.98,1.0,1
5.75,51.82,21.5,0.359,3.11,0.5,0
7.08,49.58,32.8,0.58,2.15,0.5,0
10.68,76.54,14.1,0.663,1.7,0.2,0
0.99,20.58,32.7,0.359,0.68,1.0,0
11.77,72.24,32.0,0.691,0.22,1.0,1
1.24,13.71,16.3,0.803,0.93,0.2,0
0.59,32.58,35.8,0.182,2.51,0.2,0
31.73,102.72,33.0,0.527,0.2,0.5,1
26.74,161.83,34.2,0.402,14.71,0.2,1
0.53,18.51,32.1,0.403,4.51,0.5,0
4.98,42.54,36.7,0.206,1.6,0.2,0
1.75,35.24,32.0,0.206,2.12,0.8,0
5.65,54.81,43.9,0.317,17.02,0.2,1
15.07,74.23,45.1,0.507,1.66,1.0,1
25.57,199.38,36.8,0.134,0.63,0.2,1
8.55,66.49,43.4,0.291,2.17,0.5,1
3.71,28.59,44.0,0.613,0.84,0.8,1
7.86,46.59,25.6,0.544,3.37,0.5,0
3.18,35.62,49.7,0.12,1.82,0.5,0
20.45,148.69,25.7,0.144,1.17,0.5,1
17.37,85.22,14.1,0.561,1.32,0.2,0
6.94,28.47,46.4,0.606,12.44,0.5,1
3.34,32.75,24.4,0.5,1.8,0.8,0
2.95,22.81,33.3,0.219,10.57,1.0,0
0.29,15.17,47.0,0.367,3.05,0.2,0
14.38,127.98,16.8,0.179,3.14,0.2,0
5.09,33.18,25.8,0.58,0.33,0.8,0
3.34,37.36,33.9,0.307,14.38,0.5,1
5.41,25.14,37.9,0.132,2.83,0.2,0
14.52,71.53,39.3,0.5,7.25,0.2,1
1.13,36.82,42.1,0.33,4.43,1.0,1
16.57,106.93,22.5,0.433,2.54,0.5,1
19.36,129.86,28.5,0.497,4.46,0.5,1
24.92,80.1,36.5,0.54,0.44,0.8,1
4.31,38.26,36.5,0.317,0.23,0.8,0
2.08,0.0,26.9,0.564,1.67,0.5,0
3.98,46.1,26.8,0.522,0.81,0.2,0
3.44,23.77,27.2,0.43,8.23,0.5,0
1.65,39.02,42.5,0.8,1.36,0.2,0
7.94,22.36,43.3,0.306,4.12,0.5,0
5.5,30.73,13.7,0.576,9.2,0.5,0
17.07,76.61,27.3,0.087,0.24,0.5,0
0.28,10.06,29.0,0.618,4.69,0.5,0
8.78,39.57,48.2,0.097,0.04,0.8,0
12.24,85.03,45.2,0.437,7.44,0.2,1
12.11,76.81,34.3,0.176,15.9,0.5,1
18.46,58.9,16.5,0.878,1.0,0.2,0
11.1,82.04,23.3,0.436,0.67,0.8,0
22.34,124.78,30.0,0.318,2.63,0.2,1
3.44,41.92,46.1,0.197,11.49,1.0,1
5.95,26.37,19.4,0.405,1.35,1.0,0
0.12,0.0,38.8,0.483,1.45,0.8,0
0.06,6.67,23.3,0.662,3.68,0.2,0
2.33,18.75,31.7,0.319,4.77,0.2,0
0.9,13.75,38.0,0.667,2.97,0.5,0
2.56,22.62,35.9,0.372,0.96,0.5,0
1.66,29.97,38.3,0.234,8.85,0.8,0
0.25,34.54,39.5,0.392,2.81,0.2,0
20.4,93.55,26.8,0.462,11.12,0.5,1
0.07,32.81,28.3,0.541,2.46,0.8,0
11.32,37.13,39.6,0.632,0.56,0.5,1
1.4,26.22,16.0,0.528,1.74,0.5,0
20.68,166.21,31.8,0.421,2.98,0.8,1
18.98,50.67,43.8,0.1,0.82,0.5,0
9.02,80.52,42.2,0.696,1.98,0.8,1
9.48,28.96,39.2,0.417,0.43,0.8,0
0.05,24.63,14.5,0.414,8.47,1.0,0
35.63,139.84,42.3,0.379,12.0,0.8,1
17.87,75.63,43.4,0.603,2.31,0.2,1
19.17,123.95,35.2,0.372,8.56,0.8,1
9.15,63.06,26.6,0.758,0.74,0.2,0
3.59,5.73,31.3,0.428,0.27,0.8,0
19.05,88.29,37.9,0.319,1.51,0.5,1
2.93,24.86,39.5,0.35,1.04,0.5,0
7.03,69.73,27.8,0.243,1.02,1.0,0
0.89,37.31,27.4,0.566,5.73,1.0,0
21.68,128.32,37.1,0.451,6.41,0.5,1
1.29,32.71,35.8,0.63,3.15,0.5,0
2.17,28.67,31.8,0.355,4.87,0.5,0
6.94,78.69,29.7,0.858,1.27,0.2,1
12.28,50.78,35.0,0.442,4.55,0.5,1
8.21,41.75,15.5,0.553,5.34,0.8,0
2.25,43.29,18.4,0.337,10.93,0.2,0
0.01,6.1,33.1,0.198,0.35,0.5,0
12.03,60.97,23.9,0.338,7.14,0.2,0
35.82,111.31,38.2,0.257,0.67,0.2,1
14.11,93.19,38.2,0.27,2.13,0.2,1
5.24,82.98,36.4,0.496,0.02,0.5,1
19.9,93.96,43.0,0.491,11.63,0.8,1
4.48,48.53,21.4,0.247,12.56,0.5,0
6.33,63.54,25.5,0.476,11.99,0.5,1
5.51,38.24,25.3,0.099,0.36,0.8,0
5.04,54.12,38.5,0.183,1.41,0.5,0
12.69,71.74,31.9,0.355,1.94,0.2,0
6.36,49.74,25.3,0.202,14.62,0.2,0
3.24,32.19,21.2,0.686,5.86,1.0,0
2.54,25.92,42.5,0.504,3.96,0.2,0
0.33,25.05,35.9,0.233,1.84,0.5,0
7.44,34.03,32.1,0.507,13.95,0.5,1
2.22,36.66,46.6,0.645,4.73,0.5,1
1.36,0.0,40.8,0.524,2.79,0.8,0
9.02,78.52,22.8,0.329,2.76,0.5,0
9.72,45.63,31.7,0.535,0.3,0.8,0
11.86,70.12,31.2,0.164,1.81,0.2,0
5.95,56.44,40.6,0.718,0.56,0.8,1
19.08,106.64,21.7,0.492,5.09,0.5,1
23.41,190.36,30.4,0.626,7.95,0.5,1
14.0,81.8,34.5,0.476,10.15,0.5,1
8.58,44.22,45.2,0.697,14.38,0.5,1
3.08,41.25,42.8,0.402,0.92,1.0,1
34.61,133.14,32.2,0.526,2.74,0.5,1
2.72,68.42,33.8,0.672,5.05,0.2,1
1.92,24.12,40.9,0.505,3.93,0.2,0
4.96,49.29,37.3,0.512,25.0,0.5,1
0.5,21.1,41.9,0.224,1.12,0.8,0
32.64,127.6,42.7,0.282,3.36,0.5,1
7.55,81.76,40.1,0.619,1.2,0.8,1
6.92,41.72,12.9,0.906,4.23,0.5,0
9.07,16.11,27.0,0.617,1.3,0.5,0
5.84,47.2,29.3,0.652,4.9,0.8,1
0.28,38.97,35.6,0.289,3.87,0.5,0
8.05,66.57,26.8,0.263,0.72,0.5,0
10.7,81.46,27.3,0.236,0.97,0.2,0
4.58,56.72,29.2,0.544,2.5,1.0,1
12.04,58.91,45.9,0.118,4.61,1.0,1
2.19,34.38,30.1,0.559,0.65,0.5,0
2.13,34.3,21.4,0.621,1.28,0.8,0
1.5,0.0,12.4,0.785,0.5,0.8,0
3.95,38.97,24.8,0.253,0.36,0.5,0
15.96,90.53,44.8,0.569,2.14,0.5,1
14.96,75.52,45.9,0.73,0.96,0.8,1
4.1,36.59,32.1,0.112,1.31,0.8,0
7.56,55.42,34.8,0.519,3.77,1.0,1
10.85,85.96,38.9,0.631,4.3,0.2,1
2.35,34.45,17.2,0.211,0.13,0.8,0
1.56,26.04,28.6,0.168,1.59,0.5,0
30.42,117.82,34.7,0.448,1.69,0.8,1
8.17,43.58,42.8,0.267,7.97,0.2,0
33.88,115.07,36.9,0.421,2.27,0.8,1
3.5,51.76,28.0,0.186,1.6,0.2,0
10.32,57.0,43.3,0.306,0.74,0.5,0
2.14,0.0,35.2,0.233,7.04,0.8,0
2.57,54.23,40.1,0.284,7.97,0.8,1
6.1,72.2,28.9,0.418,13.92,0.8,1
3.27,45.8,11.4,0.291,8.25,0.8,0
1.56,29.25,22.4,0.354,5.59,0.2,0
2.59,52.19,44.2,0.397,2.59,0.5,0
0.31,40.33,15.5,0.586,4.88,0.2,0
10.36,85.57,33.6,0.369,3.49,0.8,1
5.76,62.68,29.4,0.267,5.28,0.2,0
0.84,25.09,29.9,0.534,4.65,0.2,0
1.6,21.82,29.2,0.793,2.31,0.2,0
0.92,4.0,17.9,0.607,2.43,0.2,0
8.06,55.0,20.6,0.488,4.02,0.5,0
0.84,31.99,17.6,0.131,7.63,0.5,0
11.93,57.28,17.1,0.618,2.29,0.5,0
0.18,29.8,18.9,0.485,1.79,0.8,0
2.44,21.54,36.0,0.274,7.27,0.5,0
18.81,135.14,20.3,0.259,1.3,0.2,1
10.78,36.13,25.5,0.833,9.4,0.8,1
0.64,7.78,35.0,0.395,2.95,0.5,0
14.63,59.39,20.2,0.361,1.71,1.0,0
5.77,48.19,43.3,0.789,1.95,0.5,1
15.95,73.9,31.0,0.561,2.99,0.5,1
7.8,68.98,46.4,0.265,1.47,0.8,1
9.73,36.43,23.3,0.565,5.67,0.8,0
42.81,209.39,15.3,0.41,15.13,1.0,1
2.25,6.68,33.4,0.242,6.54,0.5,0
8.31,20.92,27.4,0.378,0.49,0.2,0
5.24,47.82,33.0,0.473,1.52,0.5,0
0.34,18.59,30.9,0.559,2.74,0.2,0
0.12,0.0,30.6,0.247,8.15,0.2,0
1.08,17.7,40.8,0.331,2.37,0.8,0
8.9,61.14,23.3,0.673,1.47,0.5,0
7.12,53.39,31.5,0.557,5.68,0.5,1
6.85,56.22,29.6,0.716,5.11,0.2,0
0.28,15.23,35.4,0.551,0.58,1.0,0
5.39,28.78,16.8,0.302,0.68,0.2,0
21.97,136.44,32.1,0.62,2.69,0.8,1
4.31,24.26,31.0,0.266,7.42,0.2,0
8.34,30.95,47.3,0.474,1.25,0.5,0
12.86,51.64,37.7,0.31,3.82,0.5,0
13.02,80.0,22.0,0.146,2.13,0.8,0
6.23,46.09,31.7,0.579,0.09,0.5,0
16.59,82.4,38.5,0.5,2.41,0.8,1
4.22,56.1,32.0,0.211,3.84,0.5,0
18.66,91.18,28.2,0.452,7.64,0.2,1
2.34,26.33,28.7,0.455,1.29,1.0,0
2.79,33.89,28.4,0.242,3.39,0.2,0
0.46,12.34,14.3,0.598,9.91,0.8,0
13.49,93.49,37.0,0.619,3.5,0.2,1
4.59,58.37,33.9,0.459,9.04,0.5,1
2.21,24.79,25.8,0.446,3.41,0.2,0
2.24,19.7,34.4,0.193,3.58,0.5,0
19.69,97.64,26.9,0.247,4.81,0.8,1
15.26,62.41,25.0,0.423,5.27,0.8,1
6.85,51.34,37.3,0.605,2.7,0.2,0
8.14,62.1,39.3,0.528,3.97,0.5,1
5.47,60.57,34.3,0.679,4.53,0.5,1
4.22,19.77,38.5,0.219,0.65,0.8,0
21.0,114.61,28.4,0.637,1.38,0.2,1
1.14,2.2,18.1,0.537,8.54,0.8,0
4.61,33.05,33.8,0.688,1.04,0.2,0
3.59,39.13,25.4,0.316,3.86,0.8,0
5.86,86.36,38.3,0.356,0.21,0.2,0
5.2,39.32,28.2,0.146,6.58,0.8,0
6.22,21.21,35.4,0.621,3.4,0.8,0
1.28,32.35,32.6,0.59,2.67,0.5,0
6.12,45.65,39.6,0.51,5.14,1.0,1
2.36,39.54,40.1,0.275,5.46,0.5,0
1.73,25.03,17.9,0.415,1.07,0.8,0
0.57,9.4,26.5,0.645,14.14,0.5,0
12.22,104.84,41.6,0.426,9.22,0.5,1
4.74,2.64,29.3,0.337,0.91,0.2,0
8.37,71.27,31.8,0.352,1.51,0.2,0
11.05,72.46,23.0,0.185,1.79,0.2,0
9.67,51.17,32.6,0.261,5.82,0.2,0
5.4,74.81,25.6,0.219,1.54,0.2,0
4.17,19.07,40.0,0.434,4.2,0.5,0
4.01,58.35,23.6,0.677,4.08,0.8,1
8.69,34.66,28.2,0.582,3.17,0.5,0
5.8,28.64,19.4,0.508,3.68,0.5,0
16.08,55.05,33.4,0.434,0.98,0.5,0
17.66,80.74,45.0,0.312,0.63,0.8,1
1.59,28.01,22.6,0.543,1.56,1.0,0
1.24,14.37,14.3,0.555,2.55,0.8,0
8.46,39.02,29.8,0.628,2.9,0.2,0
3.05,41.02,37.5,0.496,0.73,0.2,0
0.16,21.43,47.4,0.216,4.58,0.2,0
18.66,73.93,16.9,0.142,0.39,1.0,0
2.19,28.6,38.6,0.266,16.46,0.5,1
22.52,102.91,28.5,0.241,5.95,0.2,1
10.74,47.78,21.9,0.628,8.83,1.0,1
12.22,82.9,23.3,0.352,2.36,0.5,0
1.91,15.4,44.0,0.368,11.69,0.8,1
2.27,19.95,39.3,0.433,15.78,0.5,1
6.26,68.03,27.0,0.336,2.45,0.2,0
1.61,47.7,44.9,0.532,6.89,1.0,1
3.1,41.47,19.9,0.391,4.22,0.2,0
3.3,18.11,27.3,0.394,0.86,1.0,0
1.48,14.08,34.9,0.675,1.96,0.5,0
1.95,45.39,51.3,0.629,4.79,0.5,1
13.21,115.51,30.7,0.191,0.65,0.5,1
1.56,24.63,39.4,0.616,1.48,0.5,0
0.25,56.18,43.6,0.109,1.51,0.2,0
8.44,51.19,13.0,0.269,2.04,0.2,0
31.7,90.5,26.3,0.717,0.0,0.2,1
3.42,29.56,19.6,0.601,1.37,0.5,0
1.07,25.55,38.3,0.34,0.89,0.2,0
7.18,46.02,32.9,0.572,10.66,0.2,1
20.13,128.7,19.4,0.134,6.84,0.2,1
13.03,50.93,29.7,0.425,2.84,0.2,0
8.28,31.99,31.8,0.707,0.36,0.8,0
3.22,47.28,36.1,0.791,11.14,0.8,1
6.64,48.86,38.4,0.618,1.89,1.0,1
0.81,59.85,19.0,0.348,5.58,0.8,0
9.66,66.34,31.2,0.157,0.97,0.5,0
10.98,46.98,22.2,0.585,3.77,0.5,0
28.5,204.63,37.6,0.677,2.2,0.5,1
2.56,39.19,35.0,0.132,2.69,0.2,0
0.16,30.35,36.7,0.364,0.86,0.2,0
6.7,43.59,18.3,0.16,7.83,0.8,0
10.43,88.35,31.7,0.773,4.43,1.0,1
13.28,38.78,40.4,0.209,2.0,0.8,0
1.83,46.58,36.5,0.544,1.73,0.8,0
2.58,0.0,41.2,0.267,0.22,0.8,0
6.11,49.2,23.8,0.283,1.91,0.8,0
3.41,16.25,26.3,0.472,0.98,0.8,0
16.74,95.79,30.2,0.463,7.0,0.8,1
5.46,46.94,32.0,0.779,1.34,0.5,0
13.66,63.14,25.3,0.59,3.32,0.2,0
7.39,16.39,28.8,0.22,3.97,0.8,0
12.61,92.56,35.8,0.55,3.6,0.2,1
3.44,65.74,34.7,0.549,3.68,1.0,1
15.13,85.39,20.1,0.378,5.88,0.2,0
2.73,46.34,48.5,0.459,2.22,0.2,0
6.71,72.57,32.8,0.153,0.64,0.5,0
2.05,2.99,31.1,0.555,2.59,0.5,0
5.49,33.68,46.8,0.115,0.06,0.5,0
3.26,11.36,21.4,0.212,4.94,0.2,0
2.64,18.71,32.4,0.569,0.38,0.5,0
28.99,139.12,39.2,0.438,1.26,0.5,1
1.48,29.65,29.2,0.419,1.65,0.5,0
13.16,106.34,37.1,0.527,7.32,0.8,1
35.24,183.58,42.8,0.405,5.57,0.2,1
0.17,2.78,25.5,0.575,7.62,0.8,0
10.21,61.62,24.9,0.132,19.27,1.0,1
2.48,52.8,28.3,0.551,3.19,0.8,0
0.35,26.38,29.7,0.37,0.6,1.0,0
4.38,38.78,20.1,0.241,2.62,0.8,0
23.26,111.18,24.6,0.46,7.24,0.2,1
0.1,31.19,41.7,0.334,1.34,0.8,0
7.53,61.12,32.9,0.329,3.26,0.2,0
5.92,52.92,25.7,0.679,0.64,0.8,0
17.57,93.25,45.1,0.495,0.64,0.8,1
0.75,46.42,38.2,0.553,3.51,0.2,0
9.73,51.62,28.3,0.683,11.0,1.0,1
9.69,66.14,38.0,0.401,1.14,1.0,1
9.4,69.21,33.6,0.353,4.37,0.2,0
24.25,150.09,35.7,0.193,5.82,0.8,1
14.72,32.52,27.2,0.491,1.14,0.5,0
0.36,23.63,23.9,0.401,1.05,0.2,0
5.41,34.38,25.3,0.344,6.2,0.8,0
4.31,57.0,18.8,0.52,0.28,0.5,0
3.16,40.34,30.9,0.389,1.5,0.2,0
5.1,61.21,29.4,0.476,2.82,0.8,0
4.12,42.84,11.5,0.566,1.19,1.0,0
4.81,44.92,41.0,0.292,0.41,0.8,0
32.94,213.06,35.7,0.523,8.66,0.8,1
0.79,47.24,30.3,0.534,2.29,1.0,0
21.71,94.51,46.7,0.447,0.68,0.8,1
5.56,64.71,44.9,0.097,13.49,0.8,1
8.31,58.14,19.4,0.145,8.96,0.2,0
15.07,66.63,34.0,0.632,1.22,0.2,1
3.8,48.62,39.6,0.526,0.14,1.0,1
4.78,20.36,22.6,0.601,1.49,1.0,0
4.48,44.36,20.9,0.443,0.41,0.2,0
3.99,35.86,25.5,0.343,2.19,0.8,0
22.08,83.18,26.1,0.351,3.16,1.0,1
15.01,99.75,46.6,0.35,0.23,0.5,1
0.98,24.73,38.4,0.562,14.51,0.2,1
0.97,0.0,17.4,0.371,2.61,0.5,0
4.75,29.1,38.6,0.63,4.03,0.8,1
0.88,0.0,22.5,0.555,1.17,1.0,0
8.2,61.85,28.2,0.251,3.48,0.8,0
1.32,48.17,27.2,0.568,2.48,0.2,0
6.28,51.09,25.9,0.296,7.36,0.5,0
0.06,35.12,26.9,0.451,0.93,0.5,0
3.24,27.12,37.6,0.252,0.01,0.2,0
9.61,81.16,25.7,0.545,0.75,0.8,1
5.62,33.99,39.1,0.411,0.97,0.8,0
32.55,125.78,19.2,0.718,2.2,0.5,1
17.61,91.94,33.6,0.58,1.8,0.5,1
3.78,59.66,41.3,0.344,1.22,0.5,0
0.4,15.36,18.6,0.569,1.3,0.5,0
15.88,40.64,34.5,0.747,0.87,0.2,1
20.58,107.16,31.7,0.485,0.3,0.5,1
14.61,80.24,27.5,0.207,5.67,0.5,0
1.16,30.62,19.6,0.097,0.13,0.2,0
52.47,280.0,35.5,0.66,3.74,0.2,1
2.54,2.43,26.9,0.501,7.52,0.5,0
10.95,72.95,27.7,0.257,1.79,0.2,0
20.28,107.73,36.6,0.231,3.53,0.8,1
2.28,46.59,45.2,0.307,3.74,0.5,0
20.3,133.62,27.6,0.652,0.49,0.5,1
3.15,27.53,37.4,0.822,0.95,0.8,1
31.85,153.86,46.0,0.781,0.89,0.5,1
2.81,24.81,19.5,0.281,0.45,0.5,0
26.07,121.56,32.1,0.416,4.13,1.0,1
0.47,48.57,13.2,0.422,2.35,1.0,0
10.5,99.47,39.9,0.481,1.78,0.8,1
6.46,48.65,26.3,0.554,7.61,1.0,1
5.52,45.16,27.5,0.593,11.22,0.5,1
2.15,17.81,35.8,0.392,2.56,1.0,0
10.39,51.9,38.7,0.325,7.05,0.5,1
1.8,40.2,29.2,0.265,9.34,0.8,0
6.84,81.39,35.2,0.633,1.41,1.0,1
2.48,21.81,45.9,0.841,0.08,0.8,1
26.48,78.4,42.3,0.139,4.91,0.2,1
0.25,16.88,36.2,0.131,1.35,1.0,0
1.89,30.14,45.1,0.242,0.09,0.2,0
2.36,16.15,41.8,0.509,1.94,1.0,0
4.54,40.22,36.9,0.677,2.5,1.0,1
2.25,47.22,43.7,0.415,1.9,0.8,1
5.75,45.7,39.6,0.186,1.23,1.0,0
17.5,127.16,31.5,0.403,7.41,0.2,1
10.58,83.18,31.5,0.458,2.7,0.5,1
7.37,34.11,12.9,0.412,5.93,0.8,0
0.79,15.52,15.3,0.503,1.56,1.0,0
10.07,65.89,37.4,0.322,1.37,1.0,1
1.55,9.12,32.7,0.316,6.13,0.5,0
13.12,58.17,37.8,0.405,9.08,0.5,1
2.45,14.02,45.5,0.688,4.95,0.5,1
4.59,50.87,30.4,0.043,1.57,0.5,0
3.67,28.26,19.0,0.301,10.69,0.5,0
16.64,112.61,34.3,0.562,5.22,0.8,1
1.15,13.09,19.6,0.466,3.6,0.2,0
7.09,25.08,34.2,0.415,2.78,0.8,0
1.3,22.33,32.1,0.566,3.82,0.8,0
10.37,77.64,36.5,0.561,0.16,0.8,1
20.01,117.96,28.0,0.552,4.0,0.8,1
4.85,18.57,21.5,0.474,1.29,1.0,0
5.69,10.35,24.8,0.401,1.98,0.5,0
22.3,120.78,35.7,0.338,3.29,0.2,1
6.26,41.19,31.0,0.691,1.36,0.8,1
5.68,73.2,32.4,0.246,0.84,0.2,0
7.34,60.87,27.3,0.48,0.9,0.2,0
9.93,49.72,40.3,0.226,13.43,1.0,1
0.96,41.86,51.3,0.644,0.63,1.0,1
14.63,53.95,27.0,0.472,5.22,0.5,0
4.86,19.39,36.6,0.625,10.41,0.8,1
0.64,8.62,22.6,0.616,8.54,0.2,0
13.11,86.14,37.3,0.342,2.94,1.0,1
4.02,51.85,30.0,0.523,1.76,0.5,0
0.9,18.43,33.8,0.431,2.46,0.5,0
8.54,32.4,24.8,0.346,0.08,0.8,0
18.03,65.76,40.8,0.486,4.23,0.2,1
18.59,50.93,22.7,0.398,3.56,0.5,0
26.88,91.52,44.3,0.588,2.13,0.5,1
17.19,105.08,17.5,0.305,14.05,0.5,1
0.02,49.12,26.3,0.295,0.72,0.5,0
4.07,43.64,32.8,0.084,3.31,0.5,0
14.51,72.2,41.1,0.321,3.11,0.2,1
3.88,29.53,33.2,0.524,0.43,0.5,0
7.82,40.87,24.1,0.3,2.44,0.5,0
7.92,59.23,41.1,0.181,0.19,0.5,0
3.86,66.0,33.6,0.345,2.1,0.8,0
19.96,128.95,24.7,0.306,0.07,0.5,1
5.95,64.35,32.8,0.27,0.62,0.5,0
5.31,79.9,35.5,0.382,2.35,1.0,1
50.97,248.15,35.6,0.678,5.22,0.2,1
5.78,48.56,36.8,0.308,2.68,0.2,0
1.67,21.56,42.6,0.394,2.88,0.5,0
6.12,52.82,39.9,0.556,1.82,1.0,1
14.3,88.81,33.8,0.475,3.52,0.8,1
12.75,87.33,15.5,0.518,6.53,0.5,1
13.21,66.57,37.5,0.497,9.06,0.8,1
10.46,47.7,47.4,0.223,19.31,0.5,1
2.49,32.24,26.8,0.649,5.3,0.5,0
16.84,100.21,33.8,0.213,0.46,0.5,1
19.03,163.37,38.1,0.238,0.6,0.5,1
1.83,8.47,34.6,0.78,2.62,0.2,0
1.19,15.83,43.9,0.406,4.27,0.2,0
31.56,133.87,30.9,0.216,0.52,0.8,1
17.23,54.43,32.2,0.109,1.93,0.2,0
19.02,66.98,15.9,0.322,3.32,0.8,0
18.49,104.14,42.8,0.743,0.85,0.5,1
6.63,55.71,25.6,0.606,4.56,0.8,1
8.84,54.33,47.7,0.281,1.57,0.8,1
6.7,41.9,23.7,0.313,1.2,0.8,0
0.45,28.31,25.3,0.264,0.29,0.5,0
11.63,60.66,31.2,0.545,4.36,1.0,1
5.98,27.35,35.1,0.661,0.93,0.5,0
8.87,33.66,30.2,0.568,0.48,0.5,0
5.94,48.39,28.0,0.485,1.37,0.2,0
5.75,63.66,32.3,0.448,4.97,0.2,0
1.6,66.4,46.1,0.217,1.26,0.5,0
2.78,50.33,46.3,0.693,0.12,0.8,1
1.47,47.2,27.4,0.409,3.56,0.2,0
1.85,36.01,35.6,0.546,3.3,0.5,0
30.69,128.99,36.7,0.681,7.71,0.5,1
1.41,29.78,34.9,0.368,0.69,0.5,0
2.67,31.36,20.2,0.482,11.27,1.0,0
7.59,69.41,32.3,0.296,0.2,0.8,0
8.01,33.59,37.9,0.698,3.19,0.2,0
1.42,24.32,23.6,0.204,5.77,1.0,0
13.42,60.65,27.9,0.251,5.47,0.5,0
13.07,73.21,23.7,0.357,4.07,0.8,1
2.3,13.49,42.3,0.436,12.5,1.0,1
2.9,33.62,41.1,0.408,2.13,1.0,0
23.63,145.03,22.5,0.505,4.08,0.5,1
14.85,67.63,37.8,0.473,0.49,0.2,1
10.17,77.2,28.3,0.653,1.67,0.5,1
0.73,19.06,35.8,0.149,0.48,0.8,0
4.6,41.07,31.4,0.221,3.19,0.2,0
6.96,45.3,30.9,0.731,8.16,0.2,1
1.76,0.0,42.0,0.22,1.68,1.0,0
5.05,48.39,34.5,0.354,4.52,0.8,0
7.81,53.84,24.8,0.52,1.1,0.5,0
3.37,51.28,20.1,0.366,3.09,0.5,0
12.91,73.12,44.5,0.462,0.59,0.8,1
15.6,87.56,21.9,0.342,0.04,0.8,0
3.32,31.03,37.1,0.196,17.77,0.2,0
15.51,112.24,31.4,0.535,6.95,0.5,1
0.93,30.3,21.4,0.251,3.78,0.8,0
15.46,83.97,38.3,0.261,1.18,0.8,1
1.41,1.29,43.0,0.22,5.19,0.2,0
0.74,7.3,20.6,0.305,0.41,0.8,0
8.73,63.38,17.9,0.353,3.81,0.2,0
5.43,13.9,40.8,0.303,6.19,0.5,0
20.27,66.33,31.5,0.398,4.25,1.0,1
3.84,33.06,35.5,0.662,5.44,0.5,1
2.88,51.49,30.2,0.211,0.29,0.5,0
5.9,59.91,29.5,0.41,0.15,0.8,0
5.17,52.45,26.6,0.277,2.15,0.5,0
3.59,38.63,32.8,0.469,5.96,0.5,0
10.06,33.78,22.2,0.132,1.36,0.5,0
12.11,51.13,36.6,0.288,5.1,0.5,0
16.3,91.2,32.5,0.312,0.28,0.2,0
30.66,170.52,40.7,0.645,4.05,0.8,1
2.64,18.08,43.9,0.276,9.79,0.8,1
10.7,50.49,42.9,0.391,2.34,0.2,0
4.26,43.17,33.7,0.664,0.22,0.2,0
9.61,75.67,27.2,0.599,4.85,0.2,1
5.49,50.01,28.2,0.639,8.18,0.2,0
43.17,216.72,34.9,0.28,1.71,0.2,1
11.09,71.8,36.4,0.227,1.77,0.5,0
25.9,151.29,22.2,0.263,1.52,0.2,1
15.31,115.74,50.7,0.044,0.43,0.2,1
19.82,60.82,20.0,0.295,1.39,1.0,0
14.32,79.21,33.8,0.836,2.1,0.8,1
5.22,21.09,32.2,0.569,2.06,0.5,0
2.47,53.09,33.5,0.287,0.88,0.2,0
3.93,60.65,32.2,0.328,3.08,0.5,0
0.17,11.34,17.3,0.614,2.95,0.2,0
6.31,42.07,50.1,0.873,1.83,0.5,1
5.98,52.78,48.0,0.555,10.38,0.8,1
6.33,39.97,32.0,0.264,12.79,0.8,1
31.03,159.81,23.9,0.453,4.32,0.5,1
20.61,134.12,23.0,0.509,1.27,0.8,1
1.5,4.97,17.3,0.194,10.58,0.5,0
3.91,51.41,33.9,0.4,4.85,0.2,0
4.69,7.4,31.0,0.563,2.21,0.5,0
3.8,6.38,29.6,0.235,8.03,0.5,0
13.62,65.5,32.0,0.571,0.64,0.8,1
6.31,28.56,41.7,0.126,4.16,1.0,0
7.22,32.28,18.1,0.442,1.24,1.0,0
16.3,74.44,32.4,0.449,3.04,0.8,1
13.94,86.43,36.2,0.323,1.3,0.2,0
1.21,21.7,47.0,0.431,3.29,0.5,0
10.64,94.33,37.2,0.257,2.14,0.2,0
4.86,44.14,32.5,0.217,3.32,0.5,0
2.97,45.77,38.0,0.342,0.3,0.5,0
0.44,25.39,50.4,0.162,0.01,0.5,0
5.68,67.37,42.3,0.796,5.81,0.8,1
3.73,50.74,19.1,0.15,1.22,0.2,0
2.46,27.17,33.1,0.185,4.51,0.5,0
10.08,80.98,38.6,0.753,0.15,0.8,1
12.47,57.01,35.4,0.535,4.12,1.0,1
2.39,29.75,29.6,0.311,4.78,0.5,0
0.43,2.26,27.3,0.111,4.68,0.8,0
16.06,73.09,34.3,0.576,7.23,0.5,1
0.09,51.36,29.5,0.26,7.56,1.0,0
23.51,119.42,29.0,0.538,0.85,1.0,1
8.4,49.01,40.3,0.703,3.28,0.8,1
3.3,37.65,27.1,0.259,0.08,0.5,0
2.41,28.66,34.7,0.459,0.35,1.0,0
0.08,26.17,41.7,0.673,2.06,0.8,1
2.28,21.7,34.2,0.568,0.15,1.0,0
1.26,33.53,31.3,0.358,1.61,0.5,0
8.05,64.57,15.7,0.167,3.88,0.5,0
1.55,44.44,35.6,0.842,6.42,1.0,1
6.39,47.14,50.6,0.503,2.17,0.8,1
7.58,53.77,39.3,0.699,2.52,0.5,1
3.01,12.74,34.5,0.441,0.02,1.0,0
0.3,10.26,30.8,0.464,7.65,0.2,0
0.32,3.97,24.4,0.552,15.74,0.5,0
0.23,20.59,35.9,0.281,2.28,0.5,0
11.42,62.63,22.8,0.427,1.37,1.0,0
3.25,14.75,42.3,0.618,0.74,0.5,0
13.52,73.75,28.1,0.597,4.9,0.5,1
4.8,7.24,29.2,0.141,2.01,0.2,0
5.13,54.53,24.1,0.61,1.57,0.8,0
6.11,38.78,31.1,0.221,3.39,0.5,0
10.61,73.48,35.6,0.321,6.34,0.2,1
2.72,21.51,26.7,0.605,4.69,0.8,0
1.1,6.63,36.2,0.398,6.33,0.8,0
6.9,70.99,34.1,0.503,2.88,1.0,1
3.37,34.28,28.5,0.38,3.26,0.5,0
4.97,74.67,27.0,0.484,0.05,0.8,0
8.85,58.0,41.2,0.147,2.14,0.5,0
5.79,42.71,13.3,0.091,6.18,0.5,0
8.23,84.03,36.6,0.474,3.68,0.5,1
6.68,58.77,29.6,0.418,4.47,0.2,0
11.44,76.73,36.6,0.282,0.61,0.2,0
10.4,127.19,31.7,0.178,9.33,0.5,1
6.49,45.2,18.8,0.461,5.25,0.2,0
9.66,51.78,48.1,0.319,8.65,0.2,1
17.58,74.4,18.9,0.693,1.29,0.2,0
4.81,37.85,22.1,0.166,3.34,0.8,0
4.52,54.98,29.7,0.641,6.19,0.5,1
12.28,90.29,45.2,0.108,2.04,0.2,1
7.43,82.85,26.5,0.809,1.58,0.2,1
0.63,29.99,33.0,0.235,1.97,0.2,0
18.93,129.56,32.0,0.418,3.85,0.2,1
0.27,26.65,27.5,0.105,1.75,0.8,0
11.73,56.29,36.0,0.727,0.94,0.8,1
12.09,98.09,31.5,0.452,2.69,0.8,1
26.01,112.6,33.2,0.302,0.27,0.2,1
0.47,13.28,23.9,0.209,8.94,0.8,0
7.72,59.73,44.1,0.166,10.27,0.2,1
4.75,67.97,20.1,0.332,15.77,1.0,1
3.41,13.2,35.9,0.212,5.37,0.5,0
0.8,0.0,42.2,0.512,6.16,0.2,0
7.03,50.77,18.8,0.647,6.94,0.2,0
5.54,65.88,15.2,0.209,0.72,0.8,0
0.94,23.76,27.5,0.27,0.87,0.5,0
8.06,31.9,38.7,0.526,6.52,0.2,0
11.38,67.05,36.6,0.355,2.05,0.8,1
12.39,66.71,39.8,0.557,5.96,1.0,1
20.04,105.16,29.2,0.652,0.59,0.2,1
4.48,32.53,49.7,0.434,0.19,0.8,1
26.0,143.25,28.4,0.445,1.92,0.5,1
17.05,94.04,39.2,0.455,1.2,0.2,1
2.99,40.51,28.0,0.717,6.35,0.5,0
1.47,20.18,24.2,0.193,9.46,0.2,0
4.86,56.38,27.6,0.657,4.03,0.8,1
4.37,52.74,23.3,0.513,0.42,0.5,0
7.29,13.08,20.9,0.29,0.06,0.2,0
7.44,53.28,28.3,0.783,5.73,0.5,1
11.78,62.42,21.6,0.408,7.8,0.8,1
6.06,23.75,31.5,0.514,11.22,0.5,0
0.94,31.1,15.7,0.568,4.8,0.5,0
16.61,108.43,30.0,0.467,0.12,0.8,1
3.15,30.44,46.1,0.744,2.48,0.5,1
30.18,154.46,28.2,0.32,2.56,0.8,1
1.07,28.34,21.3,0.254,0.17,1.0,0
27.0,136.79,26.8,0.618,9.19,0.5,1
0.81,56.9,38.8,0.439,5.48,0.2,0
2.23,25.9,27.0,0.386,0.87,0.8,0
0.41,0.14,28.8,0.341,4.01,1.0,0
10.38,46.02,38.7,0.138,6.37,0.8,0
16.14,96.6,25.5,0.368,7.31,0.2,1
4.84,36.22,31.0,0.364,7.69,0.5,0
22.43,98.29,17.6,0.426,5.83,0.2,1
7.58,51.63,22.7,0.34,3.67,0.5,0
8.45,59.81,23.9,0.399,0.34,0.5,0
15.87,95.88,30.7,0.532,1.15,0.5,1
2.99,40.12,39.7,0.782,2.89,0.2,1
3.72,28.15,28.1,0.337,1.74,1.0,0
20.09,147.77,28.8,0.534,4.72,0.5,1
19.65,71.9,26.7,0.572,0.48,0.5,1
31.88,112.51,27.2,0.324,10.91,1.0,1
19.73,65.76,29.3,0.132,1.57,0.5,0
1.16,7.37,42.8,0.854,2.77,0.5,0
14.75,80.8,14.7,0.135,1.55,0.8,0
4.48,13.24,34.2,0.58,6.09,0.2,0
39.85,150.02,42.3,0.211,0.64,0.5,1
5.43,44.78,29.6,0.558,1.66,0.5,0
6.86,35.83,34.9,0.641,3.63,0.5,0
6.41,47.36,33.3,0.287,0.18,0.8,0
3.3,0.0,27.7,0.607,3.58,0.8,0
0.66,43.68,21.3,0.337,4.53,0.8,0
19.21,105.28,24.2,0.2,11.42,0.5,1
13.79,70.76,17.3,0.311,14.06,1.0,1
1.28,30.66,37.9,0.429,1.15,0.8,0
12.75,53.89,32.2,0.389,4.2,0.5,0
8.36,32.82,38.6,0.428,0.33,0.5,0
4.47,11.58,26.4,0.302,4.86,0.2,0
2.49,27.05,39.2,0.257,1.54,0.5,0
16.7,134.48,26.9,0.337,0.91,0.2,1
10.24,48.2,20.6,0.235,0.07,0.5,0
6.74,61.39,32.2,0.459,2.84,0.2,0
7.99,74.48,45.2,0.043,0.75,0.5,0
0.81,0.0,29.6,0.706,3.29,0.2,0
5.46,80.31,31.8,0.483,2.72,0.8,1
1.83,46.78,30.4,0.74,3.66,0.2,0
1.99,37.42,30.6,0.315,1.06,0.8,0
9.2,69.92,24.1,0.566,0.48,1.0,1
20.59,126.04,29.8,0.085,5.8,0.5,1
4.4,39.27,31.4,0.27,18.02,0.8,1
1.98,46.62,37.4,0.582,1.82,1.0,1
8.89,61.46,21.4,0.185,1.86,0.5,0
17.42,125.13,33.0,0.355,7.63,0.5,1
11.73,75.81,35.2,0.564,0.73,0.2,1
17.26,70.33,28.8,0.363,1.61,0.5,0
6.54,59.87,32.5,0.276,1.24,0.2,0
11.85,67.88,36.4,0.491,0.51,1.0,1
1.28,0.0,30.7,0.641,2.98,0.8,0
3.64,38.71,27.6,0.693,3.75,0.8,0
4.2,29.74,39.9,0.65,8.01,0.2,1
6.09,59.01,48.9,0.313,3.97,0.8,1
22.49,82.27,24.1,0.554,0.2,0.5,1
17.63,84.61,42.4,0.547,0.19,0.5,1
1.23,42.99,32.5,0.096,0.23,1.0,0
1.61,22.19,30.3,0.328,1.11,0.2,0
3.76,35.4,42.5,0.389,1.1,0.8,0
2.92,52.38,43.3,0.563,5.68,1.0,1
8.11,50.86,25.9,0.207,0.19,0.2,0
19.81,91.73,28.2,0.216,3.58,0.8,1
27.86,123.68,40.8,0.62,3.45,0.5,1
9.01,63.82,31.3,0.646,2.73,0.5,1
15.48,95.88,26.3,0.353,0.09,0.5,0
6.33,61.73,46.4,0.38,6.63,0.8,1
1.99,31.83,24.2,0.31,1.8,0.8,0
6.32,43.7,33.9,0.208,2.26,0.5,0
6.88,49.31,29.9,0.243,4.21,0.2,0
11.53,25.05,30.4,0.39,4.14,1.0,0
2.11,60.41,19.9,0.445,1.23,0.8,0
3.9,17.26,25.4,0.709,0.04,1.0,0
3.85,58.49,22.4,0.39,6.22,0.2,0
27.24,186.5,37.5,0.309,5.37,1.0,1
4.99,44.2,36.1,0.453,3.89,0.8,1
11.96,64.57,38.8,0.412,10.38,0.5,1
11.81,106.56,36.1,0.217,0.87,0.5,1
2.62,41.98,20.9,0.715,0.42,0.5,0
7.21,49.71,47.8,0.502,25.0,0.8,1
19.1,68.32,23.2,0.215,7.71,0.8,1
5.48,40.76,28.0,0.221,0.16,0.8,0
24.67,119.43,36.3,0.727,1.52,0.5,1
2.05,11.7,21.4,0.201,2.77,0.2,0
0.65,33.05,22.6,0.607,3.76,0.5,0
18.87,100.27,41.8,0.762,2.05,0.8,1
16.0,90.49,27.5,0.383,0.35,1.0,1
41.69,255.75,35.2,0.162,2.43,0.5,1
9.67,66.01,41.1,0.263,3.01,0.8,1
23.46,140.74,47.3,0.384,1.44,0.5,1
14.91,88.69,23.9,0.684,0.66,0.2,1
15.82,90.85,20.7,0.613,2.77,0.2,1
7.16,70.74,37.2,0.877,1.24,0.2,1
4.1,34.68,23.2,0.772,1.04,0.8,0
23.18,113.44,33.2,0.535,4.89,0.8,1
4.81,55.42,32.2,0.445,3.12,0.2,0
6.58,0.2,32.8,0.286,5.17,0.5,0
5.02,23.51,34.8,0.703,2.26,1.0,1
7.07,70.36,40.8,0.408,0.31,0.8,1
5.4,42.66,25.8,0.306,2.58,0.5,0
0.42,31.88,32.7,0.673,3.44,0.8,0
18.17,105.44,27.6,0.096,5.7,0.5,1
5.0,63.2,27.2,0.659,3.32,0.2,0
7.56,45.92,14.3,0.567,6.04,0.2,0
1.27,45.37,33.7,0.534,2.73,0.8,0
0.03,5.47,47.2,0.569,3.6,0.5,0
2.39,29.0,37.8,0.368,0.09,0.8,0
10.36,51.16,25.0,0.583,7.51,0.8,1
0.89,30.54,36.6,0.287,0.69,0.2,0
20.36,104.16,26.6,0.547,5.11,0.5,1
2.06,23.44,37.6,0.531,2.24,0.5,0
1.95,15.7,41.0,0.145,8.47,1.0,0
1.7,19.71,27.6,0.345,1.38,1.0,0
0.12,20.51,11.4,0.416,13.59,0.2,0
12.56,23.78,26.8,0.164,5.06,0.2,0
17.68,43.19,23.8,0.378,3.62,0.2,0
8.09,66.43,34.1,0.879,10.75,1.0,1
1.77,0.0,26.4,0.426,2.95,0.5,0
2.85,30.53,15.8,0.42,1.72,0.2,0
5.49,32.18,32.2,0.336,4.51,0.5,0
26.24,149.36,41.7,0.364,1.06,0.5,1
2.42,19.2,30.4,0.649,2.81,1.0,0
11.18,75.48,28.6,0.645,8.54,1.0,1
4.92,55.05,22.8,0.544,2.2,0.5,0
3.01,12.02,28.9,0.31,2.1,1.0,0
5.17,40.99,27.5,0.287,1.56,0.2,0
0.63,45.88,49.9,0.795,4.06,0.5,1
13.62,67.45,15.3,0.172,1.18,0.8,0
2.37,29.44,24.9,0.404,6.26,0.2,0
10.99,92.97,18.0,0.146,3.8,0.5,0
0.6,14.85,41.1,0.23,12.05,0.5,0
26.38,163.25,29.6,0.494,9.72,0.8,1
1.82,14.65,38.9,0.603,1.45,1.0,0
18.22,32.17,35.9,0.517,6.58,0.2,1
14.09,84.05,44.2,0.144,0.21,0.8,1
29.22,126.24,14.7,0.458,1.5,0.8,1
5.52,59.16,23.8,0.368,5.61,1.0,0
11.05,60.59,36.2,0.418,0.29,0.5,0
3.94,22.26,33.3,0.249,3.45,0.5,0
1.73,43.12,36.0,0.241,5.4,0.5,0
4.98,38.02,33.1,0.579,4.67,0.8,1
1.54,26.93,33.2,0.49,5.68,0.5,0
34.17,215.49,44.5,0.087,0.68,0.2,1
0.86,45.11,43.9,0.267,1.45,0.8,0
7.56,70.86,15.9,0.516,5.4,0.2,0
8.37,46.89,29.6,0.671,3.36,0.2,0
6.57,22.8,31.7,0.603,0.35,0.5,0
9.22,75.75,28.2,0.069,9.77,0.5,0
1.05,11.02,16.8,0.422,0.71,0.8,0
6.88,38.26,30.9,0.557,3.41,0.2,0
2.88,47.68,47.5,0.57,0.88,0.2,0
23.94,119.63,18.2,0.514,6.46,1.0,1
12.2,69.94,39.6,0.318,3.32,0.8,1
30.55,113.06,23.4,0.302,2.01,0.5,1
0.33,48.22,33.1,0.284,5.04,0.8,0
2.85,45.39,28.9,0.706,1.64,0.2,0
1.85,22.94,28.0,0.497,0.01,0.2,0
0.1,12.63,41.6,0.022,0.36,0.5,0
2.36,33.14,47.3,0.639,0.23,0.8,1
9.65,57.34,28.9,0.493,0.94,0.2,0
2.23,63.87,34.6,0.398,9.16,0.2,0
6.05,33.79,32.7,0.193,0.79,0.5,0
18.59,71.65,18.4,0.285,3.34,1.0,0
10.06,69.72,16.2,0.571,5.86,0.5,0
4.27,23.75,38.2,0.409,5.1,0.5,0
3.96,45.37,29.1,0.115,1.51,0.8,0
5.17,44.24,26.9,0.318,2.46,0.5,0
1.66,26.76,48.5,0.33,0.3,0.5,0
8.54,56.61,18.9,0.718,0.39,0.8,0
3.85,30.26,25.8,0.205,1.08,0.5,0
16.26,89.84,41.0,0.504,0.62,1.0,1
12.01,54.66,29.6,0.407,0.27,0.2,0
8.01,70.42,33.3,0.281,1.14,0.5,0
3.85,64.06,16.7,0.37,2.91,0.2,0
2.0,15.02,43.8,0.464,0.9,0.2,0
12.72,53.12,21.2,0.351,1.25,0.5,0
5.66,32.54,24.0,0.281,6.59,0.5,0
2.16,30.2,22.0,0.801,5.28,0.5,0
1.85,4.42,31.4,0.398,0.12,0.2,0
1.54,14.82,39.6,0.362,0.32,0.5,0
12.76,61.43,25.7,0.492,10.01,1.0,1
2.21,9.54,21.5,0.357,1.7,0.5,0
6.36,37.85,29.5,0.528,0.09,0.5,0
5.11,73.61,48.1,0.467,1.88,0.8,1
7.37,55.22,13.2,0.659,5.49,0.8,0
17.82,74.87,31.6,0.187,8.84,1.0,1
17.2,133.6,35.3,0.244,4.58,0.5,1
5.1,43.49,39.3,0.421,1.21,0.5,0
0.13,27.52,37.4,0.597,16.46,0.5,1
4.73,26.8,18.3,0.509,0.63,0.5,0
7.92,47.13,30.7,0.1,1.75,0.2,0
6.94,32.41,18.5,0.756,1.67,0.5,0
8.96,41.53,34.1,0.176,2.57,0.2,0
1.42,22.97,18.4,0.717,0.47,0.2,0
8.84,71.21,16.7,0.625,3.61,0.8,0
1.71,29.26,26.8,0.25,3.86,0.8,0
11.8,68.19,44.8,0.365,2.29,1.0,1
3.52,24.73,36.4,0.215,0.39,0.5,0
10.52,80.01,11.9,0.667,5.44,0.8,1
0.42,13.95,26.2,0.479,10.0,0.2,0
4.45,41.28,14.0,0.279,1.65,0.5,0
10.38,34.62,26.5,0.264,1.03,0.2,0
2.19,30.66,35.7,0.428,11.67,0.5,1
13.48,78.94,37.8,0.327,0.57,0.2,0
8.47,64.51,39.2,0.218,2.48,0.5,0
7.53,38.72,43.3,0.429,4.5,0.5,1
3.71,44.64,28.4,0.53,0.17,0.5,0
5.6,23.98,41.3,0.516,6.31,0.2,0
7.73,57.77,36.9,0.451,4.21,0.8,1
5.44,46.55,32.3,0.1,5.22,0.2,0
10.19,80.49,45.8,0.139,0.89,0.8,1
4.83,9.81,45.4,0.639,1.19,1.0,1
1.92,11.51,42.7,0.461,20.32,0.5,1
2.05,52.71,23.7,0.288,1.69,0.8,0
0.05,0.0,23.9,0.561,0.09,0.8,0
3.04,48.26,42.9,0.531,1.66,0.5,0
11.75,57.98,29.2,0.459,1.82,0.5,0
13.44,94.57,39.0,0.191,8.19,0.2,1
1.92,50.75,35.8,0.412,1.24,0.2,0
27.16,110.73,37.9,0.635,5.99,0.5,1
5.93,66.95,14.9,0.243,0.44,0.2,0
21.15,98.37,29.9,0.454,2.72,0.5,1
10.43,56.14,41.0,0.446,1.99,0.5,1
10.89,79.73,31.3,0.116,1.5,0.8,0
0.76,17.89,35.9,0.285,5.69,0.5,0
2.11,40.25,37.7,0.569,3.5,0.2,0
0.08,38.18,20.6,0.818,11.45,0.5,1
10.7,60.89,22.0,0.227,1.7,0.2,0
3.59,7.05,36.8,0.558,0.5,0.5,0
13.13,51.6,17.1,0.392,1.03,1.0,0
3.52,36.26,27.8,0.401,4.37,0.5,0
14.54,75.2,43.7,0.069,4.06,1.0,1
1.19,26.84,33.1,0.441,3.78,0.5,0
1.62,31.31,43.3,0.332,4.82,0.2,0
3.54,32.16,26.9,0.355,0.43,1.0,0
4.46,42.94,34.5,0.411,1.29,0.2,0
3.64,13.48,26.3,0.247,3.25,0.5,0
12.26,80.08,20.1,0.282,2.18,0.5,0
0.87,0.73,49.2,0.459,2.69,1.0,0
3.68,36.78,22.8,0.436,0.91,1.0,0
15.43,98.08,23.2,0.252,3.58,0.8,1
0.59,7.92,40.5,0.728,1.55,1.0,0
24.25,182.32,39.1,0.188,6.11,0.2,1
36.48,193.17,47.7,0.342,3.36,0.5,1
0.79,28.68,18.1,0.464,22.69,1.0,1
2.93,27.92,19.3,0.745,3.4,0.5,0
3.96,30.86,30.4,0.474,0.21,0.8,0
12.73,60.85,33.5,0.531,0.93,0.5,1
7.7,38.76,15.9,0.484,1.1,0.5,0
8.79,51.97,22.1,0.4,0.1,0.5,0
12.04,66.57,36.2,0.23,9.54,0.2,1
1.07,17.94,35.3,0.311,3.75,0.8,0
15.22,53.89,19.1,0.631,6.35,0.2,0
10.39,58.6,44.4,0.541,3.36,0.8,1
7.32,77.88,25.3,0.384,7.4,0.8,1
18.74,92.2,42.3,0.407,3.75,0.8,1
10.24,72.51,44.0,0.383,0.33,0.5,1
1.91,21.38,31.3,0.476,0.11,0.8,0
4.77,20.17,29.5,0.255,2.23,0.5,0
5.79,41.1,26.0,0.314,3.91,0.5,0
0.48,19.86,39.3,0.709,7.13,0.5,1
26.29,131.91,23.5,0.612,8.57,1.0,1
1.17,2.87,34.2,0.527,6.53,0.8,0
10.16,47.58,32.9,0.167,0.43,0.8,0
6.0,61.97,25.2,0.326,5.35,0.8,0
0.22,2.65,48.2,0.409,1.63,0.8,0
21.99,83.34,40.6,0.664,7.4,0.8,1
16.23,94.56,14.4,0.274,6.63,0.5,0
6.31,66.24,29.8,0.475,4.0,0.2,0
2.21,34.02,28.2,0.45,9.39,1.0,1
1.1,20.28,42.1,0.391,2.97,0.8,0
3.84,33.66,25.6,0.649,1.05,0.2,0
2.51,27.13,50.9,0.789,4.02,1.0,1
6.01,32.68,23.6,0.255,0.81,0.8,0
28.84,149.61,25.0,0.529,5.46,0.8,1
7.27,48.52,35.3,0.301,8.04,0.5,0
18.76,83.52,22.2,0.519,4.16,0.5,1
8.94,22.73,42.3,0.546,2.56,0.5,0
5.48,44.97,20.1,0.479,11.55,0.5,0
16.39,100.9,48.3,0.312,5.93,0.5,1
5.42,35.84,41.7,0.136,2.34,0.5,0
17.25,108.8,40.4,0.208,3.03,0.5,1
2.93,30.63,29.4,0.738,4.8,1.0,1
1.17,0.0,31.8,0.121,2.2,0.5,0
16.43,82.43,30.5,0.252,1.96,0.8,1
7.53,56.53,48.8,0.44,7.68,0.5,1
18.69,94.81,15.7,0.218,1.7,0.8,0
23.61,105.72,28.8,0.18,18.71,0.5,1
0.47,28.91,46.8,0.355,1.58,0.5,0
5.91,40.27,28.5,0.565,5.28,0.2,0
3.99,50.18,29.2,0.76,2.7,0.5,0
8.36,71.66,34.4,0.476,0.23,0.8,1
13.41,101.56,43.2,0.66,6.1,0.5,1
2.8,32.89,26.5,0.237,6.79,0.5,0
6.92,66.47,45.4,0.764,5.2,0.2,1
10.48,75.63,26.2,0.491,9.65,0.2,1
1.23,16.95,39.5,0.417,0.24,1.0,0
14.3,79.45,26.0,0.442,1.41,0.5,0
7.92,36.59,18.2,0.523,16.31,1.0,1
25.39,145.63,39.4,0.557,2.67,0.2,1
3.53,28.43,30.4,0.178,1.19,0.2,0
0.97,23.37,29.0,0.521,1.72,0.5,0
6.0,44.26,29.9,0.335,10.84,0.5,0
0.76,6.6,33.9,0.441,4.87,0.5,0
29.67,206.9,25.6,0.485,0.49,0.5,1
0.34,5.7,24.8,0.476,1.11,0.2,0
11.9,48.33,31.1,0.12,0.43,0.8,0
6.33,40.23,15.7,0.337,7.53,0.5,0
3.91,21.35,34.7,0.55,1.73,0.8,0
0.58,44.98,39.8,0.555,14.42,1.0,1
8.27,42.91,36.9,0.235,15.11,0.2,1
7.48,0.0,30.8,0.434,4.11,0.8,0
2.8,39.75,32.9,0.293,4.45,1.0,0
20.49,120.45,14.9,0.44,2.59,1.0,1
3.08,22.88,43.4,0.455,2.05,1.0,0
5.08,17.19,32.7,0.4,1.83,0.2,0
6.67,39.04,27.1,0.526,9.9,0.2,0
0.9,15.41,26.5,0.687,1.94,0.2,0
22.87,126.35,35.1,0.648,12.66,0.5,1
3.99,20.94,33.3,0.108,5.81,0.8,0
0.72,25.72,23.2,0.639,1.0,0.8,0
4.16,48.78,29.5,0.288,1.59,0.8,0
7.79,61.51,35.5,0.4,0.61,0.5,0
6.13,14.92,26.6,0.531,0.65,1.0,0
10.08,65.3,31.7,0.174,3.07,0.8,0
0.49,33.91,25.3,0.58,1.24,0.2,0
2.85,49.52,18.1,0.623,11.09,1.0,1
14.54,73.51,28.9,0.331,1.73,0.8,1
0.71,23.03,37.0,0.176,0.18,0.5,0
16.44,76.55,24.1,0.349,0.48,0.8,0
0.82,16.71,37.6,0.446,1.74,0.2,0
15.29,70.75,35.3,0.534,2.84,0.8,1
3.8,33.79,31.7,0.356,0.1,0.8,0
8.05,44.64,47.1,0.635,1.61,1.0,1
1.41,14.87,42.1,0.324,5.11,0.2,0
0.58,40.39,32.8,0.348,0.41,0.8,0
2.07,16.01,32.7,0.437,0.45,0.2,0
1.16,9.35,26.0,0.618,1.44,0.2,0
3.18,35.14,43.8,0.526,0.41,0.2,0
6.14,54.13,42.7,0.274,1.83,0.2,0
7.55,33.93,37.3,0.57,4.84,0.8,1
13.26,88.8,20.9,0.501,15.52,0.2,1
9.08,36.03,36.2,0.591,0.18,0.8,0
7.98,52.43,25.3,0.227,3.28,0.5,0
4.51,70.09,23.2,0.289,0.97,0.5,0
5.46,45.98,37.8,0.756,2.22,1.0,1
4.55,28.89,46.2,0.23,19.33,0.5,1
15.69,109.89,20.0,0.285,18.98,0.5,1
2.22,40.36,22.3,0.519,3.55,0.2,0
0.05,31.13,24.2,0.363,0.69,0.5,0
8.96,48.8,46.4,0.467,2.64,0.5,1
1.92,45.11,36.0,0.182,6.87,0.8,0
18.77,108.33,35.6,0.249,3.24,0.2,1
16.65,112.02,31.6,0.525,4.81,0.2,1
0.68,0.0,32.3,0.678,5.6,0.8,0
0.96,22.39,26.4,0.394,2.31,0.8,0
5.81,79.01,21.9,0.247,4.22,0.5,0
7.99,54.1,38.4,0.795,0.51,0.5,1
2.73,24.52,30.9,0.479,1.83,0.5,0
10.72,51.05,25.4,0.78,2.71,0.8,1
7.68,60.94,34.4,0.274,4.94,0.2,0
3.34,18.89,23.9,0.269,2.37,0.5,0
0.22,20.41,31.3,0.64,12.06,0.8,1
11.79,107.45,23.3,0.275,1.27,0.5,0
2.05,45.33,37.8,0.519,0.75,0.5,0
15.29,91.25,27.2,0.426,0.84,0.5,1
4.63,57.38,30.2,0.518,1.76,0.2,0
7.31,66.55,37.7,0.308,2.88,0.8,1
17.54,96.2,35.1,0.436,1.42,0.2,1
16.93,110.04,29.2,0.491,7.68,0.5,1
3.95,19.43,18.1,0.301,4.59,0.2,0
1.99,19.05,43.9,0.353,1.17,0.5,0
12.68,106.28,12.7,0.475,5.48,0.2,0
4.82,14.23,37.1,0.466,3.26,1.0,0
1.81,14.15,45.2,0.431,4.4,0.5,0
19.96,86.3,26.8,0.508,10.85,1.0,1
1.88,15.42,18.3,0.417,1.07,0.5,0
0.22,33.55,25.2,0.707,9.58,1.0,1
0.17,9.25,27.0,0.119,4.62,0.2,0
8.28,69.43,30.4,0.329,0.89,0.2,0
9.21,64.0,32.0,0.561,9.09,0.2,1
3.17,24.74,36.8,0.408,2.21,0.8,0
3.28,32.2,42.9,0.145,0.88,1.0,0
3.53,22.83,30.7,0.736,1.18,0.2,0
9.69,55.72,37.4,0.211,4.95,0.8,1
0.51,8.15,20.8,0.122,10.89,0.2,0
22.5,97.29,27.4,0.249,1.03,0.5,1
2.14,38.08,20.4,0.292,9.45,0.8,0
65.0,280.0,35.9,0.311,0.25,0.5,1
1.6,21.2,43.2,0.291,0.51,0.5,0
12.55,81.0,42.3,0.596,1.71,0.8,1
2.15,0.0,27.4,0.253,3.37,0.5,0
0.72,51.37,24.7,0.554,3.24,0.2,0
17.67,111.35,25.9,0.664,0.17,0.5,1
16.64,62.8,26.3,0.14,0.14,0.5,0
4.39,14.72,18.7,0.456,4.09,0.8,0
10.3,51.52,21.1,0.399,2.24,1.0,0
6.92,34.86,24.1,0.745,2.49,1.0,0
16.29,125.68,12.7,0.152,0.12,1.0,0
3.22,41.69,16.6,0.479,25.0,0.5,1
6.3,57.05,36.1,0.461,3.38,0.2,0
5.65,32.21,34.1,0.243,9.33,0.2,0
3.71,56.82,45.2,0.466,1.73,0.8,1
18.88,134.73,29.3,0.535,3.13,1.0,1
1.54,35.03,30.3,0.368,2.11,0.8,0
1.38,44.86,17.9,0.573,0.48,0.8,0
7.31,26.78,21.9,0.71,2.17,1.0,0
9.11,86.13,35.9,0.189,1.02,1.0,1
1.84,24.17,24.7,0.227,1.16,0.2,0
4.21,39.51,38.2,0.533,5.31,1.0,1
24.9,122.99,36.3,0.344,1.59,1.0,1
2.41,3.72,37.4,0.369,5.16,0.2,0
9.38,58.2,35.9,0.743,15.51,1.0,1
11.46,46.83,36.3,0.812,1.5,0.8,1
5.05,27.71,32.5,0.171,1.02,0.8,0
23.57,90.31,35.6,0.176,5.31,1.0,1
11.34,48.94,32.0,0.63,3.25,0.5,1
5.2,22.03,23.8,0.335,6.04,0.8,0
7.16,48.51,24.2,0.622,0.65,0.8,0
10.03,56.4,29.4,0.61,4.04,0.8,1
7.62,53.14,13.6,0.436,4.85,0.5,0
17.93,109.39,42.4,0.337,0.55,0.5,1
3.75,31.93,25.7,0.162,0.63,1.0,0
3.03,26.9,16.9,0.573,10.7,0.2,0
2.05,0.98,29.8,0.201,0.8,0.8,0
0.33,18.67,39.6,0.486,4.41,0.5,0
0.37,2.89,29.2,0.354,2.98,0.5,0
17.35,119.75,25.6,0.647,6.67,1.0,1
9.64,49.11,32.4,0.456,0.2,0.2,0
9.18,107.92,33.1,0.371,0.06,0.5,1
8.11,69.94,37.8,0.165,5.27,0.8,1
16.08,111.36,39.0,0.113,8.01,0.5,1
5.56,44.13,36.3,0.26,3.81,0.8,0
17.37,63.34,12.0,0.205,1.84,0.5,0
3.79,54.06,11.4,0.248,2.22,0.2,0
22.21,109.89,47.6,0.697,5.7,0.8,1
10.2,47.66,25.6,0.392,2.75,0.5,0
2.53,24.0,26.2,0.627,4.41,0.2,0
7.06,35.69,37.0,0.721,11.27,0.8,1
6.47,39.11,33.3,0.117,1.22,0.8,0
1.26,26.45,30.7,0.728,0.65,0.5,0
7.6,53.04,20.4,0.573,7.2,0.5,0
3.21,36.62,18.7,0.757,4.52,1.0,0
0.46,0.0,36.2,0.802,2.51,0.8,0
25.24,156.94,20.7,0.576,3.2,0.5,1
8.72,61.6,30.1,0.309,9.13,0.5,1
17.81,95.66,37.1,0.567,11.97,0.2,1
9.58,69.52,44.0,0.133,0.04,0.5,0
3.75,27.45,41.7,0.767,4.9,0.5,1
6.11,47.27,41.3,0.596,14.0,1.0,1
9.57,48.28,28.2,0.294,0.79,0.5,0
27.41,194.51,44.2,0.492,0.75,0.2,1
2.49,58.46,35.7,0.619,0.51,0.5,0
17.67,101.46,42.2,0.776,2.1,0.2,1
21.91,59.97,19.1,0.297,5.76,0.5,0
9.43,42.62,16.0,0.194,2.96,1.0,0
22.76,145.89,29.9,0.097,1.86,0.5,1
4.31,33.52,40.0,0.299,3.24,0.2,0
25.99,171.3,29.4,0.778,1.64,0.8,1
10.31,21.96,42.2,0.402,2.69,0.2,0
0.36,35.25,24.7,0.573,2.42,0.5,0
20.18,111.34,16.0,0.179,9.41,0.2,1
5.63,26.78,37.8,0.374,2.9,1.0,0
5.24,31.26,34.3,0.862,4.09,0.5,1
7.1,41.0,30.2,0.191,1.34,0.8,0
1.38,2.8,40.6,0.737,1.71,0.8,0
5.38,24.1,39.8,0.68,14.3,0.5,1
15.12,103.1,27.3,0.689,3.57,0.8,1
0.13,18.93,40.3,0.535,1.35,0.5,0
2.71,39.05,27.9,0.352,0.28,1.0,0
0.02,1.56,34.2,0.563,3.55,0.2,0
4.57,41.19,23.3,0.162,0.33,0.2,0
11.08,48.3,25.6,0.567,0.67,0.5,0
13.63,63.96,30.3,0.123,0.92,1.0,0
24.68,138.31,27.0,0.289,3.89,0.5,1
7.97,19.8,20.9,0.044,1.96,0.2,0
2.5,35.56,31.1,0.476,4.99,0.8,0
21.92,78.37,31.7,0.217,0.95,1.0,1
12.69,66.46,22.1,0.342,8.19,0.2,0
7.26,76.01,22.7,0.236,0.91,0.5,0
10.11,61.86,15.2,0.469,0.13,0.8,0
21.94,110.88,15.3,0.418,2.28,0.5,1
10.59,57.29,28.2,0.625,0.5,0.5,0
3.91,49.88,21.6,0.311,2.11,0.2,0
10.61,59.87,43.8,0.463,13.33,0.2,1
0.35,30.79,23.6,0.447,6.13,0.2,0
4.15,19.05,17.8,0.168,2.35,0.8,0
4.43,45.45,29.3,0.446,4.96,0.5,0
1.55,39.83,23.3,0.355,2.11,0.5,0
0.2,0.0,17.6,0.255,0.0,0.8,0
1.22,31.25,37.6,0.278,6.13,0.5,0
9.04,74.9,32.7,0.512,5.46,0.2,1
13.78,65.53,17.3,0.259,9.48,0.5,0
37.74,204.51,30.8,0.195,0.46,0.5,1
3.61,16.26,16.0,0.768,6.37,0.2,0
7.78,58.58,28.1,0.426,6.3,0.5,0
23.52,167.86,28.3,0.901,1.72,0.2,1
1.55,9.98,39.8,0.46,1.96,0.2,0
10.75,59.72,37.1,0.277,2.07,0.8,1
11.95,93.7,42.7,0.255,1.66,0.2,1
0.79,7.55,21.4,0.309,3.31,0.2,0
16.79,51.88,32.2,0.41,2.75,0.5,0
14.26,67.92,14.3,0.749,3.26,0.5,0
0.29,27.65,39.9,0.504,3.49,0.8,0
0.81,5.44,28.4,0.3,4.5,1.0,0
0.43,19.93,18.0,0.28,1.33,0.2,0
3.46,55.76,27.3,0.398,0.8,1.0,0
6.05,55.5,26.3,0.329,2.86,0.8,0
6.46,36.86,38.0,0.507,2.15,0.5,0
2.65,32.39,20.8,0.194,4.74,1.0,0
20.62,136.16,32.7,0.706,3.2,0.2,1
3.9,39.75,38.8,0.519,4.48,1.0,1
0.4,45.41,37.2,0.556,0.82,0.8,0
3.03,40.27,44.7,0.234,17.76,0.5,1
6.44,68.76,10.8,0.577,0.99,0.8,0
4.46,43.8,28.1,0.391,1.93,1.0,0
2.72,19.32,28.5,0.61,4.83,0.5,0
1.2,59.61,15.5,0.67,0.1,0.5,0
14.54,104.92,39.6,0.67,6.66,0.8,1
47.25,158.84,35.8,0.073,3.29,0.5,1
3.4,67.82,32.1,0.624,8.08,0.2,1
4.09,21.11,29.3,0.402,2.97,0.8,0
8.18,46.26,42.6,0.476,0.1,0.5,0
10.77,66.1,25.6,0.56,2.58,1.0,1
4.23,40.18,27.6,0.558,8.63,0.2,0
20.0,101.18,45.7,0.571,1.14,0.5,1
6.98,12.88,17.7,0.676,1.46,0.8,0
5.09,56.22,38.4,0.274,0.13,1.0,0
8.84,39.09,36.6,0.304,7.23,0.8,1
25.95,115.54,42.9,0.217,7.67,1.0,1
13.45,99.85,19.1,0.577,0.67,0.8,1
0.35,25.26,47.0,0.128,0.91,0.5,0
3.43,45.5,15.2,0.44,2.9,0.8,0
5.41,46.68,27.7,0.089,0.92,0.5,0
3.21,49.46,18.9,0.261,0.91,0.8,0
10.24,96.23,16.9,0.404,1.96,0.5,0
14.88,67.11,46.6,0.708,3.17,1.0,1
11.17,66.33,36.7,0.138,0.1,0.8,0
38.6,201.3,31.6,0.494,8.02,1.0,1
2.7,41.35,20.0,0.298,4.88,1.0,0
17.67,90.11,32.0,0.397,0.35,0.5,1
12.37,41.22,27.2,0.583,3.25,0.8,1
3.82,69.54,25.8,0.775,0.54,1.0,1
11.26,47.1,34.1,0.519,4.38,0.5,1
0.93,45.95,38.7,0.353,0.82,0.5,0
13.24,74.85,30.2,0.709,1.02,1.0,1
6.46,78.48,31.3,0.333,7.05,0.5,1
2.94,31.37,34.9,0.481,1.42,0.2,0
9.06,42.09,20.7,0.612,6.85,0.2,0
8.72,67.34,40.0,0.308,5.4,0.5,1
2.0,8.88,40.3,0.109,1.46,1.0,0
0.26,61.19,32.4,0.273,4.45,0.5,0
4.83,47.38,23.2,0.064,0.03,1.0,0
7.16,51.03,31.5,0.308,3.24,0.2,0
17.79,134.07,19.9,0.242,6.69,0.2,1
22.39,70.73,37.9,0.38,7.07,0.5,1
6.4,50.6,27.0,0.067,3.67,0.8,0
11.91,67.21,27.0,0.704,1.65,0.5,1
4.92,77.78,45.2,0.449,13.59,0.2,1
11.65,48.88,29.7,0.449,17.39,0.5,1
1.95,19.51,38.7,0.365,0.1,1.0,0
3.94,28.31,34.5,0.272,0.66,0.2,0
8.55,40.22,27.1,0.181,14.19,0.5,0
0.16,0.0,20.7,0.602,19.19,0.8,0
10.9,44.72,39.0,0.334,10.95,1.0,1
15.34,58.75,37.9,0.246,0.31,0.2,0
4.33,61.5,22.5,0.649,4.05,1.0,1
5.05,46.4,25.2,0.391,0.26,0.5,0
16.2,118.15,38.0,0.862,2.44,0.2,1
12.7,62.41,48.3,0.638,14.4,1.0,1
2.89,29.66,40.5,0.478,7.65,0.2,0
3.33,54.75,35.7,0.289,0.51,0.2,0
9.66,100.0,43.6,0.377,2.97,0.2,1
7.04,75.37,26.2,0.569,0.58,0.5,0
1.5,30.73,13.0,0.758,0.62,0.2,0
3.15,38.92,27.2,0.46,0.51,0.2,0
19.57,91.28,47.1,0.242,0.39,1.0,1
9.91,76.53,42.0,0.359,0.87,0.5,1
36.27,113.05,16.8,0.194,9.45,0.5,1
12.38,104.35,31.5,0.203,1.68,0.8,1
24.2,91.17,18.5,0.386,7.29,0.5,1
2.07,50.52,38.7,0.449,0.15,0.2,0
12.55,83.77,28.6,0.387,3.37,0.2,0
0.17,0.78,43.4,0.135,3.3,0.5,0
9.44,47.13,17.1,0.277,9.64,0.8,0
5.38,38.29,37.1,0.226,0.56,0.8,0
3.62,29.27,29.2,0.789,5.37,1.0,1
16.86,97.79,25.7,0.639,5.91,0.2,1
16.37,94.83,31.9,0.468,2.82,0.5,1
0.19,15.9,31.2,0.433,0.97,0.8,0
7.99,44.7,28.0,0.452,1.6,0.8,0
3.9,47.91,34.8,0.241,2.91,0.5,0
4.57,33.63,35.1,0.389,2.57,0.5,0
15.16,84.61,18.4,0.295,4.58,0.5,0
3.15,36.61,33.6,0.57,1.12,0.2,0
24.36,90.25,36.4,0.461,1.34,0.2,1
1.68,28.8,18.4,0.466,8.94,0.5,0
9.24,33.4,35.1,0.575,5.14,0.8,1
9.48,32.01,39.2,0.433,1.67,0.8,0
2.47,32.86,40.1,0.621,4.85,1.0,1
3.34,57.27,16.2,0.388,0.1,0.5,0
15.31,62.59,36.1,0.678,1.66,1.0,1
12.19,63.65,38.9,0.298,0.58,0.5,0
3.39,32.7,29.1,0.356,1.3,0.5,0
6.49,33.02,32.4,0.454,3.16,0.5,0
0.54,12.32,25.7,0.241,3.93,0.5,0
1.99,9.67,26.9,0.413,12.68,0.5,0
5.65,40.61,31.5,0.492,3.57,1.0,0
0.76,25.87,21.8,0.165,1.33,1.0,0
15.76,77.78,28.5,0.594,5.82,0.5,1
10.76,56.03,26.7,0.401,1.87,0.8,0
24.45,69.2,24.8,0.51,0.49,0.8,1
10.05,27.51,31.1,0.297,3.55,0.5,0
23.97,78.75,40.4,0.609,2.99,0.8,1
6.87,37.49,25.0,0.427,0.11,0.5,0
7.79,26.43,35.1,0.139,0.81,0.5,0
32.05,149.02,25.3,0.625,0.59,1.0,1
8.73,42.65,21.5,0.81,2.16,0.5,0
0.27,7.56,45.1,0.262,20.04,1.0,1
10.94,76.43,34.4,0.487,5.35,0.8,1
20.05,122.01,19.8,0.416,1.41,0.5,1
13.49,71.58,34.4,0.099,11.44,0.8,1
7.45,60.44,22.8,0.38,2.88,0.5,0
9.46,45.18,42.3,0.28,7.05,0.5,1
39.31,254.85,25.1,0.64,15.86,0.5,1
0.81,17.35,39.3,0.471,6.29,0.8,0
9.35,29.33,23.6,0.325,6.69,0.5,0
2.83,22.04,32.7,0.394,11.4,0.5,0
8.69,54.57,43.4,0.653,0.93,0.5,1
7.95,67.22,26.5,0.077,7.2,1.0,0
1.42,36.19,18.7,0.717,0.72,1.0,0
1.97,27.61,32.6,0.634,3.08,1.0,0
8.26,79.28,22.6,0.626,0.43,0.5,0
1.17,0.0,36.9,0.186,1.55,0.5,0
2.62,36.09,33.5,0.73,0.6,0.5,0
15.33,91.74,27.9,0.366,6.8,0.2,1
3.37,39.72,36.3,0.387,3.58,0.5,0
5.69,15.03,24.8,0.119,0.84,0.2,0
24.08,108.89,43.7,0.36,7.34,1.0,1
2.19,23.16,27.9,0.405,3.91,0.2,0
4.2,53.55,37.9,0.7,0.3,0.8,1
7.93,84.43,25.5,0.362,1.45,0.8,0
11.97,47.57,36.5,0.375,0.54,1.0,1
19.71,67.34,15.4,0.619,0.37,0.5,0
21.0,100.87,26.5,0.726,4.34,1.0,1
12.74,94.22,19.3,0.424,0.53,0.5,0
2.2,44.79,30.4,0.191,0.61,0.5,0
0.21,10.04,30.1,0.256,5.75,0.5,0
4.12,78.3,28.2,0.562,9.72,0.5,1
1.3,35.64,48.0,0.407,1.16,0.2,0
10.53,58.55,25.0,0.372,11.28,1.0,1
9.2,92.89,38.8,0.112,1.25,0.2,0
0.38,9.18,30.3,0.294,1.72,0.2,0
15.4,95.39,27.6,0.344,4.0,0.2,1
2.43,43.73,23.7,0.412,5.13,0.8,0
4.81,47.68,34.5,0.187,16.63,0.2,0
9.37,51.55,27.6,0.173,5.58,0.2,0
4.77,42.8,39.5,0.394,2.21,0.5,0
4.95,64.45,46.9,0.822,0.43,0.2,1
0.58,0.0,24.5,0.253,3.74,0.8,0
4.36,50.1,20.9,0.447,7.0,0.5,0
12.3,50.73,27.1,0.419,6.78,1.0,1
20.97,93.39,30.8,0.197,4.8,1.0,1
4.54,35.53,26.7,0.189,5.37,0.5,0
4.68,0.0,47.0,0.627,0.53,0.2,0
10.31,60.48,38.4,0.447,0.51,0.5,0
24.32,102.73,46.7,0.646,3.28,1.0,1
2.64,45.51,28.6,0.484,0.24,0.8,0
4.93,45.58,26.8,0.272,0.76,0.2,0
13.51,50.71,29.4,0.361,5.03,0.5,0
8.0,52.92,32.0,0.16,0.1,0.8,0
1.0,42.24,37.3,0.429,0.67,0.5,0
8.4,82.73,42.0,0.622,5.96,0.8,1
1.76,14.3,30.7,0.661,9.82,0.2,0
6.07,24.46,26.3,0.06,1.09,0.5,0
6.4,62.07,27.2,0.34,2.7,0.5,0
17.76,96.28,36.0,0.387,8.21,0.2,1
5.28,55.32,32.9,0.774,6.23,0.8,1
2.79,1.47,31.2,0.811,7.32,0.5,0
2.23,23.43,23.7,0.42,1.48,0.2,0
17.62,120.96,41.8,0.243,1.31,0.5,1
1.59,26.47,38.4,0.345,4.88,1.0,0
4.72,55.44,21.4,0.374,2.79,0.8,0
1.76,8.98,28.4,0.363,7.73,0.2,0
12.62,69.13,32.4,0.118,5.17,0.5,0
5.47,50.65,30.5,0.486,1.63,1.0,0
3.68,51.78,29.2,0.688,6.64,0.2,0
3.81,38.13,36.6,0.29,9.72,0.5,0
16.25,87.91,17.1,0.351,0.48,0.2,0
6.86,20.13,30.9,0.161,2.93,0.2,0
10.76,72.0,25.6,0.605,3.21,0.5,1
19.32,129.33,18.8,0.84,0.23,0.2,1
19.72,113.01,30.7,0.199,0.06,0.5,1
3.39,44.42,22.6,0.289,0.75,0.2,0
25.89,94.47,25.4,0.403,6.84,0.8,1
0.21,36.06,31.6,0.448,3.89,1.0,0
4.02,40.44,47.3,0.37,0.76,0.8,1
19.22,86.0,35.7,0.359,3.55,0.8,1
2.73,48.56,26.1,0.17,3.76,0.2,0
2.71,21.63,28.8,0.359,2.39,0.2,0
3.06,48.99,29.4,0.576,2.83,0.5,0
8.05,27.51,21.9,0.802,4.48,0.8,0
4.9,68.95,22.2,0.45,8.79,0.5,0
11.03,46.33,21.7,0.688,7.4,0.2,0
19.15,55.09,32.0,0.408,4.69,0.8,1
9.53,37.67,35.5,0.585,7.37,1.0,1
1.94,22.86,33.5,0.291,3.75,0.8,0
22.94,94.21,47.7,0.427,5.27,0.5,1
2.61,48.92,20.8,0.178,8.17,0.8,0
1.38,27.63,48.6,0.439,8.02,0.8,1
0.8,0.0,30.8,0.39,6.35,0.2,0
7.04,32.91,24.2,0.549,3.02,0.8,0
1.03,65.41,45.1,0.332,0.8,0.8,1
1.27,25.96,30.8,0.472,6.97,0.5,0
3.03,42.63,27.9,0.271,5.4,0.2,0
2.81,24.73,24.1,0.31,5.61,0.8,0
7.88,26.22,25.7,0.461,0.51,0.5,0
14.42,80.07,47.8,0.787,7.38,0.2,1
12.18,86.29,26.8,0.389,6.08,1.0,1
2.59,22.64,47.7,0.125,1.92,0.8,0
2.39,58.0,27.5,0.393,2.48,0.8,0
28.69,164.44,24.6,0.488,11.73,0.2,1
0.07,4.41,23.0,0.375,0.17,0.8,0
18.0,84.65,29.5,0.371,0.54,0.8,1
1.89,42.04,24.8,0.478,6.45,0.5,0
25.01,139.56,36.0,0.358,3.6,0.2,1
3.56,27.35,24.9,0.427,0.21,0.8,0
4.93,16.15,40.2,0.383,4.56,0.5,0
10.44,66.48,40.2,0.283,1.87,0.5,0
7.53,63.14,26.2,0.823,2.33,0.8,1
3.25,24.25,37.6,0.637,0.97,0.2,0
6.86,56.27,41.1,0.412,0.73,0.5,0
11.15,78.54,33.4,0.537,2.12,0.8,1
0.37,45.71,28.4,0.382,3.33,0.2,0
0.1,4.7,30.2,0.309,0.92,0.2,0
5.21,28.34,38.6,0.382,2.3,0.5,0
1.2,12.69,26.5,0.592,3.36,0.8,0
9.28,58.32,27.6,0.213,2.51,0.2,0
2.05,29.82,22.2,0.347,2.4,0.5,0
4.82,51.48,29.2,0.263,1.29,0.2,0
1.87,14.09,18.9,0.448,0.45,0.5,0
6.76,64.38,27.2,0.292,11.39,0.5,1
1.05,16.42,28.6,0.354,8.86,0.8,0
0.2,38.43,25.4,0.557,10.11,0.2,0
0.45,68.5,19.7,0.669,3.01,0.5,0
26.22,142.41,32.0,0.315,1.15,0.5,1
1.3,28.68,41.4,0.687,1.52,0.5,0
10.48,80.8,27.6,0.167,3.49,0.5,0
0.6,53.05,24.8,0.608,4.77,0.5,0
0.97,20.08,26.2,0.377,3.93,1.0,0
6.04,46.4,41.2,0.519,0.74,0.8,1
5.31,49.53,32.1,0.3,8.39,0.5,0
25.74,125.3,21.0,0.2,3.62,0.8,1
24.63,121.27,36.4,0.46,7.59,0.5,1
12.85,65.47,21.9,0.519,3.66,1.0,1
7.83,72.19,17.5,0.552,1.97,0.5,0
5.16,41.35,25.4,0.673,0.34,0.8,0
3.74,26.01,22.5,0.258,1.37,0.8,0
24.98,109.06,33.8,0.671,0.81,1.0,1
7.85,50.33,31.2,0.327,12.44,0.8,1
7.36,51.44,36.8,0.166,1.94,0.2,0
2.24,45.77,31.7,0.352,8.94,0.2,0
0.41,49.89,29.7,0.704,1.53,0.8,0
24.68,109.02,32.1,0.685,0.5,0.2,1
3.2,38.78,30.0,0.539,6.31,0.5,0
4.97,41.85,15.9,0.526,2.41,0.8,0
1.03,6.67,35.6,0.441,7.23,0.8,0
15.42,97.38,46.4,0.591,3.18,0.5,1
0.24,32.88,29.7,0.288,0.4,0.2,0
15.26,75.82,29.8,0.283,0.12,0.5,0
1.28,20.29,16.5,0.335,0.66,0.2,0
18.5,107.06,42.4,0.218,1.47,0.8,1
11.12,27.39,44.3,0.157,2.0,1.0,0
1.53,27.19,39.5,0.393,7.6,1.0,1
7.09,27.32,19.9,0.17,8.04,0.5,0
3.19,36.73,42.8,0.707,2.32,0.5,1
1.67,29.62,14.7,0.283,4.06,0.8,0
16.66,116.47,30.3,0.176,0.53,0.5,1
4.39,44.99,31.5,0.426,11.51,0.8,1
4.32,63.49,40.2,0.154,1.57,0.5,0
1.58,16.23,37.5,0.367,3.97,1.0,0
4.11,31.75,38.9,0.763,3.06,1.0,1
17.45,118.15,41.5,0.337,5.52,0.2,1
3.84,29.6,31.0,0.381,18.55,0.5,1
25.74,178.22,38.4,0.517,2.17,0.8,1
24.86,144.39,17.9,0.656,1.34,0.5,1
1.33,54.94,30.3,0.145,0.4,0.2,0
1.66,28.13,15.3,0.369,5.97,0.2,0
16.88,54.66,43.6,0.777,1.42,0.8,1
4.24,39.27,46.1,0.208,2.23,0.5,0
0.04,19.08,18.8,0.716,11.93,0.5,0
2.72,41.97,32.2,0.267,11.16,0.2,0
7.74,61.4,27.3,0.202,4.5,0.2,0
13.65,76.39,27.8,0.601,0.42,0.5,1
1.22,9.83,30.4,0.058,2.26,0.5,0
1.0,22.43,20.7,0.162,9.09,1.0,0
21.69,100.95,22.9,0.531,2.66,0.5,1
11.82,58.23,33.2,0.647,15.73,0.8,1
7.57,51.26,14.2,0.743,0.8,0.8,0
12.46,98.43,33.7,0.206,3.46,1.0,1
4.76,9.56,27.2,0.267,0.8,0.5,0
12.08,63.95,40.1,0.566,6.04,0.5,1
3.95,53.71,33.7,0.467,9.49,0.2,0
2.38,42.71,36.3,0.303,0.24,1.0,0
11.1,75.19,20.3,0.14,2.12,0.2,0
4.63,42.44,25.7,0.337,0.15,0.5,0
33.86,119.54,50.3,0.41,0.27,0.2,1
3.65,38.02,30.0,0.114,1.74,0.5,0
21.65,133.51,28.2,0.326,3.32,0.2,1
22.97,123.31,41.7,0.283,7.25,0.2,1
2.35,27.22,15.5,0.467,11.18,0.8,0
13.6,42.07,32.2,0.701,1.19,0.2,0
4.82,39.22,23.9,0.625,0.96,0.8,0
21.21,88.52,28.4,0.554,0.65,1.0,1
5.08,55.46,23.6,0.122,0.08,0.8,0
11.59,76.23,15.9,0.27,2.91,0.5,0
5.35,42.05,29.6,0.429,2.88,0.2,0
2.2,29.29,38.7,0.48,0.34,1.0,0
1.89,16.26,45.6,0.528,0.07,0.2,0
4.71,56.06,34.2,0.277,1.83,0.8,0
11.97,43.76,29.0,0.583,0.31,0.5,0
7.9,80.23,38.1,0.294,0.22,0.5,0
9.92,78.44,31.6,0.187,2.59,0.5,0
2.82,56.02,28.4,0.502,6.36,0.8,1
5.58,9.47,22.9,0.816,4.2,0.5,0
0.39,0.0,38.9,0.29,0.63,0.2,0
14.46,96.6,31.5,0.383,4.11,0.2,1
39.05,135.48,46.5,0.866,1.64,0.2,1
4.44,36.0,39.1,0.508,0.34,0.5,0
0.09,29.08,29.7,0.314,1.75,1.0,0
1.58,42.05,37.2,0.553,7.63,0.5,1
8.99,53.65,30.5,0.142,0.87,0.5,0
8.05,63.4,18.6,0.31,2.57,0.5,0
13.18,59.54,31.8,0.825,1.64,0.8,1
2.49,20.58,41.4,0.43,6.11,1.0,1
12.26,84.9,41.0,0.534,3.47,0.2,1
9.9,53.48,33.1,0.182,2.0,0.5,0
3.31,16.58,28.7,0.385,2.17,0.2,0
6.7,53.93,13.1,0.525,8.89,0.8,0
1.35,16.64,27.0,0.468,1.1,0.5,0
5.12,33.81,49.1,0.787,0.33,0.5,1
18.11,133.42,36.8,0.295,7.29,1.0,1
4.65,47.98,36.6,0.416,2.47,0.5,0
15.55,67.87,37.8,0.571,0.19,0.5,1
7.58,46.15,34.1,0.714,8.93,0.5,1
1.81,36.96,33.3,0.851,3.76,0.5,1
7.4,58.82,30.5,0.472,1.1,0.2,0
5.99,49.78,30.3,0.387,4.56,0.2,0
4.32,18.99,41.6,0.217,1.19,1.0,0
1.08,22.3,29.1,0.413,1.88,1.0,0
4.58,39.26,40.4,0.285,1.66,1.0,0
0.64,6.58,40.3,0.116,5.2,0.5,0
0.88,31.72,38.1,0.462,0.43,0.5,0
4.57,48.83,15.9,0.17,1.26,0.8,0
3.1,41.65,21.7,0.222,8.79,0.5,0
22.08,81.35,27.1,0.168,8.2,0.5,1
4.0,39.92,40.7,0.389,13.41,0.5,1
12.05,56.54,41.7,0.573,0.1,1.0,1
6.42,58.89,16.2,0.211,0.46,0.8,0
10.35,50.32,27.3,0.805,13.1,0.5,1
2.56,27.06,40.8,0.551,1.3,0.2,0
24.19,107.45,25.2,0.222,4.94,0.5,1
6.42,55.3,47.5,0.28,11.14,0.5,1
15.13,70.08,31.3,0.263,6.71,0.5,1
3.86,32.45,44.7,0.762,1.85,0.5,1
0.9,40.73,29.9,0.684,3.66,0.8,0
9.52,63.39,27.3,0.305,2.09,0.5,0
0.07,8.94,28.3,0.131,1.41,1.0,0
5.48,48.16,42.1,0.432,5.16,1.0,1
1.82,9.15,27.5,0.44,15.04,0.5,0
8.39,62.4,35.3,0.249,2.28,0.5,0
33.01,149.96,30.8,0.406,3.05,0.8,1
5.31,47.25,45.0,0.545,2.17,1.0,1
14.46,52.03,22.1,0.781,14.17,0.2,1
6.03,71.71,29.9,0.401,4.92,0.5,0
5.82,23.06,20.7,0.128,2.65,0.2,0
22.66,133.39,33.2,0.493,5.44,0.5,1
18.76,65.03,29.3,0.185,0.61,1.0,0
13.1,116.42,17.5,0.369,0.13,0.8,1
2.99,34.49,40.8,0.802,2.71,0.5,1
6.69,72.94,28.6,0.395,4.49,0.5,0
2.15,18.24,31.4,0.131,0.42,0.2,0
4.99,38.12,29.4,0.588,1.16,0.5,0
5.63,63.31,31.2,0.246,15.18,1.0,1
15.14,68.3,13.9,0.042,0.74,0.8,0
19.24,96.3,39.5,0.397,0.67,0.5,1
4.55,40.11,27.5,0.347,1.8,0.8,0
0.15,5.45,36.8,0.184,25.0,0.8,1
16.82,97.53,17.7,0.617,1.41,0.5,1
1.63,29.12,32.0,0.599,0.86,0.2,0
8.27,42.84,43.2,0.359,0.74,0.5,0
0.21,35.07,29.2,0.606,6.0,0.5,0
4.34,15.71,23.5,0.499,6.86,0.8,0
36.26,137.63,19.6,0.679,4.77,0.5,1
0.9,24.29,41.1,0.183,8.13,0.5,0
4.68,29.41,24.9,0.306,8.85,1.0,0
3.12,22.01,47.4,0.194,5.97,0.8,0
20.02,93.91,25.1,0.658,3.97,0.5,1
17.3,90.34,31.1,0.609,5.6,0.5,1
2.31,44.84,30.6,0.208,12.17,1.0,1
0.72,41.98,17.6,0.28,4.77,0.5,0
8.39,94.49,32.2,0.678,5.12,0.8,1
3.49,36.49,35.4,0.24,1.59,0.2,0
9.48,65.76,37.3,0.24,2.49,0.8,1
0.28,17.21,32.0,0.231,12.38,0.5,0
1.22,20.0,39.5,0.256,8.28,0.8,0
9.86,59.03,37.6,0.38,0.62,0.2,0
2.03,36.41,23.4,0.692,0.38,0.2,0
16.57,128.88,29.3,0.566,2.3,0.5,1
0.51,21.89,21.5,0.169,0.74,0.2,0
2.06,7.38,21.1,0.309,12.29,0.8,0
55.62,215.07,36.4,0.381,5.33,0.2,1
4.82,60.18,32.1,0.355,6.94,0.2,0
10.32,53.53,33.7,0.174,4.06,0.8,0
1.71,37.9,37.0,0.53,5.92,0.2,0
8.0,43.64,26.0,0.774,0.98,0.2,0
11.01,57.52,29.3,0.474,16.55,0.2,1
3.21,36.42,33.8,0.263,3.4,0.5,0
15.01,93.01,19.4,0.262,1.57,0.2,0
7.86,59.08,40.2,0.673,16.47,0.8,1
4.19,32.54,27.8,0.49,0.08,1.0,0
6.93,25.05,35.1,0.208,4.46,0.5,0
7.31,38.17,50.1,0.601,6.69,0.2,1
1.54,6.67,31.0,0.437,0.34,0.8,0
4.38,38.82,24.1,0.515,6.35,0.5,0
3.58,38.65,24.1,0.468,4.64,0.5,0
4.35,0.0,17.5,0.448,1.36,0.2,0
12.17,96.79,38.0,0.237,0.47,0.5,1
5.6,32.2,26.5,0.279,5.66,1.0,0
23.96,111.38,22.6,0.318,9.66,0.5,1
2.96,45.04,36.5,0.119,2.14,0.8,0
4.57,65.48,26.9,0.422,3.22,0.8,0
13.14,50.55,33.7,0.414,1.95,0.5,0
6.71,5.23,29.6,0.453,5.46,0.8,0
6.73,57.26,27.6,0.023,7.5,0.5,0
0.47,2.74,31.3,0.453,3.59,0.5,0
4.32,49.93,27.0,0.616,2.54,0.2,0
2.68,41.78,41.6,0.299,4.67,0.5,0
62.19,137.98,18.2,0.574,2.1,0.5,1
3.13,10.12,15.3,0.152,3.65,0.5,0
18.35,95.19,29.4,0.642,2.74,0.8,1
9.59,18.31,22.6,0.349,0.74,0.8,0
3.54,16.62,37.3,0.161,1.92,1.0,0
6.67,60.61,28.1,0.278,1.14,0.2,0
15.61,66.99,25.5,0.352,1.24,0.8,0
18.26,77.9,28.2,0.226,0.05,0.5,0
1.49,30.63,24.2,0.59,6.68,1.0,0
3.53,8.08,26.6,0.289,0.11,0.5,0
3.47,13.5,33.0,0.367,5.53,0.8,0
0.37,32.88,41.3,0.318,0.7,1.0,0
7.75,75.9,28.5,0.206,10.32,1.0,1
16.4,90.0,27.2,0.168,6.22,1.0,1
4.08,39.7,38.5,0.194,0.47,0.8,0
11.45,73.99,14.6,0.179,6.18,0.5,0
8.4,68.87,26.7,0.381,1.69,0.5,0
4.0,38.19,30.4,0.396,9.33,0.2,0
1.29,14.67,33.7,0.552,2.7,0.2,0
10.5,87.6,22.0,0.447,5.02,0.2,0
16.39,109.74,30.0,0.248,0.09,0.5,1
9.84,53.17,32.9,0.213,0.22,0.5,0
0.15,25.42,31.7,0.269,0.0,0.8,0
2.07,16.24,33.1,0.183,0.12,0.5,0
0.61,22.69,35.2,0.322,3.06,0.5,0
7.18,37.64,28.7,0.481,5.82,0.5,0
12.01,62.77,17.7,0.46,0.2,0.2,0
1.0,29.88,17.2,0.029,1.21,0.2,0
15.49,90.54,41.1,0.489,2.35,0.8,1
6.89,42.78,35.5,0.337,2.69,0.5,0
9.95,55.0,37.9,0.539,4.15,0.2,1
30.21,110.47,44.3,0.262,0.29,1.0,1
0.74,18.65,37.5,0.151,5.54,0.8,0
19.68,77.49,35.9,0.345,0.61,0.5,1
1.15,38.62,35.0,0.284,2.03,1.0,0
4.24,41.52,25.5,0.704,1.27,1.0,0
16.21,87.05,46.0,0.094,2.58,0.2,1
20.12,106.34,32.4,0.428,0.89,1.0,1
6.0,15.98,24.3,0.423,4.76,0.5,0
7.66,68.46,23.9,0.34,3.61,0.8,0
10.47,40.97,39.5,0.494,3.78,0.5,1
15.2,95.99,25.2,0.789,4.82,0.8,1
1.1,33.5,16.2,0.694,0.9,0.2,0
14.12,101.09,29.9,0.459,3.18,0.2,1
5.58,70.79,39.6,0.624,3.1,0.2,1
5.09,54.03,29.6,0.514,4.06,0.5,0
4.69,34.76,39.2,0.375,5.77,0.2,0
6.05,39.07,40.0,0.066,8.74,0.5,0
24.66,112.38,41.1,0.398,0.49,0.2,1
6.75,47.91,33.4,0.159,0.48,0.5,0
26.02,148.13,36.1,0.771,0.46,1.0,1
1.69,54.37,25.6,0.235,8.46,0.2,0
10.95,52.1,19.6,0.76,1.61,0.5,0
14.22,50.41,32.2,0.529,4.18,1.0,1
9.66,50.88,13.1,0.275,1.73,0.5,0
7.94,68.44,30.7,0.36,2.45,1.0,1
7.07,90.74,19.7,0.439,3.7,0.2,0
16.77,118.71,20.0,0.474,2.09,0.2,1
14.65,112.98,41.6,0.767,0.36,0.2,1
1.11,12.35,34.6,0.629,3.27,0.8,0
16.05,83.91,34.7,0.301,8.23,0.5,1
4.54,20.7,29.3,0.614,2.74,0.8,0
2.49,16.47,29.5,0.218,9.08,1.0,0
17.33,137.65,26.7,0.434,3.29,0.8,1
4.81,56.95,30.0,0.446,4.23,0.8,0
14.04,79.71,33.4,0.559,1.44,0.2,1
2.6,23.63,23.1,0.433,2.05,0.5,0
0.03,4.09,25.5,0.599,3.56,0.5,0
5.81,49.0,31.4,0.569,6.02,0.2,0
0.9,26.63,28.9,0.593,4.81,0.5,0
11.93,61.35,39.7,0.399,4.05,0.8,1
2.75,43.31,39.8,0.52,11.4,0.5,1
4.98,30.57,27.6,0.244,0.17,0.8,0
0.77,35.54,30.4,0.164,8.45,0.2,0
2.87,33.21,47.6,0.511,2.12,0.5,0
12.93,93.65,40.0,0.093,0.76,0.5,1
1.4,15.18,24.1,0.234,0.43,0.5,0
8.85,48.72,26.1,0.567,14.94,0.8,1
21.2,154.87,18.8,0.376,11.84,1.0,1
9.68,46.19,35.5,0.291,17.0,1.0,1
14.16,62.95,27.1,0.444,3.49,0.2,0
0.98,25.53,32.3,0.058,2.68,0.2,0
2.45,32.76,38.0,0.334,4.25,0.2,0
19.12,106.34,40.3,0.708,1.52,1.0,1
10.67,65.03,27.3,0.385,1.42,0.2,0
8.67,67.34,24.8,0.66,3.1,0.5,1
9.26,54.66,40.7,0.438,7.71,0.8,1
4.55,40.91,28.8,0.416,12.36,0.5,0
0.39,13.82,39.8,0.461,1.6,0.8,0
13.04,87.57,21.8,0.241,8.72,0.5,1
9.65,83.43,43.4,0.694,0.53,0.8,1
5.44,69.49,31.1,0.366,0.57,0.8,0
19.55,68.97,22.5,0.185,11.72,0.2,0
3.48,25.06,32.2,0.435,10.28,0.5,0
2.96,28.45,41.6,0.404,0.48,0.8,0
17.53,93.62,29.0,0.347,9.26,0.5,1
13.55,82.37,22.8,0.53,2.5,0.5,1
6.15,48.59,33.1,0.498,6.91,1.0,1
1.19,29.47,40.2,0.165,1.31,0.2,0
2.06,33.37,20.6,0.067,4.65,0.8,0
9.08,61.04,16.2,0.427,8.03,0.8,0
4.13,29.24,17.2,0.498,6.09,1.0,0
15.39,64.93,24.6,0.471,1.66,0.5,0
25.46,161.13,12.6,0.448,0.32,0.2,1
13.92,70.22,29.9,0.328,7.25,1.0,1
4.03,20.74,36.1,0.297,1.78,0.2,0
13.21,64.71,36.4,0.146,3.46,0.5,0
3.68,25.85,34.5,0.699,0.06,0.5,0
1.55,5.24,26.5,0.495,13.18,0.8,0
0.29,0.0,37.1,0.435,0.56,0.2,0
4.14,16.72,33.1,0.183,3.97,0.8,0
19.88,99.26,41.2,0.225,6.28,1.0,1
2.32,35.3,31.0,0.432,0.44,0.8,0
1.97,41.4,22.9,0.481,3.21,0.2,0
29.76,154.61,34.5,0.049,12.46,1.0,1
0.22,22.26,21.8,0.412,9.12,0.2,0
13.1,66.48,46.4,0.24,1.21,0.8,1
3.3,26.31,36.2,0.451,12.36,0.2,0
0.32,18.92,37.7,0.593,12.62,0.5,1
21.24,126.24,35.6,0.229,2.31,0.8,1
1.28,28.93,19.5,0.208,0.65,1.0,0
6.82,63.08,30.7,0.581,0.26,0.2,0
2.72,15.75,34.9,0.221,2.27,0.8,0
0.57,28.33,24.6,0.245,2.93,0.5,0
0.44,32.33,35.6,0.43,1.14,0.5,0
1.04,42.0,39.7,0.283,0.01,0.5,0
0.63,31.53,25.9,0.606,0.56,0.5,0
12.15,75.85,23.6,0.376,1.05,0.2,0
5.65,49.82,42.1,0.266,1.42,0.5,0
3.57,34.04,12.2,0.161,2.04,1.0,0
4.61,44.95,25.4,0.464,4.8,0.2,0
22.48,171.6,29.4,0.314,5.8,1.0,1
20.54,137.07,35.4,0.294,1.64,0.2,1
10.69,61.85,50.4,0.341,9.61,0.2,1
18.36,112.06,28.5,0.484,0.73,0.5,1
3.27,0.0,45.4,0.288,1.48,1.0,0
4.08,27.23,28.4,0.125,0.58,0.8,0
8.08,67.14,36.0,0.251,4.24,0.5,0
8.31,42.47,22.4,0.434,0.94,0.8,0
5.59,28.96,30.6,0.245,4.34,0.8,0
4.35,15.81,41.6,0.824,0.16,0.2,0
36.39,173.09,27.2,0.677,0.88,0.2,1
14.63,89.55,19.9,0.169,2.5,1.0,0
4.85,45.04,32.0,0.496,5.69,0.2,0
11.04,59.39,30.2,0.468,0.66,0.5,0
2.67,38.09,24.6,0.308,0.91,0.2,0
0.9,44.76,43.1,0.339,3.57,0.5,0
3.69,11.36,33.7,0.512,6.44,0.8,0
4.38,30.54,27.9,0.367,3.13,0.5,0
0.14,25.06,50.2,0.42,3.63,1.0,1
14.33,103.23,21.3,0.581,14.95,0.5,1
3.78,47.36,40.7,0.274,6.0,0.5,0
7.38,34.81,24.6,0.385,2.33,0.2,0
0.65,7.48,24.9,0.494,0.34,0.5,0
1.64,37.19,31.5,0.42,8.13,0.8,0
18.74,96.17,35.1,0.34,6.31,0.8,1
7.98,54.44,35.9,0.356,2.12,0.2,0
25.51,137.88,14.5,0.751,6.14,1.0,1
56.82,215.86,26.3,0.449,4.94,0.5,1
3.95,27.54,35.1,0.138,0.85,0.5,0
3.02,42.0,42.4,0.433,0.73,0.8,0
16.61,45.53,35.3,0.267,5.78,0.8,1
55.93,269.83,25.7,0.681,3.12,0.5,1
8.44,50.03,31.7,0.505,2.24,0.8,0
13.48,71.79,34.8,0.841,1.76,0.8,1
12.94,62.03,21.2,0.56,4.82,1.0,1
3.73,21.78,32.4,0.287,1.96,0.8,0
7.26,58.58,30.9,0.61,0.05,0.5,0
15.22,135.89,27.6,0.446,1.42,0.8,1
9.9,57.49,34.2,0.197,8.96,0.5,0
0.18,20.3,34.5,0.542,1.75,0.5,0
3.49,4.79,47.1,0.175,0.16,0.8,0
1.33,13.86,29.9,0.554,4.97,0.2,0
2.25,40.92,32.2,0.449,1.23,0.5,0
20.05,65.6,22.1,0.366,0.23,0.2,0
0.32,32.07,32.5,0.612,6.09,0.5,0
2.11,34.93,15.8,0.341,0.02,1.0,0
3.15,36.95,21.8,0.426,0.66,1.0,0
8.16,50.82,22.6,0.249,0.84,0.2,0
6.49,49.95,34.4,0.399,4.43,0.2,0
2.09,32.61,32.9,0.133,0.45,0.5,0
1.53,1.12,39.0,0.684,4.64,0.5,0
2.3,15.05,30.7,0.539,1.45,0.5,0
5.93,8.94,30.9,0.403,2.73,0.5,0
2.69,13.67,22.2,0.397,6.44,0.8,0
25.07,121.74,37.3,0.2,2.22,0.2,1
5.3,19.19,11.8,0.17,0.63,0.2,0
0.52,9.5,29.8,0.574,0.56,0.2,0
11.11,104.86,23.2,0.448,1.84,1.0,1
3.39,46.63,38.1,0.121,0.64,0.2,0
9.01,42.18,35.4,0.416,3.78,0.5,0
2.79,46.16,36.3,0.494,3.45,0.2,0
7.19,74.65,21.7,0.393,4.72,1.0,1
12.57,100.85,35.3,0.15,3.52,0.8,1
22.37,110.78,35.9,0.618,1.69,0.5,1
2.57,47.54,11.6,0.182,3.45,0.8,0
3.47,45.88,27.1,0.362,7.6,1.0,0
5.31,32.29,19.0,0.675,0.16,0.5,0
22.27,132.79,35.6,0.811,0.37,0.2,1
19.69,118.25,24.0,0.303,14.55,0.5,1
0.8,39.66,25.6,0.327,5.55,0.5,0
1.2,17.63,18.5,0.388,0.28,0.5,0
5.82,32.07,31.1,0.306,10.68,0.8,0
0.96,37.87,15.5,0.463,10.84,0.5,0
3.6,33.66,40.6,0.28,4.31,0.2,0
1.37,58.33,14.9,0.242,9.56,0.2,0
8.59,39.73,17.5,0.39,1.59,1.0,0
25.38,152.77,34.6,0.507,1.97,0.8,1
48.66,280.0,43.6,0.417,2.21,0.8,1
4.0,11.11,42.5,0.219,9.4,0.8,0
7.77,77.89,18.8,0.214,10.75,1.0,1
16.49,54.21,26.3,0.842,3.44,0.2,1
1.06,33.38,31.9,0.524,8.97,0.5,0
9.94,38.95,15.0,0.271,7.37,0.2,0
4.47,45.5,32.1,0.876,2.1,0.5,1
1.96,7.5,30.3,0.123,4.61,1.0,0
4.38,72.24,33.4,0.129,0.77,0.5,0
0.67,7.44,43.8,0.474,0.61,0.2,0
10.1,47.49,25.9,0.419,4.32,0.2,0
2.48,38.56,34.6,0.508,2.18,0.5,0
3.17,26.69,29.9,0.494,4.53,0.8,0
1.1,33.36,30.1,0.38,6.01,0.2,0
17.0,104.84,34.8,0.616,2.07,0.5,1
5.78,38.21,45.6,0.438,11.49,0.8,1
7.22,43.93,41.3,0.426,9.37,0.8,1
7.16,44.25,34.6,0.397,0.39,0.8,0
4.49,40.0,30.7,0.777,0.55,0.2,0
1.82,43.52,29.8,0.261,0.54,0.8,0
11.62,70.54,38.6,0.294,2.86,0.8,1
1.16,35.62,24.2,0.455,2.41,0.2,0
0.93,0.0,33.4,0.437,8.17,0.5,0
10.53,66.52,31.6,0.599,1.75,1.0,1
1.99,22.66,34.8,0.218,2.31,0.8,0
3.11,52.54,23.2,0.42,8.05,0.8,0
5.48,26.9,36.0,0.405,3.05,0.8,0
5.07,13.51,34.3,0.501,3.49,0.5,0
10.48,42.01,22.9,0.8,0.48,0.5,0
8.3,51.01,30.4,0.401,0.12,1.0,0
8.79,34.85,35.6,0.446,5.91,0.5,0
10.64,94.71,42.9,0.556,1.3,0.2,1
2.94,4.91,20.6,0.459,2.65,0.8,0
3.31,45.3,12.8,0.541,7.13,0.5,0
4.9,19.24,22.4,0.2,1.98,0.2,0
3.12,58.47,49.0,0.55,10.2,0.5,1
35.66,195.99,38.1,0.705,4.28,1.0,1
14.3,48.99,34.0,0.234,0.24,0.8,0
1.53,32.93,21.1,0.57,0.5,0.5,0
0.05,5.09,29.6,0.328,6.38,1.0,0
0.37,30.11,36.5,0.358,17.97,0.5,1
2.38,26.37,42.6,0.451,0.7,0.8,0
1.03,14.96,28.8,0.131,3.09,1.0,0
6.48,56.13,51.5,0.374,2.12,0.2,1
16.59,71.81,21.4,0.574,1.69,1.0,1
11.34,83.79,28.9,0.56,5.04,0.5,1
2.06,35.58,41.8,0.459,0.07,0.5,0
4.33,8.77,34.9,0.394,4.36,0.8,0
6.03,53.65,39.4,0.128,0.5,0.5,0
14.13,96.53,43.2,0.399,1.91,0.5,1
15.53,38.76,31.7,0.707,1.84,0.5,1
20.44,62.24,24.7,0.743,1.46,0.8,1
6.05,60.96,36.0,0.231,11.55,0.2,0
10.07,82.25,32.9,0.064,4.01,0.5,0
1.01,32.0,38.2,0.158,1.91,0.5,0
7.08,29.46,31.7,0.524,0.47,0.5,0
2.43,58.31,39.4,0.342,0.41,0.5,0
4.8,22.01,42.9,0.537,4.54,0.5,0
8.54,59.93,37.5,0.454,0.72,0.5,0
2.52,36.4,37.3,0.11,4.38,0.5,0
0.46,45.12,33.4,0.369,11.9,0.5,0
0.09,22.33,30.9,0.293,5.15,0.5,0
0.19,27.1,47.2,0.894,2.31,0.5,1
0.07,19.23,34.7,0.232,4.03,0.8,0
0.99,5.29,40.4,0.429,0.58,0.8,0
2.33,0.0,31.6,0.159,1.92,0.2,0
2.13,26.51,32.7,0.38,2.9,0.2,0
36.78,142.76,35.2,0.529,1.53,0.5,1
3.1,35.18,36.9,0.547,3.16,0.5,0
1.16,28.68,30.4,0.531,0.69,0.2,0
6.7,55.17,28.1,0.187,5.9,0.2,0
16.59,47.15,24.9,0.784,1.75,0.2,0
9.63,59.95,29.8,0.203,0.95,0.2,0
2.98,37.62,24.0,0.585,2.59,0.8,0
7.01,23.31,29.6,0.188,3.51,0.2,0
10.67,101.22,41.7,0.176,2.68,1.0,1
11.07,70.23,47.6,0.509,0.26,0.5,1
9.33,54.1,33.2,0.338,1.54,0.2,0
17.4,110.07,21.6,0.2,0.91,0.2,0
17.35,80.75,29.9,0.553,6.1,0.8,1
7.35,58.92,33.7,0.395,12.75,0.5,1
4.78,54.15,28.5,0.428,4.19,0.2,0
8.72,68.56,23.8,0.245,9.91,0.2,0
14.49,89.82,24.5,0.328,6.31,0.5,1
0.05,38.95,30.9,0.367,0.21,0.2,0
41.04,256.93,24.1,0.388,6.8,0.2,1
1.72,35.95,25.2,0.645,4.68,1.0,0
5.4,23.38,41.7,0.108,1.09,0.8,0
17.48,77.66,38.4,0.556,1.47,0.5,1
2.17,38.49,17.1,0.42,5.44,1.0,0
5.51,3.43,27.2,0.147,10.12,1.0,0
1.21,14.89,32.2,0.283,0.89,0.8,0
4.27,44.08,17.5,0.137,5.58,0.5,0
1.66,26.88,35.7,0.322,5.09,0.8,0
3.84,29.19,28.8,0.274,5.85,0.8,0
3.97,41.57,29.2,0.261,2.62,0.5,0
42.39,247.18,25.7,0.177,0.14,0.5,1
44.72,219.59,27.6,0.401,0.55,0.2,1
1.04,40.96,41.2,0.17,2.09,0.2,0
11.0,90.29,38.7,0.356,4.87,0.5,1
0.45,13.31,44.7,0.391,6.74,0.5,0
0.26,20.43,36.1,0.553,5.97,0.8,0
0.95,35.79,33.2,0.393,4.52,0.2,0
28.61,191.22,25.5,0.509,6.65,0.2,1
24.04,100.95,35.3,0.286,3.2,0.5,1
1.83,35.57,43.1,0.774,0.01,0.8,1
1.5,22.41,18.0,0.706,3.79,1.0,0
2.34,37.01,30.2,0.226,7.58,0.5,0
6.16,31.17,21.7,0.229,2.65,0.2,0
7.17,66.18,39.4,0.493,3.7,0.8,1
2.13,29.02,34.0,0.332,7.84,0.8,0
12.01,65.51,41.9,0.639,8.44,0.8,1
3.15,10.58,17.6,0.474,5.07,0.2,0
21.7,76.78,43.1,0.27,1.15,0.2,1
9.09,47.27,17.9,0.331,0.36,1.0,0
4.87,35.9,26.3,0.696,1.25,1.0,0
13.26,64.67,22.0,0.345,14.59,0.5,1
14.48,80.53,21.6,0.148,2.67,1.0,0
2.92,23.85,22.6,0.288,6.22,0.8,0
3.53,41.82,31.1,0.121,1.13,0.8,0
23.36,109.77,38.5,0.246,7.29,0.2,1
1.53,27.34,42.8,0.441,1.42,0.5,0
0.37,0.0,32.9,0.548,13.52,0.8,0
5.14,31.48,22.1,0.074,3.26,1.0,0
13.73,100.4,18.6,0.148,8.22,0.8,1
12.55,53.45,31.4,0.478,0.01,0.2,0
21.42,139.77,38.0,0.341,1.58,1.0,1
6.48,53.74,34.1,0.768,1.85,1.0,1
0.9,34.15,33.3,0.137,4.1,0.2,0
7.55,92.99,16.7,0.174,2.97,1.0,0
12.81,41.8,29.5,0.146,4.29,0.8,0
0.83,36.89,32.6,0.302,2.16,0.2,0
1.61,27.14,33.6,0.301,1.15,0.2,0
0.11,6.24,12.1,0.249,11.24,0.2,0
7.65,38.63,23.6,0.33,0.9,0.2,0
18.51,146.28,45.5,0.306,7.01,0.5,1
9.44,65.33,31.7,0.472,8.77,0.8,1
34.17,95.83,36.2,0.471,1.22,0.2,1
0.55,10.03,26.9,0.653,3.32,0.2,0
19.83,89.13,33.3,0.675,5.09,0.8,1
14.3,56.71,28.1,0.525,7.91,0.8,1
3.21,28.36,26.6,0.297,6.8,0.5,0
30.87,121.45,29.5,0.509,6.46,0.8,1
2.89,18.59,30.6,0.224,0.27,0.5,0
18.71,54.68,27.5,0.555,14.34,0.2,1
18.08,82.06,25.4,0.309,2.81,0.2,0
12.05,40.79,34.2,0.302,1.4,0.5,0
7.05,24.16,28.8,0.385,0.83,0.2,0
1.09,12.89,23.7,0.424,12.34,0.2,0
6.45,30.51,37.8,0.344,0.23,0.2,0
3.75,48.87,36.8,0.464,10.11,0.2,1
13.36,60.6,42.2,0.629,0.92,0.8,1
12.06,99.8,32.7,0.383,14.25,0.2,1
20.53,108.34,26.1,0.66,0.16,0.5,1
0.13,27.32,41.3,0.264,0.54,0.2,0
14.08,87.76,26.1,0.545,0.04,0.5,1
23.7,104.98,35.0,0.299,0.05,0.2,1
13.24,58.06,23.3,0.154,9.87,0.5,0
1.19,18.55,34.4,0.272,5.52,0.2,0
0.72,27.74,40.4,0.82,8.59,0.8,1
0.18,18.82,32.3,0.258,0.11,0.2,0
8.42,42.25,30.9,0.191,0.26,1.0,0
8.44,62.35,49.7,0.344,19.26,0.8,1
36.86,235.61,14.6,0.592,2.56,0.5,1
4.31,72.83,27.5,0.511,0.55,0.2,0
3.43,31.61,43.7,0.317,2.24,0.2,0
8.32,48.59,34.7,0.275,0.42,0.8,0
14.84,105.71,32.4,0.292,15.1,0.5,1
23.47,107.0,34.6,0.11,4.81,0.5,1
13.81,50.56,27.2,0.308,0.84,0.5,0
4.73,38.9,18.1,0.347,3.13,0.5,0
8.56,75.54,25.9,0.706,4.9,0.5,1
16.49,135.75,27.6,0.372,5.12,0.2,1
5.73,17.86,31.1,0.526,1.36,0.8,0
2.08,38.57,29.1,0.503,0.3,0.5,0
1.58,0.0,31.9,0.2,8.06,0.5,0
0.0,26.89,23.5,0.247,10.16,0.5,0
10.77,76.0,23.0,0.604,2.97,1.0,1
1.0,0.0,28.0,0.593,7.6,0.5,0
2.38,49.02,30.9,0.422,2.96,0.2,0
3.01,60.18,27.8,0.165,1.15,0.8,0
6.99,45.82,33.1,0.066,4.07,0.2,0
4.31,43.33,26.9,0.286,3.17,1.0,0
9.54,88.08,22.8,0.564,9.0,0.8,1
0.49,4.35,41.3,0.496,10.8,0.2,0
1.12,8.14,23.6,0.752,2.2,0.5,0
5.88,37.39,46.7,0.615,0.72,0.5,1
3.49,35.39,48.7,0.318,5.87,1.0,1
2.98,36.1,36.0,0.283,1.01,0.8,0
0.59,14.11,31.5,0.632,3.33,1.0,0
19.22,129.67,38.9,0.657,4.2,1.0,1
10.01,47.18,41.7,0.181,7.19,0.5,0
1.1,15.73,36.4,0.185,0.88,0.2,0
0.57,10.76,19.7,0.479,6.85,0.5,0
31.31,146.24,11.7,0.371,2.72,0.5,1
9.72,26.15,23.3,0.357,2.88,0.5,0
4.59,32.02,23.2,0.312,10.44,0.2,0
10.28,40.56,23.0,0.137,1.82,0.2,0
12.0,77.1,31.7,0.367,0.11,0.2,0
12.87,72.21,31.9,0.256,1.17,1.0,1
5.52,47.08,36.7,0.48,5.53,0.2,0
4.78,39.06,23.6,0.609,7.21,0.5,0
0.09,16.7,19.3,0.762,2.66,0.5,0
22.2,138.56,35.3,0.298,2.39,0.2,1
7.86,31.74,31.1,0.706,1.66,0.5,0
1.93,6.36,35.3,0.488,6.71,0.8,0
21.43,141.26,28.8,0.421,2.04,0.8,1
20.95,90.13,37.5,0.347,1.08,0.8,1
38.48,133.94,35.7,0.866,4.9,1.0,1
17.61,85.11,34.9,0.469,2.77,0.5,1
51.95,200.02,15.0,0.276,0.31,1.0,1
2.39,39.72,41.1,0.111,4.32,0.2,0
15.7,80.0,28.7,0.248,2.01,0.5,0
14.72,74.99,21.2,0.101,7.29,0.5,0
2.23,12.24,37.7,0.254,10.95,0.5,0
0.88,27.08,31.2,0.707,12.78,0.2,1
33.01,177.54,15.4,0.185,17.12,0.8,1
2.98,12.57,38.5,0.399,7.37,0.5,0
17.4,78.43,30.0,0.39,1.73,0.8,1
0.04,31.41,37.7,0.419,1.13,0.8,0
0.18,14.21,37.7,0.105,0.86,0.2,0
5.33,55.04,19.6,0.679,5.1,0.2,0
2.32,21.08,34.0,0.237,3.89,1.0,0
9.95,85.26,28.2,0.487,3.26,0.8,1
7.09,36.5,32.5,0.514,2.02,0.5,0
0.69,45.53,19.0,0.334,5.59,0.8,0
1.51,26.6,33.4,0.12,1.98,0.8,0
4.17,44.67,38.3,0.102,2.26,0.8,0
1.75,10.05,48.7,0.247,1.55,0.8,0
13.36,79.06,27.2,0.386,2.4,0.5,0
4.57,53.48,22.0,0.599,0.5,0.5,0
0.83,17.68,28.4,0.584,9.5,0.5,0
5.63,8.15,14.2,0.7,5.29,0.5,0
0.81,7.32,29.4,0.518,3.14,0.5,0
1.17,8.9,43.5,0.478,7.63,0.2,0
2.33,33.3,23.4,0.193,0.58,0.8,0
16.68,88.44,31.0,0.324,0.55,1.0,1
21.97,79.57,33.1,0.716,5.61,1.0,1
14.88,61.83,22.9,0.321,1.82,0.5,0
3.46,56.23,27.5,0.683,5.75,0.2,0
2.7,28.47,43.4,0.171,6.04,0.5,0
6.77,63.44,26.5,0.651,9.35,0.2,1
10.88,44.2,34.5,0.401,1.45,0.5,0
42.64,242.76,21.2,0.66,0.2,0.5,1
1.2,11.85,35.3,0.243,2.51,0.8,0
0.43,27.73,26.1,0.361,0.33,0.8,0
10.08,43.11,24.6,0.638,2.76,0.2,0
15.17,115.52,20.7,0.604,7.74,0.2,1
15.92,102.14,16.6,0.241,2.92,1.0,1
9.64,64.17,46.8,0.578,0.78,0.5,1
26.18,157.97,29.6,0.247,0.97,1.0,1
6.08,36.5,38.3,0.578,7.74,0.2,1
20.84,137.03,43.8,0.575,7.1,1.0,1
29.21,163.73,23.7,0.616,2.36,0.2,1
15.97,49.83,41.5,0.478,5.46,0.2,1
3.15,38.34,36.3,0.449,0.06,0.8,0
1.86,32.4,33.2,0.556,7.63,1.0,1
6.75,64.9,39.3,0.081,0.83,0.5,0
5.13,35.97,20.1,0.416,1.03,0.2,0
17.86,108.21,25.6,0.075,2.96,0.8,1
0.9,22.56,21.0,0.194,2.37,0.2,0
2.53,30.56,42.7,0.128,0.58,0.8,0
11.84,61.19,19.6,0.421,4.58,0.8,0
0.85,19.41,47.9,0.348,3.27,0.5,0
3.29,12.31,20.1,0.452,9.05,0.8,0
4.16,36.27,35.1,0.602,12.75,0.8,1
8.28,33.28,35.1,0.489,1.89,0.5,0
1.46,17.99,44.4,0.435,1.84,0.2,0
16.75,49.92,27.3,0.435,7.31,0.2,0
5.04,38.89,27.5,0.653,0.48,1.0,0
21.16,76.96,40.6,0.351,0.14,0.8,1
5.36,45.76,47.8,0.266,0.07,0.5,0
2.73,7.45,15.3,0.497,11.63,0.8,0
1.3,22.86,34.5,0.172,2.2,0.2,0
0.03,37.37,25.0,0.82,3.9,0.5,0
6.46,62.23,36.9,0.384,0.56,0.2,0
0.96,30.14,38.2,0.537,0.16,0.5,0
4.23,37.66,37.9,0.48,8.26,0.8,1
7.56,57.69,30.1,0.382,5.11,0.5,0
2.74,18.4,22.1,0.49,5.36,0.5,0
1.64,22.09,33.3,0.216,2.38,0.8,0
12.67,74.76,38.7,0.372,3.73,0.8,1
24.94,164.1,43.4,0.323,3.69,0.8,1
0.9,34.68,30.5,0.13,17.0,0.5,0
1.44,23.95,25.1,0.231,2.4,0.8,0
27.36,202.54,20.5,0.356,1.91,0.8,1
0.33,27.06,39.0,0.456,4.7,0.5,0
32.3,189.16,32.2,0.155,4.41,0.5,1
0.04,23.84,35.5,0.417,3.48,0.8,0
17.59,96.6,22.1,0.425,1.88,0.5,1
3.12,24.28,12.5,0.339,2.23,0.2,0
23.72,103.16,46.8,0.342,1.08,1.0,1
3.24,28.24,39.4,0.558,1.02,1.0,0
9.03,66.61,29.2,0.667,7.52,0.8,1
0.71,12.5,30.6,0.298,0.93,1.0,0
2.36,30.4,44.3,0.641,7.12,0.2,1
12.63,82.3,23.9,0.257,0.75,0.8,0
6.39,42.6,39.1,0.3,2.98,0.5,0
22.36,104.08,14.1,0.073,2.45,1.0,0
4.76,23.88,41.8,0.336,5.5,0.2,0
17.33,68.45,33.4,0.521,8.29,1.0,1
5.07,24.32,31.0,0.281,1.11,0.5,0
32.94,170.96,36.3,0.313,2.31,0.5,1
27.33,143.83,17.9,0.14,0.76,1.0,1
3.39,34.68,23.4,0.295,1.59,0.8,0
18.45,97.95,29.4,0.334,1.08,0.8,1
15.99,70.88,34.1,0.595,12.88,0.5,1
2.01,37.67,21.6,0.347,2.18,0.5,0
8.32,79.54,28.7,0.529,1.19,0.2,0
0.64,9.3,25.5,0.453,0.42,1.0,0
15.4,55.79,34.7,0.263,1.63,0.5,0
1.63,36.64,43.8,0.426,8.79,1.0,1
0.62,16.24,22.4,0.207,4.7,0.5,0
4.35,30.49,23.2,0.555,0.57,0.5,0
7.31,71.28,33.7,0.64,0.05,0.5,1
16.41,96.2,30.5,0.301,3.53,1.0,1
31.1,214.16,36.6,0.595,12.08,0.2,1
4.92,5.79,26.3,0.236,1.27,0.2,0
0.53,12.97,32.4,0.439,1.81,0.5,0
11.75,81.97,28.9,0.243,6.49,0.5,1
7.08,54.03,26.1,0.55,1.79,0.5,0
5.05,13.28,36.9,0.791,2.93,1.0,1
3.15,31.37,38.9,0.25,0.13,1.0,0
5.93,74.63,27.4,0.394,4.33,0.2,0
3.51,35.38,34.2,0.603,0.06,1.0,0
12.03,85.18,22.8,0.176,1.75,0.5,0
6.67,27.44,38.7,0.43,0.33,0.2,0
17.8,107.7,26.1,0.609,0.19,0.2,1
6.67,52.01,22.6,0.208,0.02,0.8,0
2.31,44.5,44.9,0.854,0.08,1.0,1
16.19,110.66,29.8,0.29,3.38,0.5,1
6.92,56.37,34.7,0.225,0.08,0.8,0
1.97,27.79,39.3,0.594,0.29,0.2,0
8.3,29.03,35.8,0.61,2.01,0.2,0
3.76,15.68,32.9,0.466,1.99,1.0,0
15.81,84.38,28.5,0.526,1.16,1.0,1
5.13,57.27,43.7,0.317,4.15,1.0,1
11.02,68.88,21.1,0.149,0.26,1.0,0
0.85,9.02,42.1,0.229,1.29,1.0,0
4.29,9.3,36.4,0.1,4.51,0.5,0
34.76,215.55,33.0,0.615,0.43,0.8,1
14.05,60.12,27.3,0.11,4.71,0.5,0
1.48,1.23,21.6,0.531,0.06,0.2,0
2.77,26.74,30.2,0.154,4.6,0.2,0
3.4,22.86,38.5,0.525,5.87,0.5,0
8.93,69.84,37.4,0.478,4.53,0.5,1
12.02,81.18,34.7,0.099,5.41,0.5,0
11.77,52.01,49.5,0.134,6.68,0.5,1
6.06,68.54,47.2,0.62,2.41,0.5,1
14.15,73.99,29.2,0.625,1.73,0.5,1
4.88,54.84,23.3,0.632,4.13,0.5,0
1.12,46.11,30.7,0.389,3.3,0.5,0
7.06,55.59,40.6,0.559,4.7,0.8,1
25.86,168.16,30.6,0.599,6.43,0.5,1
13.39,87.89,27.6,0.171,0.14,0.8,0
7.35,66.97,37.3,0.416,3.44,0.2,0
8.85,63.48,34.9,0.211,3.35,0.5,0
22.67,135.3,46.9,0.399,5.24,0.8,1
4.75,67.82,32.5,0.29,8.79,0.5,1
3.42,43.36,46.8,0.342,0.99,0.8,0
32.15,111.48,26.4,0.3,8.6,0.8,1
16.92,109.11,41.3,0.621,5.32,0.2,1
3.32,0.0,28.0,0.537,1.06,0.8,0
5.3,37.76,39.4,0.557,4.1,0.2,0
4.56,48.42,44.1,0.484,4.25,1.0,1
1.37,39.28,34.2,0.237,1.5,0.8,0
26.91,104.11,36.9,0.324,1.8,0.8,1
4.4,41.31,46.1,0.451,0.35,0.8,1
17.7,69.7,28.6,0.584,2.84,0.2,1
1.78,37.21,31.7,0.47,14.66,1.0,1
6.75,74.3,42.8,0.425,0.22,0.5,1
0.21,31.33,35.4,0.226,3.58,0.5,0
12.28,71.01,41.7,0.526,0.08,0.8,1
7.39,59.42,34.1,0.407,0.17,0.2,0
8.35,62.57,37.2,0.471,3.34,1.0,1
0.45,0.89,13.5,0.13,4.59,0.8,0
2.01,16.07,27.7,0.334,3.59,0.2,0
0.66,32.49,38.1,0.787,2.65,0.5,1
2.9,53.81,29.3,0.629,5.58,1.0,1
8.39,71.72,28.3,0.32,0.71,1.0,0
7.1,48.87,45.6,0.577,9.95,0.8,1
8.05,61.54,32.6,0.375,4.76,0.5,0
6.77,63.53,23.3,0.446,5.71,0.5,0
2.71,33.62,30.9,0.378,0.18,0.2,0
2.38,26.59,31.9,0.447,3.22,0.2,0
1.25,24.52,48.9,0.369,2.69,0.8,0
16.07,91.44,36.6,0.453,7.21,0.8,1
8.15,84.09,31.9,0.433,5.97,0.2,1
1.75,27.7,30.0,0.762,1.5,0.5,0
1.66,35.99,43.6,0.12,0.59,0.8,0
17.54,65.32,34.8,0.822,1.19,0.2,1
11.54,63.34,28.1,0.33,8.68,0.8,1
9.15,26.83,30.7,0.373,1.85,0.5,0
4.44,4.92,26.0,0.515,10.08,1.0,0
2.58,32.3,46.2,0.621,1.86,1.0,1
33.02,198.35,36.2,0.871,17.17,0.2,1
13.56,82.0,29.0,0.431,1.31,0.8,1
3.05,18.0,23.0,0.673,2.06,0.5,0
15.99,113.09,22.8,0.457,1.44,0.5,1
12.09,61.93,31.0,0.414,17.65,1.0,1
3.0,41.21,30.8,0.46,2.11,0.5,0
4.73,46.87,29.6,0.294,6.32,0.8,0
1.75,39.72,40.8,0.533,0.65,0.5,0
1.0,2.41,47.8,0.6,0.39,0.8,0
10.9,49.87,28.1,0.261,8.65,0.8,0
2.65,26.69,26.5,0.306,1.92,1.0,0
14.58,61.68,38.1,0.542,4.8,0.2,1
46.14,171.89,30.4,0.258,2.08,0.2,1
0.68,26.28,24.2,0.524,6.36,1.0,0
5.45,37.66,22.9,0.377,3.61,0.8,0
13.77,130.74,26.1,0.549,4.9,0.2,1
13.22,54.28,11.1,0.432,5.46,0.8,0
12.13,61.22,45.0,0.442,0.73,0.2,1
3.65,43.32,29.9,0.55,1.66,0.5,0
5.14,13.99,18.7,0.139,1.44,1.0,0
7.68,62.74,22.3,0.399,3.63,0.5,0
31.0,178.56,27.3,0.191,0.2,0.8,1
3.37,30.91,32.6,0.479,0.66,0.5,0
21.81,132.55,36.2,0.189,0.01,0.8,1
2.67,39.69,26.9,0.569,1.87,0.2,0
38.39,267.15,46.0,0.362,2.2,0.5,1
9.43,92.52,37.8,0.217,0.75,0.5,1
5.29,33.59,39.9,0.156,0.71,1.0,0
8.08,21.35,27.3,0.218,2.12,0.5,0
2.7,31.03,28.8,0.349,1.09,0.2,0
2.72,0.0,32.3,0.529,0.29,1.0,0
1.02,34.64,30.4,0.691,9.7,0.5,1
1.03,24.63,25.5,0.395,7.62,0.8,0
3.63,45.34,50.5,0.149,0.21,0.5,0
12.23,73.71,40.7,0.543,0.87,1.0,1
7.96,44.53,24.8,0.263,4.66,0.8,0
0.92,31.69,42.5,0.447,0.27,1.0,0
16.25,112.67,33.4,0.61,9.55,0.5,1
7.82,37.46,13.4,0.626,0.06,0.8,0
27.54,94.38,27.9,0.148,2.93,0.2,1
9.43,99.69,14.9,0.209,1.95,0.2,0
1.64,31.9,19.0,0.607,2.46,0.2,0
5.46,42.93,22.9,0.48,4.9,0.8,0
8.89,75.84,31.2,0.575,0.11,1.0,1
0.24,9.83,28.8,0.33,3.7,0.2,0
0.13,34.05,21.7,0.207,6.87,0.5,0
1.18,16.03,29.1,0.289,4.63,0.5,0
2.46,43.33,26.8,0.735,1.74,0.5,0
4.77,58.34,29.5,0.41,0.78,0.2,0
5.68,28.54,22.6,0.68,4.76,0.5,0
1.26,23.19,33.9,0.399,1.71,0.5,0
9.51,68.62,16.4,0.73,6.11,0.2,0
7.71,25.14,28.9,0.567,0.1,0.5,0
2.96,22.16,42.6,0.496,0.04,0.8,0
0.12,29.97,29.7,0.174,2.57,0.2,0
0.69,18.9,30.2,0.372,0.47,0.5,0
4.23,46.25,17.9,0.3,6.63,0.5,0
1.42,0.0,33.8,0.508,0.33,0.5,0
4.02,19.83,44.7,0.404,11.2,0.8,1
8.41,60.29,26.4,0.519,1.26,0.8,0
6.74,37.05,29.1,0.211,7.91,0.5,0
2.23,10.8,33.4,0.444,1.22,1.0,0
3.58,56.49,19.3,0.402,2.0,0.5,0
8.09,58.84,45.5,0.672,0.89,1.0,1
16.76,86.83,30.8,0.382,0.19,0.2,0
11.89,91.82,20.3,0.484,3.45,0.8,1
6.85,24.94,27.6,0.683,6.22,0.5,0
3.82,38.82,28.6,0.114,4.97,1.0,0
3.86,37.98,27.9,0.445,13.39,0.8,1
17.98,98.92,35.9,0.35,9.05,0.8,1
0.34,32.34,27.9,0.268,0.57,0.8,0
37.58,171.35,27.3,0.568,3.74,0.2,1
9.28,48.03,27.3,0.846,2.44,0.8,1
9.72,83.53,38.3,0.397,0.79,0.5,1
0.33,0.0,26.9,0.506,5.3,0.8,0
7.91,62.8,13.6,0.707,2.51,0.5,0
5.64,52.44,28.4,0.314,4.56,0.8,0
0.95,10.36,26.0,0.198,0.24,1.0,0
2.77,37.38,43.3,0.739,0.46,0.2,0
18.79,82.53,31.0,0.385,2.22,0.5,1
6.79,53.9,24.7,0.446,0.07,0.8,0
4.53,25.69,48.1,0.629,0.8,0.5,1
0.64,33.21,25.1,0.244,6.91,0.8,0
10.64,63.91,37.9,0.274,2.42,1.0,1
10.31,69.29,34.8,0.487,4.78,0.5,1
8.09,34.33,30.7,0.219,0.68,0.5,0
6.07,57.24,29.4,0.633,1.83,0.8,1
4.83,51.19,41.6,0.372,6.49,0.2,0
7.65,64.67,31.0,0.249,0.17,0.8,0
2.26,4.31,28.6,0.618,1.44,0.2,0
24.09,104.43,28.1,0.534,2.72,1.0,1
7.55,53.02,26.0,0.488,3.7,0.5,0
3.17,57.98,29.4,0.271,0.6,1.0,0
5.08,75.54,20.5,0.545,9.88,0.5,1
13.93,43.28,17.8,0.554,5.08,0.5,0
1.5,26.61,32.4,0.167,0.25,0.2,0
2.95,37.67,30.5,0.501,2.24,0.8,0
9.67,85.58,22.7,0.238,8.37,0.5,0
3.22,48.12,19.9,0.322,8.76,0.2,0
13.37,39.15,21.5,0.669,8.04,0.2,0
1.19,25.59,27.1,0.357,0.48,0.8,0
12.23,23.61,30.4,0.437,2.64,0.2,0
0.6,35.24,23.4,0.71,2.3,0.5,0
0.11,15.21,37.7,0.763,2.08,0.5,0
19.42,63.1,23.4,0.481,1.81,1.0,1
7.4,54.29,20.7,0.696,7.44,0.2,0
3.69,29.63,49.9,0.599,5.96,0.2,1
2.25,47.75,30.3,0.765,0.79,0.5,0
8.16,40.23,22.5,0.464,5.81,0.8,0
6.05,83.55,42.6,0.285,4.32,0.8,1
40.62,186.88,24.6,0.16,0.18,0.8,1
34.74,192.78,44.1,0.295,0.42,0.5,1
8.57,35.08,20.5,0.225,11.28,0.2,0
4.97,65.41,40.5,0.738,2.87,0.8,1
5.74,28.5,23.0,0.276,23.72,1.0,1
9.75,57.97,44.8,0.356,12.81,0.5,1
0.91,44.15,33.1,0.465,5.56,0.2,0
3.38,42.7,23.2,0.381,1.48,0.5,0
0.67,4.95,40.6,0.863,0.82,0.5,0
0.65,39.66,29.0,0.426,0.04,0.8,0
1.85,32.91,37.0,0.306,0.64,0.8,0
5.64,41.1,34.7,0.224,8.02,0.5,0
13.06,39.62,36.5,0.305,4.75,1.0,1
5.65,48.27,27.8,0.396,7.14,0.8,0
3.47,33.83,44.8,0.494,6.97,0.2,0
0.73,24.24,32.8,0.124,14.01,0.8,0
6.79,23.59,18.5,0.453,4.57,0.5,0
2.69,26.08,17.9,0.127,3.13,1.0,0
8.11,74.95,37.2,0.396,3.4,0.5,1
32.13,227.12,40.8,0.42,4.35,0.2,1
1.0,20.41,36.0,0.366,2.33,0.8,0
2.03,50.31,26.0,0.47,4.36,0.8,0
5.45,46.5,24.4,0.199,3.42,0.8,0
29.42,121.85,32.9,0.252,0.67,0.8,1
12.56,70.27,23.5,0.242,0.45,1.0,0
19.42,62.38,28.7,0.136,0.94,0.8,0
3.45,41.0,34.3,0.361,5.69,1.0,0
41.08,250.55,26.2,0.263,1.13,1.0,1
0.92,15.74,28.6,0.395,7.45,0.5,0
0.46,19.71,28.3,0.08,1.29,0.2,0
16.45,108.44,30.6,0.293,3.66,0.5,1
22.28,147.66,35.5,0.463,7.66,0.5,1
0.81,14.78,38.5,0.469,7.15,0.2,0
1.02,36.43,35.2,0.788,6.85,0.8,1
0.29,27.76,14.9,0.502,6.55,0.2,0
0.94,0.0,42.7,0.663,4.42,0.5,0
2.0,35.24,33.2,0.5,4.83,0.8,0
29.83,103.01,43.8,0.633,11.75,0.5,1
9.37,31.97,46.5,0.707,5.78,1.0,1
12.81,71.31,30.8,0.225,0.59,0.8,0
12.72,61.83,43.6,0.471,1.01,0.8,1
6.51,29.98,28.4,0.639,1.56,0.8,0
13.57,67.91,25.5,0.613,0.35,0.8,1
7.7,15.22,18.2,0.458,8.14,0.5,0
3.21,13.58,30.4,0.64,2.06,0.8,0
7.0,62.11,35.8,0.307,2.13,0.8,0
6.48,44.97,47.6,0.212,1.99,0.5,0
14.74,88.0,31.9,0.46,2.44,0.5,1
34.02,216.98,37.1,0.503,0.84,0.5,1
4.5,47.12,42.7,0.658,4.98,1.0,1
12.25,108.66,32.4,0.24,8.07,0.5,1
0.89,21.28,22.4,0.544,4.86,0.8,0
12.75,107.14,40.7,0.278,1.21,0.5,1
3.95,0.0,33.1,0.511,0.11,0.5,0
0.34,38.55,37.8,0.547,0.58,1.0,0
3.84,22.45,35.1,0.412,4.28,0.8,0
8.02,49.32,17.5,0.397,5.45,0.8,0
1.08,15.27,22.5,0.048,2.56,1.0,0
21.91,122.21,26.3,0.204,0.1,0.8,1
0.69,8.76,26.2,0.545,2.52,0.2,0
22.6,93.09,40.4,0.488,8.29,1.0,1
10.44,59.7,33.6,0.414,0.49,0.2,0
3.4,35.1,18.8,0.364,9.08,0.2,0
4.21,48.73,28.9,0.175,11.43,0.5,0
11.48,96.97,32.7,0.364,4.14,0.2,1
7.82,92.07,25.2,0.429,0.25,0.2,0
9.47,84.42,16.1,0.373,1.55,1.0,0
4.19,45.66,28.7,0.643,7.54,0.8,1
5.69,31.61,30.6,0.471,4.83,0.8,0
39.03,225.71,43.1,0.559,2.57,1.0,1
2.05,34.32,43.2,0.582,0.67,0.2,0
4.6,31.4,31.5,0.314,2.51,0.5,0
2.93,35.3,30.9,0.399,0.37,1.0,0
12.31,81.16,34.6,0.525,3.63,0.8,1
12.27,45.41,25.4,0.718,5.74,0.2,0
2.94,42.84,26.2,0.276,3.76,1.0,0
0.72,43.12,11.5,0.613,0.05,0.8,0
0.1,28.73,18.5,0.685,4.21,0.5,0
4.74,40.96,22.8,0.455,2.53,1.0,0
4.49,33.32,34.6,0.526,2.13,0.8,0
37.87,177.55,24.0,0.261,1.26,0.2,1
5.39,44.2,20.7,0.279,0.47,0.5,0
2.52,30.13,34.0,0.445,3.12,0.5,0
18.86,109.41,34.9,0.721,6.81,1.0,1
5.74,76.92,17.4,0.557,16.18,0.5,1
7.77,64.25,38.2,0.607,3.82,0.5,1
0.85,26.36,33.8,0.289,1.42,0.2,0
4.1,48.14,29.2,0.185,2.03,0.5,0
24.53,145.06,48.2,0.589,4.89,0.5,1
7.57,54.96,13.1,0.75,2.46,0.8,0
3.59,19.3,32.4,0.223,2.81,0.5,0
8.35,50.62,22.1,0.801,0.57,0.5,0
20.51,87.46,27.4,0.598,2.93,0.5,1
2.72,45.91,21.1,0.556,13.55,0.5,0
5.98,57.08,35.3,0.459,1.56,0.2,0
27.09,152.26,29.3,0.564,0.7,0.5,1
1.61,35.36,48.6,0.62,2.44,0.5,1
10.81,73.19,34.9,0.315,2.78,0.5,0
8.1,47.92,43.7,0.298,22.95,0.8,1
9.68,71.42,24.9,0.329,0.92,1.0,0
3.68,44.08,27.2,0.549,2.98,0.5,0
3.2,11.19,28.3,0.336,1.78,1.0,0
9.8,74.68,40.4,0.383,5.22,0.8,1
2.06,51.32,24.0,0.337,7.77,1.0,0
4.63,35.19,45.3,0.511,5.43,0.5,1
1.77,40.16,16.3,0.074,0.8,0.8,0
0.07,20.69,42.4,0.69,4.0,0.2,0
29.82,140.76,30.4,0.258,1.0,0.2,1
4.8,38.34,32.0,0.709,15.66,0.2,1
29.62,138.31,50.5,0.609,3.12,1.0,1
1.29,10.8,41.6,0.786,2.14,0.2,0
7.52,58.79,43.0,0.239,3.95,0.2,0
1.91,30.83,33.3,0.566,3.48,0.2,0
13.27,82.3,45.9,0.55,9.47,1.0,1
13.01,91.82,35.8,0.706,2.73,0.2,1
1.02,26.94,39.7,0.486,5.36,0.8,0
20.66,85.5,36.7,0.705,15.87,0.5,1
1.84,12.76,38.4,0.646,3.8,0.5,0
8.07,64.58,34.6,0.498,0.56,0.8,1
36.06,153.57,36.8,0.485,20.97,0.5,1
18.19,66.8,30.1,0.246,3.92,0.2,0
26.66,161.73,36.3,0.249,17.23,0.2,1
3.57,38.38,26.0,0.157,2.81,0.5,0
0.95,26.48,34.5,0.369,0.19,0.2,0
1.77,34.38,32.0,0.464,10.0,0.2,0
5.9,54.62,42.8,0.311,8.27,0.2,1
13.4,64.52,35.4,0.424,2.54,0.5,1
1.38,11.07,33.6,0.567,1.62,0.8,0
9.16,48.55,27.0,0.6,0.61,0.8,0
3.32,21.32,41.3,0.351,10.03,0.2,0
3.55,38.83,17.1,0.565,2.81,0.5,0
9.22,42.16,42.8,0.546,5.8,0.5,1
5.35,50.49,34.9,0.41,3.65,0.2,0
14.21,75.57,23.2,0.226,0.47,0.5,0
1.44,34.22,43.0,0.192,0.19,0.5,0
13.26,65.8,27.4,0.449,1.81,1.0,1
0.56,19.58,22.5,0.51,0.03,0.8,0
1.83,27.3,27.2,0.442,0.9,1.0,0
9.07,63.14,46.3,0.305,9.46,0.2,1
16.41,101.07,37.6,0.655,3.29,0.5,1
2.48,17.46,43.6,0.231,4.5,0.2,0
3.37,34.98,26.6,0.515,5.74,0.8,0
6.55,18.69,18.7,0.243,11.14,0.2,0
2.02,29.07,32.8,0.51,0.63,0.5,0
14.17,90.92,31.1,0.205,3.26,0.5,1
12.63,54.68,36.7,0.367,1.87,1.0,1
1.33,28.42,32.4,0.474,1.83,1.0,0
5.3,39.42,29.1,0.412,4.34,0.5,0
12.67,28.06,12.1,0.15,0.86,0.5,0
3.5,50.4,30.8,0.673,3.82,0.5,0
8.52,67.74,20.6,0.301,1.72,1.0,0
0.44,20.35,43.9,0.544,0.48,0.8,0
7.98,31.0,43.9,0.118,7.16,0.5,0
1.41,28.92,39.2,0.378,0.59,0.2,0
15.09,97.82,22.1,0.28,2.68,0.2,0
3.73,45.22,21.7,0.674,1.24,1.0,0
2.81,45.03,32.8,0.069,11.65,1.0,0
15.62,127.62,36.9,0.265,3.61,0.8,1
0.44,0.0,43.0,0.175,3.85,0.5,0
4.29,33.67,42.6,0.621,2.97,0.2,0
3.93,53.3,22.0,0.443,8.62,0.2,0
2.85,14.64,50.1,0.417,1.37,0.2,0
20.63,93.02,22.0,0.48,3.19,0.5,1
11.82,77.25,40.4,0.824,0.97,0.8,1
0.56,39.91,33.4,0.444,0.83,0.8,0
10.66,59.33,35.6,0.238,2.5,0.5,0
6.37,47.13,33.8,0.448,1.22,0.5,0
19.65,141.92,41.5,0.306,5.24,0.5,1
3.19,8.47,34.5,0.741,0.17,0.8,0
7.26,37.41,40.7,0.398,0.47,0.2,0
5.9,24.63,21.9,0.29,3.68,0.2,0
5.72,37.9,41.4,0.261,0.3,0.2,0
5.18,32.91,49.6,0.333,1.46,1.0,1
1.96,31.51,35.1,0.349,3.74,0.2,0
11.98,102.52,47.5,0.701,0.93,0.8,1
5.1,29.18,24.3,0.312,5.72,0.5,0
27.05,136.84,40.0,0.124,12.23,0.2,1
2.57,22.39,22.5,0.136,10.47,0.5,0
9.76,47.25,31.8,0.219,0.35,0.5,0
24.02,165.93,35.2,0.632,4.83,0.5,1
9.26,59.61,35.1,0.618,5.38,1.0,1
17.43,132.43,35.4,0.121,0.74,0.2,1
14.94,70.39,27.2,0.555,0.38,0.5,0
3.8,16.22,47.3,0.508,0.42,0.8,0
7.79,50.51,12.5,0.545,2.61,0.8,0
1.44,11.95,34.2,0.444,7.86,0.2,0
6.52,51.35,41.4,0.484,1.53,1.0,1
2.23,12.28,42.4,0.774,0.69,0.5,0
11.57,55.3,36.7,0.406,3.51,1.0,1
6.38,55.33,33.1,0.49,1.79,0.2,0
4.5,3.49,30.6,0.222,15.32,0.5,0
2.66,12.54,30.4,0.357,2.85,0.5,0
56.48,208.49,29.8,0.479,0.06,0.5,1
0.63,34.05,36.1,0.515,5.46,0.5,0
0.38,8.43,37.0,0.419,10.46,0.2,0
2.08,9.98,31.8,0.246,5.27,0.8,0
30.12,120.47,37.2,0.74,1.24,1.0,1
32.93,164.31,32.1,0.266,7.63,0.8,1
9.04,56.07,19.5,0.442,3.35,0.5,0
18.03,100.84,40.8,0.31,2.75,0.5,1
2.05,27.6,41.6,0.769,0.8,0.8,1
30.4,164.27,25.7,0.036,2.12,0.5,1
1.31,38.31,38.6,0.147,4.5,0.5,0
0.91,47.39,31.7,0.302,6.68,0.5,0
1.01,32.15,20.7,0.755,8.17,0.8,0
7.24,57.84,29.2,0.337,3.05,0.5,0
12.91,66.8,18.4,0.389,7.85,0.8,1
3.88,14.37,38.6,0.734,12.27,1.0,1
32.4,119.58,23.5,0.482,4.63,0.5,1
4.84,44.45,22.3,0.341,7.68,0.5,0
1.39,48.99,23.9,0.273,11.37,0.5,0
5.33,27.13,24.5,0.274,1.66,0.2,0
9.66,70.44,35.5,0.637,6.5,1.0,1
15.17,60.0,34.6,0.572,3.62,0.5,1
5.22,57.48,20.9,0.073,5.63,0.5,0
7.65,60.16,36.8,0.852,0.45,0.5,1
2.64,44.27,28.0,0.385,9.08,0.8,0
8.82,59.23,30.6,0.163,4.84,0.5,0
36.27,221.81,20.7,0.417,1.1,0.2,1
0.43,37.62,36.4,0.441,4.32,1.0,0
18.5,150.74,28.6,0.446,4.08,1.0,1
7.02,74.43,34.4,0.673,3.05,0.5,1
2.47,33.51,29.9,0.223,0.74,0.5,0
26.34,166.45,16.7,0.605,2.8,0.2,1
5.61,41.16,36.2,0.133,3.85,0.8,0
3.43,6.84,32.6,0.242,3.04,0.2,0
1.7,41.92,30.0,0.546,1.54,0.8,0
2.38,10.72,23.6,0.787,4.61,0.5,0
15.21,104.33,34.2,0.175,3.87,1.0,1
8.1,93.32,25.9,0.434,1.01,0.2,0
20.78,121.92,29.9,0.077,1.81,1.0,1
2.24,30.54,17.2,0.136,2.42,0.2,0
1.1,7.85,38.3,0.177,7.24,1.0,0
0.05,0.0,19.1,0.622,0.42,0.2,0
6.03,48.36,42.4,0.405,1.95,0.8,1
54.24,280.0,41.5,0.318,0.37,0.5,1
10.09,86.72,47.1,0.215,4.28,0.5,1
3.13,31.1,43.2,0.507,1.99,0.5,0
17.8,46.3,47.1,0.4,1.31,1.0,1
12.94,83.2,42.3,0.529,7.08,0.2,1
0.13,0.0,20.2,0.623,20.05,1.0,1
14.43,58.19,30.1,0.26,4.95,0.2,0
3.04,22.86,18.4,0.681,0.04,0.8,0
1.38,43.72,32.5,0.134,13.8,0.8,0
2.18,40.52,32.1,0.536,0.57,0.8,0
5.37,55.39,43.9,0.559,1.33,1.0,1
4.7,33.6,47.0,0.333,2.04,0.2,0
2.9,29.74,25.5,0.596,0.59,0.8,0
1.61,7.37,33.3,0.318,2.11,0.5,0
12.21,72.03,30.7,0.4,8.81,0.8,1
39.24,169.22,32.5,0.333,1.16,0.5,1
12.79,66.32,32.2,0.599,1.17,1.0,1
2.98,38.68,43.5,0.167,3.39,0.8,0
2.39,24.56,42.7,0.451,4.2,0.5,0
2.09,7.64,20.6,0.353,3.43,1.0,0
1.25,13.37,27.9,0.633,0.31,0.8,0
6.81,37.49,37.6,0.424,8.05,0.8,1
7.9,55.93,35.7,0.524,5.03,0.8,1
10.39,54.51,34.4,0.519,3.23,0.8,1
9.69,49.76,49.7,0.588,2.25,0.5,1
2.94,23.69,27.6,0.596,14.0,0.5,1
3.41,65.08,31.8,0.292,6.91,0.2,0
9.73,47.62,47.8,0.453,1.15,0.5,1
3.65,46.16,36.0,0.292,3.74,0.5,0
2.03,24.71,34.8,0.438,1.01,1.0,0
3.99,48.29,22.0,0.676,3.22,0.8,0
2.7,35.85,25.1,0.158,5.01,0.2,0
0.79,27.01,28.7,0.235,2.38,0.2,0
15.07,44.37,30.7,0.497,1.36,0.8,1
16.3,86.25,31.4,0.344,1.58,0.5,1
2.11,34.57,42.9,0.118,7.51,0.5,0
0.57,24.9,20.0,0.271,0.28,0.5,0
11.41,42.45,25.1,0.235,9.24,0.8,0
2.02,45.44,21.5,0.184,1.14,0.8,0
4.25,3.99,37.1,0.075,3.63,1.0,0
0.56,17.74,47.0,0.408,2.65,0.5,0
2.18,15.33,42.6,0.49,1.43,0.2,0
13.38,93.5,36.8,0.128,8.72,1.0,1
13.87,97.12,14.5,0.533,6.69,0.8,1
1.97,5.12,27.9,0.512,3.05,0.8,0
3.48,69.93,41.3,0.169,1.99,1.0,1
1.23,30.04,34.9,0.582,4.28,0.2,0
0.66,28.78,23.9,0.41,0.48,0.8,0
41.23,205.57,30.8,0.43,11.18,0.5,1
9.06,52.62,19.0,0.119,8.36,1.0,0
6.64,55.55,31.9,0.522,2.72,0.5,0
12.33,65.0,42.9,0.229,6.84,0.5,1
15.58,90.13,16.0,0.468,9.57,0.8,1
13.97,67.85,34.0,0.708,0.54,0.2,1
0.14,0.0,24.7,0.438,1.16,0.8,0
1.76,7.99,49.2,0.147,0.9,0.8,0
9.04,83.39,17.8,0.336,4.15,0.8,0
4.01,45.56,34.1,0.09,15.5,0.5,0
34.38,211.7,25.4,0.137,0.12,0.8,1
9.31,52.83,42.1,0.29,20.2,0.8,1
26.66,85.4,20.6,0.369,0.47,0.8,1
1.91,43.65,29.9,0.633,3.71,0.2,0
16.96,82.31,23.1,0.338,4.32,1.0,1
3.3,49.61,39.0,0.832,0.14,0.8,1
38.78,127.99,28.0,0.418,1.54,0.8,1
1.46,11.04,23.1,0.262,2.39,0.8,0
6.17,38.4,36.8,0.398,9.03,0.8,1
13.38,81.54,39.6,0.483,4.6,0.2,1
4.82,15.86,30.7,0.43,3.75,0.8,0
5.37,44.47,28.7,0.356,0.53,0.8,0
36.5,239.56,34.4,0.096,1.3,0.8,1
4.71,60.2,34.9,0.161,2.2,0.5,0
7.88,68.79,35.1,0.55,1.37,0.5,1
0.48,51.14,26.0,0.364,2.19,0.8,0
15.7,112.01,45.0,0.459,9.6,0.2,1
8.88,57.73,24.0,0.551,3.53,0.8,0
4.4,44.26,28.6,0.243,2.78,0.8,0
0.14,38.81,26.2,0.431,2.93,1.0,0
7.61,11.61,44.4,0.415,5.64,0.8,1
0.11,13.1,40.0,0.485,14.03,0.5,1
0.01,0.0,39.4,0.493,15.24,0.2,0
8.14,74.3,12.1,0.356,4.09,0.5,0
1.78,15.67,35.8,0.48,1.75,0.2,0
1.81,75.09,24.6,0.644,3.39,0.5,0
9.0,55.43,46.8,0.276,0.27,0.2,0
0.47,23.6,32.1,0.197,0.67,0.2,0
3.2,24.61,32.9,0.119,8.42,0.2,0
1.38,20.55,28.1,0.566,5.24,0.8,0
7.38,21.14,32.3,0.399,1.07,0.5,0
9.21,46.05,37.5,0.253,2.02,0.8,0
10.85,38.05,32.8,0.41,0.24,0.8,0
2.5,38.31,34.6,0.39,7.59,1.0,1
0.79,16.29,30.9,0.299,1.36,0.2,0
0.7,51.8,36.6,0.557,3.01,0.2,0
4.72,27.56,42.8,0.644,16.27,0.5,1
24.79,176.7,16.9,0.177,0.76,0.2,1
2.09,55.68,20.0,0.587,8.13,0.2,0
2.52,48.18,35.7,0.384,1.14,1.0,0
0.9,27.01,28.7,0.303,0.46,1.0,0
7.91,35.21,26.1,0.594,0.08,1.0,0
9.68,95.3,22.8,0.131,6.95,1.0,1
8.75,40.1,33.1,0.131,0.01,1.0,0
16.78,89.75,27.9,0.253,11.55,0.2,1
5.66,51.5,31.7,0.455,0.77,0.2,0
1.23,11.96,46.1,0.576,6.35,0.5,0
2.9,37.19,37.8,0.174,7.52,0.5,0
9.23,59.9,38.9,0.195,0.34,0.5,0
8.07,40.31,20.7,0.439,1.83,1.0,0
6.44,63.67,27.3,0.439,1.23,0.2,0
9.76,30.07,19.9,0.243,0.06,0.2,0
8.62,33.52,46.9,0.389,2.09,0.8,1
18.12,60.41,35.7,0.529,2.52,0.5,1
7.5,52.92,14.2,0.141,4.32,0.5,0
12.82,90.76,31.0,0.382,1.06,0.8,1
2.43,27.68,25.6,0.309,7.12,1.0,0
9.64,73.16,32.3,0.371,2.48,1.0,1
19.76,103.19,22.8,0.375,4.22,1.0,1
4.14,47.79,17.2,0.538,2.4,1.0,0
12.84,58.67,27.3,0.259,0.32,0.2,0
10.97,69.75,26.5,0.56,25.0,0.2,1
0.52,16.92,36.6,0.129,5.73,0.8,0
7.4,57.12,30.9,0.621,15.1,0.5,1
1.19,54.15,26.4,0.477,6.56,0.8,0
29.08,127.09,33.0,0.416,2.32,0.2,1
14.18,65.38,18.1,0.227,4.46,1.0,0
0.99,6.7,35.2,0.689,6.86,0.2,0
1.1,16.76,21.7,0.156,3.92,0.2,0
7.67,55.49,26.1,0.247,4.0,0.5,0
3.6,30.84,26.1,0.624,0.85,1.0,0
0.3,40.06,30.7,0.549,0.44,1.0,0
6.63,70.73,45.7,0.792,5.04,0.8,1
4.17,41.75,27.3,0.583,3.17,0.8,0
0.91,19.14,26.1,0.513,5.01,0.5,0
13.76,76.48,22.5,0.282,3.32,0.8,0
20.96,136.05,29.0,0.43,0.05,1.0,1
12.01,64.06,23.0,0.467,13.69,0.8,1
14.69,85.1,21.3,0.621,0.5,0.8,1
2.07,16.43,41.1,0.441,4.71,0.8,0
2.6,12.89,17.0,0.482,3.62,0.5,0
1.99,33.76,36.4,0.497,1.08,0.8,0
12.31,93.49,23.7,0.346,6.68,0.5,1
25.12,150.49,13.3,0.218,1.15,1.0,1
10.72,96.76,38.9,0.307,0.28,0.2,1
18.13,132.52,36.2,0.253,4.49,1.0,1
8.65,36.74,27.6,0.36,1.5,0.5,0
4.17,50.79,18.6,0.332,0.68,0.5,0
4.72,49.84,28.3,0.25,0.74,0.8,0
0.67,21.96,22.9,0.358,0.06,0.5,0
0.27,8.64,44.5,0.247,1.38,0.2,0
10.11,98.86,32.1,0.421,1.23,0.8,1
4.9,28.51,46.5,0.375,2.5,0.8,0
6.83,4.4,28.0,0.581,2.48,1.0,0
6.93,42.41,32.7,0.554,4.32,1.0,1
2.76,24.39,23.3,0.313,2.73,0.2,0
5.49,67.73,39.3,0.347,6.39,0.8,1
5.41,56.5,16.2,0.591,7.88,0.5,0
4.18,35.4,36.0,0.881,3.05,0.5,1
14.61,62.21,29.0,0.613,7.15,0.5,1
5.1,43.7,33.2,0.232,17.61,0.8,1
7.87,86.8,33.5,0.796,4.12,1.0,1
19.2,112.58,36.4,0.413,0.81,0.5,1
17.1,63.31,23.7,0.82,2.9,0.5,1
18.79,120.19,32.2,0.515,0.24,0.5,1
2.68,29.31,29.9,0.427,5.74,0.2,0
0.3,4.24,26.1,0.443,0.16,0.8,0
2.57,2.41,31.4,0.795,2.5,0.5,0
2.78,42.83,45.7,0.629,10.14,1.0,1
20.41,105.92,45.4,0.142,7.17,0.2,1
8.91,66.85,26.1,0.221,0.19,0.2,0
0.72,22.22,42.1,0.174,1.83,1.0,0
1.24,18.84,41.8,0.211,1.5,0.5,0
1.44,0.0,25.2,0.344,0.28,0.2,0
8.46,70.33,33.6,0.568,0.45,0.8,1
11.3,85.99,41.5,0.177,3.16,1.0,1
16.69,112.15,31.8,0.485,1.49,0.5,1
24.0,83.93,28.5,0.08,0.17,0.2,0
1.91,52.64,34.9,0.519,7.24,0.8,1
3.15,11.97,22.6,0.148,2.99,0.5,0
2.34,26.14,22.2,0.5,4.62,0.5,0
3.78,43.47,40.1,0.416,4.52,0.5,0
20.92,108.21,16.2,0.381,0.32,0.5,0
7.28,54.1,39.2,0.329,0.02,1.0,1
11.39,69.78,26.4,0.21,7.08,0.8,0
5.73,34.94,31.1,0.136,13.52,0.5,0
0.25,34.23,32.4,0.303,3.11,0.5,0
0.56,39.01,38.0,0.51,2.75,0.5,0
6.56,30.16,42.1,0.128,0.48,0.5,0
10.78,78.63,39.2,0.497,3.11,0.5,1
2.06,7.58,33.0,0.347,0.08,0.8,0
10.88,82.57,27.9,0.706,5.94,1.0,1
14.15,101.3,32.1,0.705,2.78,0.8,1
4.51,25.81,15.3,0.277,4.79,0.2,0
11.66,97.12,25.0,0.153,2.46,0.5,0
4.4,43.97,28.4,0.384,5.12,1.0,0
9.64,77.19,27.2,0.693,3.05,0.5,1
12.27,58.11,19.4,0.715,2.9,0.2,0
40.96,160.14,16.8,0.39,1.76,0.5,1
3.6,24.89,29.7,0.551,1.28,1.0,0
4.5,33.04,18.3,0.4,5.52,0.8,0
1.54,44.5,26.3,0.755,4.71,0.8,1
1.94,19.82,30.9,0.587,8.8,0.5,0
10.05,71.74,23.9,0.833,5.87,0.2,1
21.16,139.6,18.6,0.243,0.29,1.0,1
4.27,66.55,30.0,0.098,11.71,0.5,0
1.69,42.02,30.4,0.372,5.26,0.8,0
2.85,30.11,43.6,0.562,1.61,0.8,1
5.16,57.24,20.9,0.305,3.94,0.2,0
2.92,29.05,34.0,0.497,5.49,0.5,0
2.26,16.1,27.2,0.312,0.56,0.2,0
11.32,61.33,20.7,0.794,12.86,0.5,1
0.07,40.79,29.1,0.3,4.0,0.5,0
6.59,80.1,29.9,0.358,0.08,0.8,0
13.42,96.83,28.3,0.479,3.06,0.2,1
2.63,21.56,38.0,0.294,0.82,1.0,0
7.86,47.47,40.4,0.439,1.1,0.2,0
9.4,43.19,21.7,0.183,0.27,0.5,0
9.05,62.59,22.5,0.277,2.05,0.5,0
5.02,22.67,29.7,0.497,1.17,0.5,0
3.62,33.49,27.2,0.26,6.88,0.2,0
15.36,74.45,39.7,0.35,7.49,0.5,1
12.08,85.74,50.4,0.26,0.1,0.2,1
3.29,26.02,22.9,0.26,5.63,0.8,0
0.92,35.05,37.9,0.336,0.15,1.0,0
0.63,19.05,33.8,0.399,2.25,0.8,0
0.84,22.25,34.7,0.319,0.42,0.2,0
7.43,41.54,25.6,0.445,3.13,0.5,0
0.45,45.29,19.5,0.586,11.88,0.2,0
3.49,23.01,32.4,0.186,1.0,0.5,0
11.89,98.39,34.0,0.647,6.95,1.0,1
2.96,22.33,46.4,0.283,5.82,0.5,0
12.25,82.72,35.5,0.192,5.42,0.2,0
11.63,74.93,30.2,0.313,1.18,0.5,0
2.4,45.13,49.8,0.365,3.67,1.0,1
11.09,50.22,28.6,0.345,0.34,0.2,0
11.71,57.31,22.3,0.331,2.51,0.8,0
4.31,33.39,34.1,0.362,9.6,0.5,0
2.01,42.02,25.7,0.675,2.72,0.5,0
6.26,86.23,43.9,0.482,0.13,0.8,1
21.62,97.82,29.9,0.467,4.55,1.0,1
8.67,51.18,21.8,0.117,7.83,0.5,0
1.61,38.02,21.4,0.463,0.83,0.5,0
9.76,43.21,34.8,0.058,0.65,0.2,0
4.74,34.28,28.4,0.435,0.11,0.5,0
7.61,60.97,28.3,0.528,5.46,0.2,0
11.26,81.83,34.0,0.169,9.22,0.8,1
6.15,46.68,24.3,0.278,2.55,0.8,0
14.3,72.9,21.6,0.404,1.24,0.5,0
10.89,64.26,35.0,0.768,9.84,0.8,1
8.11,41.02,12.2,0.261,0.84,0.8,0
1.39,43.97,43.2,0.708,2.09,0.8,1
15.36,68.07,23.0,0.169,8.91,0.8,1
23.35,127.25,30.3,0.339,16.74,0.5,1
1.25,7.85,24.0,0.336,1.17,0.5,0
5.69,36.01,24.2,0.437,11.49,0.8,0
2.55,20.77,40.2,0.282,2.5,0.5,0
11.94,104.84,33.3,0.11,3.84,0.8,1
10.87,67.54,27.0,0.552,5.42,0.8,1
1.29,39.58,25.2,0.466,1.76,0.2,0
17.81,71.4,24.0,0.634,6.84,0.5,1
1.7,31.4,32.7,0.654,9.75,0.8,1
13.56,97.93,37.0,0.2,5.45,0.5,1
5.19,51.44,25.3,0.273,0.47,0.5,0
3.38,36.9,27.5,0.355,0.21,0.5,0
1.46,46.15,36.7,0.22,1.36,1.0,0
1.56,37.34,37.1,0.821,5.64,0.5,1
9.22,66.57,23.8,0.247,7.43,1.0,1
6.8,50.25,28.8,0.306,2.0,0.2,0
1.11,16.0,41.5,0.484,0.5,0.8,0
1.02,18.42,37.2,0.206,5.22,0.5,0
0.64,29.61,22.3,0.096,6.99,0.8,0
11.57,86.68,28.9,0.112,0.44,0.5,0
10.58,40.33,47.3,0.668,2.1,0.8,1
0.51,0.0,32.0,0.169,3.91,0.5,0
6.98,35.98,36.6,0.3,5.32,0.8,0
0.75,15.86,19.2,0.135,11.42,0.2,0
19.9,103.21,40.1,0.242,0.85,0.2,1
20.2,98.15,33.8,0.318,9.12,0.8,1
10.18,74.15,22.7,0.402,7.17,0.2,0
22.15,98.69,28.7,0.773,2.65,0.2,1
14.18,88.56,18.8,0.469,3.41,1.0,1
14.99,96.08,38.3,0.221,4.58,0.2,1
7.17,41.31,37.4,0.551,8.62,0.2,1
3.11,51.37,31.3,0.316,3.08,0.2,0
2.09,29.79,30.4,0.315,0.93,0.5,0
3.37,32.66,30.7,0.391,2.12,1.0,0
8.42,30.14,15.9,0.422,1.53,0.2,0
1.61,32.25,28.4,0.565,11.33,1.0,1
2.54,62.99,20.9,0.626,0.41,0.5,0
5.37,52.62,23.1,0.121,2.38,0.8,0
2.26,36.16,46.4,0.703,16.78,0.8,1
7.55,48.46,25.6,0.177,2.67,1.0,0
21.81,153.47,31.1,0.253,2.18,1.0,1
11.72,87.11,42.3,0.458,4.14,0.8,1
9.33,74.87,29.5,0.742,0.97,0.5,1
7.43,50.74,32.1,0.254,7.13,0.8,0
5.69,13.05,22.5,0.172,2.46,0.5,0
1.76,26.79,26.2,0.589,2.03,0.8,0
19.13,98.97,31.6,0.226,2.1,0.5,1
2.43,31.05,28.4,0.232,4.37,1.0,0
0.81,11.38,15.9,0.395,4.07,0.2,0
11.78,74.33,29.2,0.234,2.73,0.5,0
1.64,9.62,39.5,0.401,3.45,0.2,0
3.95,52.23,20.4,0.448,7.65,0.5,0
0.24,10.64,14.2,0.228,6.26,0.2,0
1.25,13.85,20.5,0.42,2.8,0.2,0
1.62,48.34,35.8,0.227,10.21,0.2,0
0.48,30.87,38.9,0.611,2.34,0.5,0
9.09,41.19,16.7,0.293,1.4,0.2,0
15.42,84.38,42.3,0.517,0.65,1.0,1
3.97,62.34,34.3,0.324,0.97,0.2,0
17.65,130.39,31.9,0.184,4.29,0.2,1
2.04,37.1,25.3,0.497,3.27,0.5,0
3.35,18.51,28.5,0.61,0.53,0.5,0
1.39,26.21,45.3,0.33,2.47,0.5,0
8.24,43.02,43.4,0.303,0.63,0.2,0
4.63,25.91,34.3,0.592,1.97,0.5,0
8.08,44.66,33.2,0.258,1.06,0.2,0
12.19,53.95,23.9,0.493,2.55,0.5,0
6.71,44.23,45.7,0.58,7.56,0.8,1
8.4,39.82,37.7,0.439,1.34,0.5,0
23.27,100.07,28.8,0.51,13.69,0.2,1
3.02,23.57,39.6,0.239,2.63,0.8,0
3.78,55.69,24.0,0.487,0.73,0.2,0
10.75,103.87,24.0,0.424,4.18,0.5,1
8.03,51.53,38.7,0.61,7.66,0.2,1
1.67,29.65,32.8,0.569,2.48,0.5,0
4.01,21.44,32.7,0.309,8.42,0.8,0
5.36,55.61,33.1,0.634,5.62,0.8,1
4.62,29.56,20.8,0.655,0.46,0.5,0
1.67,15.95,28.0,0.386,7.34,1.0,0
21.95,159.68,33.1,0.427,0.46,0.8,1
12.21,30.59,25.1,0.377,1.85,0.8,0
5.58,2.56,31.6,0.469,10.17,1.0,0
9.69,60.07,32.7,0.612,1.19,0.5,1
19.34,71.49,45.1,0.404,0.04,0.2,1
1.24,17.6,25.1,0.477,2.12,0.5,0
2.45,70.33,30.1,0.675,10.78,0.2,1
6.65,59.85,48.1,0.337,2.1,0.5,1
13.64,88.25,23.1,0.292,0.43,0.5,0
0.31,10.22,38.4,0.052,2.07,1.0,0
35.16,144.24,22.8,0.157,16.44,0.8,1
5.16,21.92,40.8,0.074,0.86,0.5,0
3.78,33.13,31.2,0.254,9.31,0.8,0
2.94,30.65,47.2,0.584,0.48,0.5,0
1.63,29.41,22.5,0.677,0.43,0.5,0
13.33,86.5,35.8,0.246,0.19,0.2,0
26.44,103.0,36.0,0.335,0.67,1.0,1
4.54,47.01,36.6,0.465,10.82,0.8,1
25.89,83.27,19.7,0.53,6.54,0.2,1
14.76,72.73,26.3,0.265,1.54,1.0,0
5.58,27.19,27.7,0.444,0.57,0.5,0
9.53,74.96,27.3,0.203,3.13,0.8,0
4.85,37.82,35.5,0.468,0.5,0.8,0
6.95,56.45,17.1,0.331,4.26,0.8,0
0.51,26.39,36.9,0.28,8.16,0.8,0
10.13,33.4,32.1,0.202,2.81,0.8,0
0.46,21.31,22.6,0.274,1.0,0.5,0
14.44,32.89,24.5,0.363,1.44,0.5,0
14.81,65.4,19.5,0.734,1.83,0.2,0
2.3,17.78,30.6,0.129,12.25,0.2,0
3.32,48.38,33.6,0.28,7.47,0.2,0
5.58,49.49,33.2,0.32,3.0,0.8,0
7.72,43.45,46.4,0.225,4.37,0.2,0
2.88,48.09,26.5,0.493,0.39,0.5,0
7.63,44.82,37.9,0.309,0.77,0.2,0
3.0,44.88,36.7,0.632,3.04,0.2,0
0.49,28.45,17.5,0.534,0.51,0.5,0
0.02,14.59,44.3,0.664,0.08,0.5,0
0.91,4.27,44.4,0.151,0.42,0.5,0
13.36,74.44,29.1,0.256,0.42,0.5,0
27.67,123.09,29.6,0.737,5.14,0.2,1
4.73,23.7,39.7,0.452,7.21,0.5,0
6.11,43.25,31.4,0.651,6.39,0.8,1
1.35,41.69,39.0,0.572,17.99,0.5,1
6.81,58.37,15.8,0.384,8.25,0.2,0
1.33,30.22,25.2,0.726,2.12,0.5,0
8.03,73.7,19.2,0.38,2.26,0.8,0
23.01,174.38,30.5,0.552,1.4,0.5,1
1.85,23.21,40.9,0.566,0.94,0.2,0
12.29,37.88,33.0,0.563,5.96,0.5,1
0.2,1.26,31.9,0.405,3.86,0.2,0
4.0,24.86,28.4,0.123,0.57,0.5,0
1.0,9.93,17.7,0.601,4.59,0.5,0
3.69,6.67,38.0,0.26,0.82,0.2,0
1.62,52.62,33.0,0.675,2.02,0.5,0
3.97,44.93,44.4,0.538,8.46,0.2,1
4.59,38.55,30.0,0.33,0.25,0.8,0
3.04,31.28,29.3,0.273,1.77,0.2,0
9.09,17.3,47.4,0.383,0.09,0.2,0
21.35,143.49,21.4,0.279,2.25,0.8,1
4.35,6.06,25.3,0.372,4.29,0.2,0
1.82,33.75,31.2,0.2,0.0,0.5,0
2.68,2.18,32.0,0.437,4.06,0.5,0
16.36,96.11,32.5,0.129,3.97,0.2,0
7.21,77.31,24.0,0.377,9.03,0.5,1
5.16,19.01,44.2,0.492,2.22,0.2,0
1.38,22.77,36.2,0.57,0.66,0.2,0
5.08,47.63,25.5,0.143,4.35,0.5,0
2.77,35.11,26.5,0.522,1.85,1.0,0
24.37,161.61,42.0,0.336,0.72,0.5,1
18.32,114.13,28.7,0.306,3.75,0.5,1
0.74,12.77,32.7,0.601,0.46,0.8,0
6.18,78.77,20.5,0.594,0.65,0.5,0
2.17,4.65,25.3,0.181,5.03,1.0,0
4.5,63.98,29.6,0.796,4.44,0.5,1
17.8,118.38,35.0,0.336,3.47,0.5,1
6.37,49.01,26.1,0.521,5.87,0.2,0
3.46,49.28,45.6,0.586,0.62,0.2,0
1.98,36.65,24.3,0.562,0.31,0.5,0
13.69,51.03,38.4,0.88,18.49,0.8,1
8.33,56.88,28.4,0.589,2.75,0.8,1
5.37,21.92,40.2,0.347,13.22,1.0,1
2.08,20.96,44.0,0.517,3.42,0.5,0
3.46,41.31,23.1,0.369,4.71,0.2,0
27.33,158.16,31.3,0.252,1.33,0.5,1
6.24,44.62,21.9,0.374,7.68,0.2,0
4.35,9.87,36.3,0.524,1.86,0.2,0
6.26,40.07,40.1,0.388,8.01,0.5,1
12.83,48.38,29.0,0.479,1.27,0.8,0
3.53,19.73,29.1,0.343,3.4,0.8,0
1.67,11.81,23.7,0.658,5.79,0.8,0
7.47,41.4,26.8,0.482,5.83,0.2,0
9.3,68.24,27.3,0.565,5.91,0.5,1
10.6,51.81,22.0,0.307,21.06,0.8,1
18.16,87.9,26.9,0.287,11.97,0.2,1
3.94,26.44,43.2,0.836,0.86,0.5,1
0.67,27.4,27.3,0.4,1.75,0.5,0
27.02,182.42,25.9,0.552,2.76,0.5,1
4.85,31.99,28.9,0.372,4.94,1.0,0
8.3,27.2,46.2,0.156,4.29,0.8,0
9.33,26.1,37.9,0.545,4.26,0.8,1
6.72,39.96,23.7,0.486,1.26,0.2,0
1.95,42.23,37.6,0.234,1.56,0.5,0
11.96,85.29,38.0,0.495,0.87,0.2,1
13.84,49.87,45.5,0.597,8.07,0.8,1
6.84,58.87,42.4,0.471,2.06,0.8,1
5.7,22.05,19.4,0.588,2.4,0.2,0
1.03,11.9,30.5,0.31,12.04,0.5,0
0.75,8.87,36.2,0.401,9.43,0.8,0
3.53,27.83,47.3,0.678,1.25,0.5,1
3.16,20.73,18.9,0.285,8.32,0.2,0
26.11,163.07,28.4,0.843,3.02,0.2,1
13.01,51.48,31.3,0.124,4.04,0.5,0
9.17,86.85,29.5,0.516,2.13,0.5,1
6.2,37.96,30.5,0.892,15.81,0.5,1
1.56,62.19,28.5,0.601,4.38,1.0,1
32.62,200.69,47.0,0.109,1.64,0.5,1
4.0,43.66,39.1,0.295,3.21,0.5,0
0.96,14.23,37.1,0.337,7.7,0.8,0
5.79,52.06,29.5,0.329,0.25,0.5,0
17.61,120.24,42.0,0.68,0.94,0.2,1
18.56,116.71,19.3,0.536,0.03,0.8,1
0.09,4.21,21.5,0.286,0.66,0.8,0
18.48,69.38,45.8,0.174,3.02,0.5,1
2.69,23.16,32.9,0.311,1.78,0.2,0
0.34,34.84,22.1,0.557,2.59,0.2,0
16.0,108.56,45.5,0.665,2.52,1.0,1
16.95,45.39,47.4,0.171,0.79,0.8,1
7.71,49.27,42.0,0.547,6.56,0.8,1
7.26,65.96,24.8,0.708,1.6,0.2,0
14.26,32.17,26.0,0.096,6.92,0.5,0
13.12,117.88,29.4,0.297,0.82,0.5,1
18.77,120.16,33.2,0.437,1.6,0.5,1
6.84,43.0,49.4,0.391,3.91,0.5,1
29.16,118.15,45.9,0.318,1.54,0.5,1
47.25,211.06,43.9,0.5,0.92,0.2,1
1.05,2.91,19.1,0.473,10.75,0.8,0
16.1,93.64,37.7,0.335,2.28,0.2,1
5.89,29.33,41.8,0.133,9.49,1.0,1
4.17,35.77,27.5,0.593,16.1,0.5,1
8.07,71.23,24.2,0.477,1.74,0.5,0
0.49,26.85,37.5,0.323,1.62,0.5,0
6.0,51.61,19.2,0.468,0.89,1.0,0
17.4,96.18,45.0,0.188,2.72,0.5,1
2.04,30.24,22.0,0.085,0.92,0.5,0
4.72,20.6,30.6,0.561,1.08,0.5,0
23.84,147.2,48.2,0.417,5.38,0.8,1
4.76,29.09,48.9,0.454,2.19,0.5,0
3.77,32.1,38.3,0.436,0.92,1.0,0
4.94,31.69,40.4,0.301,1.35,0.5,0
6.23,48.75,46.7,0.195,0.82,0.5,0
8.5,89.99,44.2,0.648,1.05,0.5,1
13.71,85.22,34.2,0.369,5.23,0.8,1
5.11,65.64,37.1,0.63,7.3,0.5,1
14.46,104.58,33.5,0.39,11.74,0.5,1
6.49,75.92,31.6,0.339,17.72,0.2,1
3.51,39.74,42.0,0.825,1.99,1.0,1
9.12,60.09,37.2,0.075,0.26,0.8,0
10.75,77.94,41.1,0.545,3.51,1.0,1
6.94,35.57,19.4,0.387,0.27,0.2,0
0.5,6.61,33.1,0.345,4.54,0.8,0
1.58,32.59,27.4,0.634,4.62,0.8,0
2.86,8.61,31.8,0.821,0.61,0.5,0
2.82,34.99,34.0,0.252,5.46,0.2,0
9.51,58.79,40.6,0.317,1.15,0.2,0
0.16,19.29,15.4,0.306,1.82,0.5,0
11.98,56.93,22.3,0.334,0.24,0.8,0
2.62,27.6,43.9,0.253,2.14,0.5,0
3.15,12.36,46.8,0.451,1.38,0.8,0
6.38,37.12,17.2,0.122,3.86,1.0,0
2.07,36.69,27.5,0.532,1.19,0.5,0
18.35,111.0,13.0,0.209,3.67,0.5,0
0.76,32.17,37.7,0.62,1.36,0.2,0
5.0,34.16,35.7,0.256,1.02,0.5,0
16.09,100.19,32.9,0.41,5.15,0.5,1
8.13,50.65,35.9,0.73,1.4,1.0,1
2.94,19.66,32.3,0.756,0.9,0.2,0
4.64,44.02,24.9,0.153,12.06,0.8,0
10.43,51.25,37.6,0.258,7.38,0.5,1
30.78,169.66,38.5,0.214,2.48,0.2,1
19.01,61.77,40.9,0.255,0.29,0.8,1
3.56,27.21,45.8,0.721,2.88,0.5,1
53.71,153.22,37.4,0.841,0.14,0.5,1
0.03,0.0,17.1,0.429,6.76,1.0,0
0.24,32.12,14.4,0.799,2.1,0.2,0
14.76,95.01,37.2,0.66,0.92,0.5,1
1.89,0.0,17.2,0.12,5.49,1.0,0
0.53,32.54,27.1,0.541,0.69,1.0,0
2.3,22.09,21.2,0.42,4.52,0.8,0
4.72,34.98,46.9,0.602,3.88,0.2,1
11.15,60.19,27.1,0.797,0.67,0.5,1
8.32,55.02,17.1,0.834,4.15,0.8,1
2.31,25.41,45.5,0.386,5.79,0.5,0
5.95,88.53,33.9,0.269,5.71,0.2,0
22.16,90.86,15.8,0.788,3.52,0.8,1
14.34,44.44,40.2,0.323,0.38,0.5,0
3.32,21.82,21.9,0.663,0.71,0.5,0
34.27,207.76,39.1,0.421,1.34,1.0,1
10.48,66.16,33.7,0.017,10.52,0.2,0
0.55,26.46,22.8,0.291,0.38,0.5,0
0.3,13.97,37.6,0.377,3.03,0.5,0
1.57,33.38,30.5,0.493,8.47,0.5,0
11.06,54.3,34.6,0.03,2.19,1.0,0
1.73,28.67,41.5,0.154,8.09,0.5,0
6.09,59.72,25.5,0.687,1.48,0.5,0
0.83,30.02,28.4,0.364,2.22,0.5,0
21.56,131.32,50.5,0.292,3.44,0.8,1
3.58,44.57,31.7,0.521,4.0,0.5,0
20.29,158.05,32.7,0.281,1.89,0.8,1
24.63,92.14,26.2,0.235,2.34,1.0,1
0.05,22.47,29.6,0.298,3.6,0.5,0
5.3,25.36,31.5,0.477,7.25,1.0,1
0.21,31.49,25.5,0.362,1.68,0.8,0
20.34,140.99,24.8,0.525,3.12,1.0,1
6.21,60.1,33.7,0.133,5.4,0.2,0
0.66,24.19,23.0,0.175,12.44,0.5,0
0.99,67.42,32.6,0.35,0.49,0.2,0
4.11,45.24,36.3,0.347,0.31,0.5,0
23.95,156.37,23.5,0.206,0.14,0.8,1
10.04,46.84,37.4,0.489,0.91,0.5,0
17.19,70.06,28.2,0.102,2.86,0.5,0
3.88,48.82,49.5,0.085,0.7,0.2,0
0.38,19.89,47.8,0.706,1.08,0.8,1
31.13,166.91,39.0,0.621,0.68,0.8,1
0.15,27.56,27.8,0.725,8.05,0.2,0
25.07,134.22,44.7,0.134,7.83,0.2,1
3.91,43.67,51.0,0.349,2.36,1.0,1
0.09,21.71,30.7,0.797,1.51,0.8,0
9.93,90.23,34.0,0.61,9.72,0.5,1
33.48,187.66,12.4,0.397,3.78,0.2,1
28.65,131.29,16.3,0.567,0.68,0.5,1
1.49,22.07,31.5,0.431,6.31,1.0,0
1.7,30.93,33.9,0.746,1.41,0.2,0
7.09,56.28,27.0,0.32,7.53,0.2,0
8.62,55.91,19.6,0.207,2.91,0.2,0
11.43,88.85,38.5,0.183,4.49,0.5,1
1.7,44.92,29.7,0.446,4.72,0.5,0
27.15,140.85,34.8,0.436,0.19,1.0,1
8.65,30.56,34.9,0.483,5.08,0.5,0
15.96,67.93,32.5,0.197,1.0,0.8,0
6.6,52.75,22.8,0.122,5.48,0.8,0
4.55,63.48,34.0,0.359,1.4,0.5,0
32.13,205.06,27.3,0.092,0.37,0.2,1
7.42,38.88,39.7,0.06,3.53,0.5,0
17.14,73.43,23.4,0.275,17.2,0.5,1
26.04,113.18,26.4,0.893,0.1,0.8,1
9.56,66.32,30.2,0.579,0.06,0.2,0
6.77,57.74,37.2,0.201,0.77,0.8,0
0.03,0.0,36.7,0.544,0.55,0.5,0
0.35,17.15,27.6,0.323,4.95,0.2,0
1.91,13.06,31.7,0.29,3.51,0.5,0
1.75,39.5,24.7,0.733,0.33,0.2,0
2.5,18.22,38.1,0.562,0.47,1.0,0
3.09,21.59,23.5,0.692,5.44,0.8,0
3.79,42.17,39.7,0.299,0.91,0.5,0
4.64,40.01,44.7,0.182,0.6,0.5,0
0.88,60.04,49.3,0.478,0.22,0.5,1
0.37,35.23,41.0,0.52,5.98,0.5,0
9.53,53.97,24.3,0.515,10.77,1.0,1
6.55,43.49,29.6,0.448,7.01,0.2,0
4.99,2.14,19.1,0.411,0.05,0.2,0
8.55,62.63,22.3,0.309,1.09,0.2,0
14.95,91.17,16.8,0.301,6.27,0.8,1
4.74,42.52,34.6,0.463,5.67,0.5,0
8.71,73.17,32.2,0.171,0.77,0.2,0
26.09,100.99,43.7,0.574,5.61,0.5,1
15.56,71.16,30.7,0.465,1.43,0.5,1
4.72,42.26,34.7,0.136,16.9,0.8,1
8.8,60.93,29.3,0.883,9.14,0.2,1
1.66,33.07,40.0,0.461,7.95,0.2,0
6.99,41.0,44.1,0.375,2.39,1.0,1
33.84,184.18,30.0,0.286,2.88,0.5,1
6.21,75.45,18.7,0.658,4.36,1.0,1
22.32,123.1,22.3,0.545,0.7,0.2,1
4.45,25.29,36.7,0.388,3.09,0.5,0
57.49,201.9,27.3,0.165,5.53,0.2,1
7.36,68.26,38.6,0.384,0.21,0.8,1
0.37,38.58,37.5,0.492,0.97,0.2,0
7.51,44.32,36.0,0.272,6.79,0.8,1
2.73,22.3,39.5,0.325,2.01,0.5,0
0.28,0.48,37.7,0.441,0.66,1.0,0
14.62,74.38,34.4,0.204,1.32,0.2,0
2.74,54.46,12.0,0.523,4.83,0.2,0
13.53,94.39,31.8,0.689,3.69,1.0,1
2.89,29.58,33.6,0.11,3.47,0.5,0
1.84,47.73,46.3,0.14,1.98,0.5,0
31.0,181.48,34.9,0.16,4.99,0.5,1
3.82,29.49,33.1,0.409,5.34,0.5,0
7.82,77.71,32.4,0.401,4.9,0.5,1
8.0,31.08,19.8,0.184,6.08,0.2,0
6.99,60.73,29.9,0.751,1.23,0.2,0
20.92,132.05,21.1,0.376,9.2,0.5,1
9.54,65.54,17.0,0.809,1.58,0.5,0
4.4,39.79,27.4,0.616,1.23,0.5,0
16.86,99.1,34.7,0.524,4.09,0.8,1
1.7,26.81,41.4,0.342,12.55,0.5,1
6.68,86.66,39.4,0.298,1.12,0.8,1
25.56,172.79,26.5,0.334,0.8,0.5,1
8.35,56.13,16.5,0.664,0.2,0.5,0
14.43,46.82,29.3,0.108,2.41,0.8,0
9.01,42.05,27.1,0.499,8.93,1.0,1
15.54,117.25,28.5,0.303,8.76,0.8,1
24.57,81.77,32.8,0.615,5.62,0.2,1
2.71,39.48,15.3,0.639,1.1,0.2,0
1.58,14.11,28.5,0.421,2.54,0.5,0
5.62,28.81,32.7,0.509,0.47,0.8,0
10.29,65.65,30.0,0.12,3.28,0.8,0
2.19,50.72,35.3,0.711,12.47,0.8,1
0.03,25.19,23.1,0.597,5.28,0.5,0
3.57,26.65,21.9,0.493,2.21,0.2,0
29.49,112.88,26.9,0.496,4.08,0.2,1
10.09,84.4,19.7,0.379,3.25,0.2,0
4.36,29.08,24.8,0.363,4.06,0.5,0
1.82,40.05,19.0,0.341,0.23,0.8,0
3.74,52.33,29.3,0.206,3.81,1.0,0
1.58,40.63,36.4,0.298,3.2,1.0,0
0.96,13.6,26.3,0.383,17.16,0.2,0
20.17,55.49,11.9,0.715,0.28,1.0,0
51.45,280.0,32.7,0.719,1.76,0.5,1
1.52,17.87,35.9,0.129,7.15,1.0,0
0.48,16.13,29.0,0.462,1.99,0.8,0
3.4,30.12,26.6,0.557,17.99,0.8,1
5.26,32.96,31.3,0.319,0.3,1.0,0
1.95,53.18,19.7,0.231,0.09,0.2,0
3.05,28.11,34.7,0.667,5.05,0.5,0
1.91,27.48,37.0,0.635,11.43,0.5,1
12.65,33.58,36.2,0.257,0.21,0.2,0
10.6,108.73,27.4,0.505,4.53,0.2,1
8.57,30.64,40.5,0.472,2.25,0.2,0
4.16,28.26,45.3,0.593,2.66,0.5,1
20.38,100.74,26.6,0.624,4.67,0.2,1
29.67,142.04,25.6,0.282,0.97,0.5,1
1.62,49.88,36.2,0.479,2.79,0.5,0
2.14,40.91,36.3,0.456,4.27,0.8,0
6.34,44.07,31.7,0.049,0.73,1.0,0
0.81,37.74,44.0,0.143,1.89,1.0,0
4.87,50.09,21.6,0.349,2.43,1.0,0
7.41,40.84,31.0,0.308,0.27,0.5,0
6.28,54.16,15.7,0.603,16.78,1.0,1
3.42,32.2,17.0,0.302,0.01,0.2,0
6.65,44.56,17.0,0.161,0.43,0.8,0
27.11,152.01,31.3,0.182,4.19,0.8,1
1.96,25.73,33.4,0.048,0.19,0.2,0
9.04,52.82,11.8,0.15,10.64,0.5,0
0.38,36.75,34.4,0.403,12.75,0.2,0
0.58,0.07,31.3,0.53,2.47,1.0,0
6.82,43.14,24.4,0.402,3.33,0.5,0
0.94,33.18,13.7,0.614,8.12,0.8,0
0.19,19.94,22.0,0.254,0.99,0.5,0
1.6,43.94,33.7,0.605,2.06,0.2,0
7.07,52.77,35.1,0.222,8.27,0.2,0
10.33,37.16,34.8,0.51,1.68,0.5,0
1.92,32.16,21.9,0.711,9.99,1.0,1
9.38,72.07,43.4,0.637,4.38,0.2,1
1.71,30.07,29.5,0.699,5.13,0.5,0
8.08,55.57,38.0,0.489,4.05,0.5,1
4.51,31.98,22.4,0.705,5.33,0.5,0
9.02,39.71,30.9,0.731,7.39,0.2,1
45.13,198.85,32.0,0.315,11.05,0.5,1
23.61,103.87,38.1,0.685,0.86,0.2,1
0.04,26.05,34.2,0.57,14.35,0.8,1
18.42,82.43,29.2,0.313,6.52,1.0,1
0.58,31.76,26.2,0.251,2.79,0.5,0
26.0,104.4,47.2,0.334,2.02,0.8,1
2.81,13.0,26.2,0.476,2.09,0.8,0
4.09,27.09,20.9,0.431,3.53,0.5,0
0.82,54.56,26.7,0.756,4.6,0.8,1
1.01,24.13,27.4,0.402,4.41,0.5,0
11.03,65.59,20.9,0.375,1.0,1.0,0
24.55,153.53,36.3,0.277,3.08,0.8,1
8.02,26.91,34.1,0.336,2.92,0.5,0
10.7,69.76,27.1,0.629,0.86,1.0,1
12.2,51.48,49.6,0.523,1.93,0.8,1
2.59,13.59,35.0,0.368,3.42,0.5,0
0.39,13.66,36.2,0.452,8.71,0.8,0
0.02,16.98,32.7,0.217,1.61,1.0,0
3.67,49.4,32.6,0.66,1.11,0.2,0
2.35,18.5,14.3,0.257,0.37,0.5,0
0.55,61.58,38.1,0.36,3.55,0.2,0
1.68,12.52,43.3,0.542,5.17,0.5,0
1.13,35.75,20.6,0.264,0.84,0.8,0
20.94,66.19,38.9,0.294,3.65,0.5,1
1.28,22.18,32.2,0.745,13.04,0.5,1
6.56,50.29,26.2,0.102,4.43,0.5,0
7.64,40.22,43.8,0.685,3.48,0.5,1
6.67,75.42,14.0,0.676,0.25,0.8,0
0.89,31.6,25.9,0.21,16.24,0.2,0
3.26,33.46,42.2,0.51,2.4,0.5,0
0.45,27.93,31.1,0.432,2.65,0.5,0
4.28,28.62,33.6,0.439,6.05,0.5,0
1.78,47.86,37.5,0.613,2.37,0.2,0
7.01,75.24,21.7,0.316,2.68,0.8,0
10.03,62.52,24.1,0.707,6.57,0.5,1
6.46,55.36,50.9,0.832,0.91,0.5,1
4.84,25.19,24.8,0.616,0.82,1.0,0
4.16,57.64,32.3,0.273,1.38,0.8,0
15.67,84.03,26.6,0.292,2.97,0.8,1
2.11,47.3,40.8,0.582,3.77,0.5,1
11.26,91.03,46.3,0.452,6.19,1.0,1
12.04,75.51,21.4,0.319,1.65,1.0,0
4.62,21.08,33.7,0.406,0.91,0.5,0
3.0,17.39,39.4,0.743,2.02,0.5,0
5.41,84.5,39.8,0.455,0.72,0.2,1
0.83,2.2,30.2,0.443,1.2,0.8,0
0.4,5.62,24.4,0.291,0.27,1.0,0
1.01,24.87,28.9,0.719,0.29,0.5,0
1.76,25.14,37.5,0.126,0.89,0.2,0
5.96,41.36,49.7,0.319,1.54,0.5,0
16.08,91.34,32.7,0.355,10.92,0.8,1
2.28,44.3,23.4,0.778,2.53,1.0,1
23.25,127.24,16.2,0.322,0.51,0.8,1
26.34,126.16,45.1,0.535,0.78,0.8,1
27.13,177.17,31.1,0.4,1.14,0.5,1
15.45,52.41,36.6,0.888,8.94,0.5,1
3.84,13.72,35.1,0.518,1.72,0.2,0
0.64,27.04,42.4,0.329,10.36,0.5,0
7.15,67.23,25.7,0.556,0.33,0.5,0
6.95,51.5,30.2,0.763,7.56,0.2,1
16.12,26.91,43.5,0.29,2.31,0.8,1
46.91,175.56,33.3,0.627,8.54,0.8,1
6.03,52.66,18.1,0.303,5.18,0.2,0
3.6,9.53,23.4,0.748,1.15,1.0,0
1.75,39.27,24.8,0.128,1.87,0.5,0
0.04,13.46,49.7,0.399,4.73,0.5,0
6.05,44.89,24.4,0.645,1.01,0.2,0
6.89,32.9,41.5,0.353,4.34,0.5,0
14.81,70.08,18.5,0.549,3.19,0.5,0
5.97,71.49,23.0,0.254,1.58,0.8,0
21.1,109.44,41.6,0.569,4.44,1.0,1
8.41,68.43,42.8,0.415,9.98,0.2,1
15.59,117.64,22.8,0.448,8.98,0.5,1
1.36,31.4,24.6,0.267,2.92,0.5,0
16.43,116.12,32.1,0.508,4.91,0.8,1
9.56,44.74,17.0,0.242,1.89,0.5,0
1.59,45.31,45.2,0.652,1.01,0.8,1
1.79,47.21,28.3,0.428,4.02,0.8,0
22.19,98.75,31.3,0.368,1.25,0.2,1
0.28,17.18,19.9,0.544,1.24,0.5,0
5.28,15.63,15.5,0.567,5.0,1.0,0
3.2,32.53,30.8,0.41,8.04,0.8,0
9.3,85.47,20.6,0.341,2.74,1.0,0
15.56,73.55,34.4,0.535,0.17,0.5,1
3.8,54.47,38.9,0.516,4.75,0.8,1
4.73,29.05,15.4,0.191,5.34,1.0,0
34.11,199.97,34.0,0.436,10.54,0.8,1
13.02,78.37,39.6,0.583,3.03,0.5,1
19.34,90.83,30.2,0.697,3.29,0.8,1
4.91,55.04,46.2,0.413,4.76,0.2,1
2.27,41.4,20.1,0.274,2.68,1.0,0
4.51,35.91,27.3,0.382,0.88,1.0,0
10.7,51.46,24.6,0.496,6.38,0.5,0
0.99,6.21,50.2,0.255,3.82,0.2,0
2.68,36.91,26.5,0.165,1.26,0.8,0
0.41,15.87,28.9,0.265,13.05,0.2,0
4.81,45.91,40.7,0.35,6.72,0.5,1
14.93,67.38,44.3,0.214,1.62,0.5,1
0.21,16.58,44.8,0.461,0.06,0.2,0
9.56,53.33,32.7,0.696,12.13,0.5,1
22.91,145.54,35.2,0.605,0.42,0.5,1
2.3,45.0,28.0,0.582,1.52,0.8,0
10.06,71.59,33.8,0.189,0.77,0.8,0
31.39,198.99,26.7,0.191,8.57,1.0,1
27.86,182.89,37.4,0.307,1.55,0.2,1
2.28,34.81,26.8,0.394,1.22,0.2,0
0.9,40.37,41.9,0.297,2.29,0.2,0
1.36,18.2,21.5,0.274,19.97,0.8,0
10.29,39.32,33.0,0.31,2.8,0.5,0
11.0,51.1,31.9,0.604,0.12,0.8,1
9.53,61.19,25.6,0.555,3.76,1.0,1
3.48,48.11,15.1,0.079,3.02,0.2,0
1.58,14.24,21.7,0.522,0.31,0.5,0
7.39,52.04,46.8,0.555,7.15,1.0,1
5.62,57.5,45.0,0.311,0.35,0.5,0
11.09,56.42,20.5,0.509,0.24,0.8,0
4.95,41.48,28.6,0.268,5.14,0.5,0
3.51,37.12,30.7,0.572,2.48,0.8,0
2.95,18.06,31.0,0.375,0.21,0.2,0
2.02,8.62,26.6,0.4,2.94,0.8,0
2.63,8.44,43.4,0.416,1.9,0.8,0
0.85,26.51,43.2,0.235,5.08,0.8,0
3.62,47.98,14.2,0.321,0.17,0.5,0
0.32,32.53,34.9,0.128,1.65,0.5,0
1.75,41.73,18.3,0.39,2.55,1.0,0
11.67,105.64,33.6,0.342,3.06,1.0,1
3.35,34.36,41.4,0.624,4.65,0.5,1
9.38,64.83,34.8,0.472,1.77,0.8,1
10.73,104.53,30.8,0.47,0.93,0.8,1
7.4,42.61,46.1,0.418,2.05,0.5,1
27.09,107.7,37.4,0.138,1.26,0.2,1
0.18,15.55,25.2,0.33,4.74,0.5,0
11.41,78.97,28.9,0.294,0.19,0.8,0
27.11,153.2,37.8,0.081,10.98,0.5,1
16.85,88.61,14.2,0.217,8.21,0.5,0
1.56,31.78,17.7,0.327,1.49,0.2,0
3.36,29.82,41.1,0.267,0.42,0.8,0
1.61,46.46,16.3,0.816,4.08,0.2,0
7.82,29.37,35.6,0.403,11.36,0.8,1
10.59,66.59,27.2,0.246,10.09,0.8,1
3.24,27.96,39.9,0.577,0.38,1.0,0
6.59,40.09,40.7,0.377,2.09,0.5,0
9.98,87.06,45.7,0.428,3.41,0.8,1
4.65,37.62,19.4,0.128,6.77,1.0,0
16.36,88.15,29.8,0.266,2.4,0.5,1
12.55,76.51,33.1,0.613,2.43,0.2,1
0.57,34.75,43.6,0.454,3.23,0.5,0
8.25,58.45,25.7,0.286,11.62,0.8,1
2.28,39.47,18.1,0.509,1.2,0.5,0
6.93,56.93,23.7,0.314,3.95,0.8,0
26.72,79.2,31.4,0.178,12.53,1.0,1
17.96,98.19,35.6,0.184,2.29,0.5,1
4.41,40.3,35.9,0.261,1.49,0.8,0
2.93,24.03,18.3,0.285,1.31,0.2,0
2.27,21.75,37.8,0.698,4.02,0.5,0
6.46,42.3,35.1,0.514,2.41,0.8,0
1.03,30.1,29.4,0.4,7.02,0.2,0
6.77,54.06,33.0,0.146,1.13,0.8,0
0.01,8.15,38.0,0.205,23.93,0.8,1
3.33,16.18,25.6,0.318,8.51,0.5,0
2.11,38.3,44.9,0.145,1.71,0.5,0
30.16,180.87,21.3,0.668,7.42,0.2,1
11.04,58.14,42.9,0.272,25.0,0.8,1
3.66,15.97,37.2,0.484,20.67,1.0,1
0.83,42.13,35.1,0.579,1.44,0.8,0
6.18,45.3,18.8,0.509,2.78,0.8,0
2.04,33.45,43.8,0.661,2.7,0.5,1
6.53,53.18,26.5,0.317,4.54,0.8,0
15.33,96.79,37.4,0.379,0.29,0.8,1
8.13,69.34,42.2,0.286,6.56,0.2,1
8.54,27.35,25.0,0.361,0.82,0.8,0
6.62,22.68,43.5,0.396,2.36,1.0,1
22.28,115.14,33.9,0.165,3.45,0.5,1
22.84,102.37,35.1,0.493,2.45,1.0,1
6.11,45.82,43.5,0.777,0.27,1.0,1
3.1,26.09,32.1,0.157,1.76,0.2,0
5.23,44.29,30.2,0.191,2.24,0.8,0
1.76,45.12,34.4,0.635,2.56,0.5,0
8.6,39.4,32.6,0.086,14.1,0.8,1
5.89,56.36,17.5,0.369,2.08,0.2,0
0.93,12.51,22.9,0.342,3.59,0.2,0
1.87,45.16,13.5,0.434,0.47,0.8,0
5.55,61.87,20.0,0.33,0.97,0.8,0
18.58,100.16,36.9,0.649,0.25,1.0,1
7.1,35.38,12.1,0.403,2.45,1.0,0
9.73,24.02,26.8,0.147,2.65,0.8,0
3.52,44.06,30.4,0.207,9.68,1.0,0
7.2,92.64,44.8,0.404,4.41,0.8,1
5.04,17.29,27.4,0.079,0.96,1.0,0
9.15,28.99,38.5,0.635,0.26,0.5,0
0.44,24.65,29.4,0.402,0.46,0.2,0
5.78,51.19,19.5,0.284,0.24,0.8,0
2.98,23.74,19.6,0.291,12.78,0.2,0
3.36,4.53,30.0,0.574,4.65,0.5,0
27.56,94.83,17.3,0.354,0.31,0.5,0
1.71,40.07,33.0,0.539,0.65,0.2,0
3.17,80.61,31.4,0.371,4.74,0.5,0
6.06,73.92,36.2,0.604,0.98,0.2,0
16.9,50.32,23.1,0.245,3.0,0.2,0
4.58,34.55,33.5,0.166,0.62,0.5,0
11.58,74.36,22.7,0.249,8.17,0.5,0
16.49,95.98,36.7,0.415,3.1,0.8,1
3.15,46.34,26.8,0.522,1.37,0.2,0
4.24,48.78,34.0,0.67,9.07,0.5,1
3.75,55.69,42.1,0.341,2.82,0.8,1
15.21,75.17,31.2,0.298,2.98,0.8,1
0.39,25.89,23.3,0.655,1.92,0.2,0
3.13,29.15,42.2,0.133,0.51,0.8,0
9.67,27.77,28.2,0.802,0.93,0.2,0
7.08,53.87,36.9,0.342,2.44,0.5,0
4.87,31.17,27.2,0.46,4.72,0.5,0
6.6,44.36,26.6,0.167,0.87,0.2,0
1.87,45.26,34.7,0.542,0.64,0.8,0
4.79,62.18,22.0,0.399,2.79,1.0,0
5.92,33.93,41.4,0.225,0.52,0.5,0
19.67,92.86,28.9,0.551,2.18,0.5,1
2.57,24.57,14.2,0.356,3.11,0.5,0
17.2,68.38,26.8,0.535,2.55,0.5,1
8.78,32.24,38.6,0.101,8.78,0.5,0
0.17,0.0,41.1,0.661,0.26,0.5,0
10.96,76.97,32.9,0.648,8.85,1.0,1
0.31,32.85,26.5,0.241,3.73,0.5,0
50.53,149.37,32.1,0.462,0.65,0.8,1
17.52,83.35,40.3,0.327,0.42,0.5,1
3.0,40.81,27.1,0.478,6.77,0.5,0
2.53,48.3,28.9,0.591,0.1,0.2,0
4.08,54.05,32.3,0.447,3.3,0.2,0
3.74,19.51,42.3,0.543,7.99,0.5,1
3.96,47.45,33.3,0.394,10.17,0.8,1
3.26,36.19,23.9,0.225,3.66,0.5,0
8.25,92.96,19.1,0.532,12.71,0.5,1
1.53,12.99,19.4,0.598,4.1,0.8,0
15.9,86.9,45.5,0.584,10.49,0.8,1
14.22,47.08,39.8,0.691,7.36,0.5,1
5.5,27.44,38.0,0.567,0.15,1.0,0
16.28,100.56,31.4,0.253,1.98,0.8,1
2.41,29.64,35.4,0.258,1.96,0.5,0
0.15,28.71,20.8,0.263,1.5,0.8,0
8.21,57.0,34.2,0.335,25.0,0.5,1
5.2,33.86,39.4,0.388,0.61,0.2,0
7.12,49.22,17.6,0.406,1.05,0.8,0
19.52,94.43,26.5,0.226,0.38,0.5,0
29.78,149.69,20.1,0.131,3.23,0.8,1
8.55,45.29,25.5,0.437,6.84,0.5,0
12.28,65.92,38.2,0.662,0.96,0.5,1
0.74,33.07,27.5,0.41,3.15,0.5,0
1.49,35.67,35.9,0.556,0.83,0.2,0
11.23,89.56,38.2,0.629,0.25,1.0,1
4.8,22.95,39.6,0.279,0.49,1.0,0
5.02,42.87,41.7,0.472,2.08,0.8,1
3.14,15.59,33.6,0.443,0.88,0.2,0
7.95,86.14,26.1,0.404,0.36,0.5,0
1.74,17.52,21.8,0.711,2.02,0.2,0
8.38,80.95,31.6,0.358,4.14,0.5,1
1.62,47.94,19.8,0.622,3.24,0.2,0
0.56,29.3,43.3,0.617,2.72,1.0,1
3.41,33.8,30.2,0.501,2.37,0.5,0
2.23,29.1,41.7,0.462,2.67,0.5,0
18.68,83.89,36.4,0.427,7.97,0.2,1
0.48,16.31,41.0,0.177,0.12,0.2,0
1.65,27.62,42.1,0.638,2.39,0.2,0
6.76,68.77,17.0,0.098,7.96,0.5,0
5.58,30.61,36.8,0.592,2.81,0.2,0
0.4,24.81,24.5,0.881,0.96,0.2,0
0.06,30.86,49.0,0.324,1.02,0.8,0
37.64,131.95,38.4,0.433,3.85,0.5,1
9.14,80.74,11.9,0.553,5.96,0.2,0
3.87,13.22,44.2,0.517,7.3,0.5,0
5.4,55.76,26.4,0.513,2.69,0.2,0
2.63,45.54,29.6,0.357,6.58,0.2,0
3.59,30.89,34.0,0.421,1.11,0.8,0
8.9,44.97,43.6,0.283,3.22,0.5,0
18.22,98.86,44.2,0.518,5.91,0.8,1
1.73,9.86,32.9,0.24,9.23,0.2,0
15.6,53.01,27.1,0.069,5.83,0.8,0
1.1,23.21,26.1,0.405,7.71,0.8,0
2.06,48.42,28.3,0.52,8.3,0.5,0
0.32,31.42,22.9,0.314,1.19,1.0,0
1.29,14.42,35.3,0.472,1.48,1.0,0
21.19,103.86,32.1,0.227,6.15,0.5,1
5.23,40.09,38.2,0.158,10.12,0.8,1
0.69,26.63,19.3,0.443,6.34,0.2,0
27.3,115.0,29.2,0.411,0.96,0.2,1
17.95,135.73,24.9,0.365,18.38,0.5,1
11.94,83.19,32.2,0.306,3.83,0.2,0
23.04,66.44,30.8,0.198,2.47,0.2,0
2.11,20.97,30.4,0.19,12.75,0.2,0
15.39,101.98,27.1,0.592,8.61,0.2,1
9.95,57.49,36.9,0.574,3.4,1.0,1
17.33,99.47,31.1,0.643,1.72,0.8,1
13.55,53.22,23.7,0.397,2.4,0.8,0
3.62,6.89,32.5,0.619,3.04,0.2,0
12.66,75.67,33.6,0.745,3.54,0.5,1
2.59,22.42,14.4,0.261,4.62,0.2,0
3.39,39.9,23.7,0.154,3.41,1.0,0
0.97,31.31,25.0,0.572,7.79,0.5,0
23.24,114.39,25.1,0.541,0.4,1.0,1
2.92,16.59,24.9,0.515,11.25,0.8,0
6.25,26.98,25.8,0.4,0.82,1.0,0
4.22,23.29,25.6,0.328,1.25,0.8,0
27.35,168.98,42.1,0.315,6.99,0.5,1
3.47,24.37,27.2,0.261,2.03,0.2,0
12.81,78.31,28.0,0.229,3.45,0.5,0
16.44,110.66,25.7,0.527,3.39,0.8,1
4.86,67.23,46.8,0.519,0.54,1.0,1
4.04,38.48,32.2,0.618,1.95,0.5,0
11.71,43.05,33.9,0.813,9.19,0.8,1
20.75,112.99,37.1,0.463,0.23,1.0,1
11.95,95.5,27.6,0.202,4.63,0.2,0
2.19,12.7,46.9,0.201,2.61,0.5,0
18.63,90.66,21.9,0.312,0.1,0.8,0
4.17,28.77,30.6,0.266,2.49,0.5,0
7.3,34.08,21.6,0.469,1.87,0.5,0
15.13,86.31,38.7,0.401,3.84,0.8,1
1.77,17.7,20.0,0.474,0.86,0.8,0
13.05,71.45,32.6,0.317,1.7,0.5,0
7.71,60.5,19.8,0.73,3.44,0.2,0
19.02,82.08,30.5,0.391,5.38,1.0,1
1.6,58.55,26.1,0.561,1.26,0.2,0
4.64,61.03,43.0,0.521,4.81,0.8,1
15.2,96.55,17.0,0.402,2.37,0.2,0
0.17,13.52,34.9,0.439,2.76,0.8,0
1.01,0.0,36.0,0.3,2.97,0.5,0
39.64,217.57,42.3,0.61,0.72,0.5,1
2.8,23.46,41.9,0.542,1.26,0.5,0
31.54,102.17,47.6,0.517,5.94,1.0,1
1.71,0.0,25.3,0.335,2.18,0.2,0
3.81,36.96,25.9,0.461,1.69,0.2,0
11.88,90.93,29.2,0.257,0.38,0.5,0
9.11,67.52,32.3,0.633,0.76,0.2,0
7.4,37.96,28.4,0.409,3.02,0.5,0
6.42,50.93,37.2,0.414,2.49,0.5,0
15.76,86.97,12.8,0.657,14.35,0.8,1
2.28,60.55,14.0,0.094,0.76,1.0,0
4.97,37.96,36.6,0.448,0.93,0.5,0
1.44,9.24,42.1,0.589,4.47,0.5,0
7.7,65.83,38.3,0.431,1.91,0.5,1
2.45,32.32,20.4,0.247,1.35,0.2,0
3.45,37.85,44.6,0.334,0.22,0.5,0
5.42,63.61,32.0,0.709,3.98,0.5,1
0.23,50.41,37.3,0.309,7.52,0.2,0
0.82,15.83,23.6,0.286,14.93,0.2,0
9.84,37.89,32.5,0.422,2.31,0.5,0
4.76,9.8,27.5,0.459,3.77,0.8,0
17.01,80.42,47.4,0.597,0.84,0.8,1
10.08,61.39,30.9,0.245,5.5,0.2,0
0.07,33.76,37.7,0.254,1.43,1.0,0
8.15,47.31,33.7,0.129,7.32,0.5,0
0.84,48.53,19.3,0.499,6.97,0.5,0
12.91,36.51,32.4,0.173,0.39,0.5,0
40.53,220.12,32.3,0.395,3.87,0.5,1
6.44,61.07,36.5,0.538,6.88,0.5,1
9.76,76.03,27.2,0.27,2.83,0.5,0
2.3,11.46,41.2,0.394,4.78,0.5,0
4.89,47.09,34.2,0.684,0.93,0.5,0
16.48,64.33,16.0,0.498,3.73,0.2,0
1.56,0.0,36.3,0.126,3.52,0.8,0
2.62,53.82,43.2,0.374,1.2,0.8,1
5.01,43.48,35.7,0.614,9.77,0.2,1
10.59,92.47,28.7,0.629,2.12,0.2,1
4.01,34.59,33.5,0.293,4.64,0.8,0
22.33,111.17,22.6,0.419,0.34,1.0,1
0.84,11.89,33.7,0.609,0.01,0.5,0
3.94,33.29,31.5,0.337,11.11,1.0,1
10.49,60.39,14.9,0.637,4.79,1.0,1
2.18,27.78,27.2,0.452,0.63,0.2,0
9.08,50.45,23.3,0.197,3.04,0.5,0
1.52,0.0,29.0,0.891,0.41,0.2,0
0.49,8.89,24.9,0.295,5.72,1.0,0
1.1,36.45,40.2,0.097,1.77,0.5,0
22.6,71.73,36.1,0.345,0.16,1.0,1
6.82,25.16,37.2,0.716,0.1,0.5,0
13.53,41.38,28.3,0.554,1.06,0.2,0
3.44,33.63,11.8,0.422,0.79,0.5,0
7.63,51.15,24.2,0.782,20.76,0.5,1
5.81,65.06,37.7,0.809,11.57,0.5,1
24.77,148.23,33.7,0.667,8.06,0.2,1
11.7,91.34,32.3,0.499,1.84,0.8,1
11.15,61.42,26.1,0.588,0.06,0.2,0
0.4,9.57,18.4,0.387,1.86,0.2,0
6.78,39.73,38.6,0.373,5.52,0.2,0
5.35,53.54,16.0,0.554,0.41,0.5,0
22.35,126.92,17.4,0.688,0.79,0.2,1
2.53,37.4,26.5,0.423,1.17,0.5,0
2.67,23.88,33.1,0.503,0.27,0.5,0
4.5,29.92,49.4,0.224,1.68,0.8,0
2.37,14.23,19.2,0.656,1.62,0.8,0
1.18,35.38,30.9,0.347,2.38,0.2,0
16.56,51.24,33.7,0.3,0.2,0.5,0
6.95,12.88,39.8,0.421,0.94,1.0,0
16.8,50.07,35.9,0.232,2.67,0.2,0
15.12,77.45,39.3,0.238,6.62,1.0,1
2.82,56.59,32.0,0.322,0.36,1.0,0
6.74,62.23,30.0,0.375,0.4,0.5,0
0.74,6.4,34.1,0.425,0.3,0.5,0
20.98,143.64,42.9,0.716,2.58,0.8,1
4.4,58.48,32.6,0.522,0.76,1.0,1
4.25,44.76,33.8,0.453,1.76,0.8,0
3.07,69.67,27.7,0.313,1.88,0.8,0
5.25,42.59,33.6,0.393,0.44,0.8,0
2.47,18.17,34.3,0.282,11.71,0.2,0
3.99,23.4,37.6,0.533,3.65,0.5,0
13.68,64.4,33.0,0.266,5.24,0.5,0
15.28,90.38,23.5,0.401,4.16,0.5,1
3.08,31.65,33.3,0.453,2.25,0.5,0
5.38,32.69,26.6,0.787,11.26,0.5,1
17.6,83.12,19.0,0.034,1.56,0.5,0
0.46,30.5,39.9,0.662,11.01,0.5,1
18.7,84.41,17.8,0.196,3.74,0.5,0
2.1,14.39,34.4,0.419,2.21,1.0,0
9.65,43.24,48.9,0.737,4.29,0.5,1
7.43,60.11,19.0,0.276,6.77,0.5,0
6.84,49.18,24.3,0.337,9.91,0.5,0
16.67,51.64,37.8,0.503,3.63,0.5,1
0.91,15.39,19.5,0.511,4.31,0.5,0
3.62,33.88,40.1,0.54,11.63,1.0,1
6.57,69.82,10.5,0.214,2.74,0.5,0
14.17,52.64,42.4,0.433,7.96,0.2,1
2.07,30.78,17.9,0.409,2.94,0.5,0
13.81,70.86,43.9,0.409,6.86,0.2,1
4.34,32.19,41.3,0.479,3.36,0.5,0
1.78,53.24,32.3,0.644,1.03,0.5,0
12.09,53.23,38.3,0.439,0.82,0.2,0
0.81,8.99,18.3,0.584,1.45,0.2,0
6.15,66.09,21.2,0.363,1.19,1.0,0
0.56,35.27,28.5,0.834,1.96,0.2,0
3.75,15.81,32.3,0.475,4.53,0.8,0
7.81,48.26,41.5,0.04,7.53,0.2,0
6.9,60.17,32.4,0.37,0.67,0.2,0
4.41,34.73,35.2,0.188,3.18,0.5,0
4.76,32.45,35.6,0.5,4.12,0.8,0
2.19,43.58,41.9,0.11,2.95,1.0,0
5.17,26.76,38.3,0.573,0.26,0.5,0
26.04,117.95,47.6,0.702,3.88,0.5,1
16.15,110.79,14.3,0.598,1.5,0.2,0
1.33,22.1,23.9,0.134,1.03,0.8,0
0.26,0.0,44.4,0.382,2.23,0.8,0
23.04,99.62,38.8,0.403,4.75,0.5,1
6.36,49.15,25.7,0.253,3.02,0.5,0
6.56,66.25,47.3,0.387,1.11,0.2,1
12.9,78.36,41.5,0.524,0.68,0.5,1
3.21,57.55,17.7,0.487,1.63,0.8,0
5.59,25.96,39.4,0.144,0.13,0.8,0
29.44,136.16,38.5,0.462,8.1,0.5,1
9.48,63.88,24.3,0.541,1.31,0.5,0
1.42,44.57,35.3,0.74,8.27,0.5,1
1.22,2.03,47.0,0.612,4.83,0.8,1
1.94,34.14,35.5,0.646,10.9,0.2,1
12.37,85.78,39.5,0.394,3.28,0.5,1
2.98,56.35,19.6,0.406,5.49,0.2,0
0.18,8.65,36.9,0.245,0.72,1.0,0
24.53,96.41,23.8,0.318,4.2,1.0,1
1.58,13.93,18.1,0.596,2.96,0.2,0
0.08,23.14,32.6,0.267,2.44,1.0,0
2.3,25.04,37.5,0.501,0.99,0.8,0
2.28,26.39,32.5,0.642,4.43,0.5,0
4.66,15.56,44.4,0.178,2.77,0.8,0
21.51,130.45,36.0,0.326,7.54,0.2,1
17.96,89.02,20.4,0.404,0.37,1.0,1
5.19,33.46,44.6,0.626,0.26,0.8,1
4.5,13.96,21.9,0.493,0.41,0.2,0
6.88,41.43,37.7,0.583,1.45,0.5,0
2.37,41.08,21.7,0.22,6.28,0.5,0
0.46,28.69,50.9,0.45,3.13,1.0,1
23.8,150.21,27.5,0.764,3.55,0.8,1
1.76,11.3,31.4,0.5,3.05,0.2,0
1.88,28.97,30.8,0.251,3.39,0.2,0
5.44,35.52,19.7,0.418,0.05,0.2,0
5.75,52.65,31.4,0.504,4.64,0.2,0
0.16,27.04,21.8,0.365,5.93,0.5,0
1.36,17.71,39.1,0.353,13.63,0.5,0
4.04,46.92,46.1,0.358,4.28,0.8,1
9.78,53.11,39.3,0.459,2.85,0.8,1
2.2,9.38,30.0,0.406,2.85,0.2,0
4.67,12.03,11.5,0.193,1.5,0.5,0
6.93,27.24,15.8,0.648,2.43,1.0,0
18.65,117.86,31.4,0.63,0.16,0.5,1
3.35,14.17,35.6,0.321,13.16,0.5,0
1.22,51.2,39.7,0.392,0.37,0.8,0
5.71,36.23,33.7,0.314,0.68,0.8,0
11.67,40.47,47.7,0.615,2.72,0.5,1
0.99,37.15,31.4,0.623,2.14,0.2,0
4.7,61.62,33.7,0.223,7.84,0.8,1
0.15,29.16,24.6,0.581,1.39,0.8,0
0.29,30.98,27.7,0.485,4.83,0.8,0
5.61,31.97,35.7,0.659,2.09,0.5,0
3.01,47.71,33.7,0.492,1.83,0.2,0
15.85,101.98,28.5,0.324,0.9,0.8,1
7.83,54.97,20.2,0.476,6.38,0.2,0
5.14,42.51,27.8,0.47,0.83,0.5,0
4.46,49.79,16.4,0.289,0.04,0.2,0
5.85,50.0,33.2,0.342,6.74,1.0,1
0.35,0.0,27.3,0.808,0.9,0.5,0
18.98,121.25,28.7,0.3,0.62,0.2,1
54.22,181.16,33.1,0.399,0.84,0.8,1
1.7,18.96,33.2,0.481,10.58,0.5,0
1.09,28.16,33.4,0.372,4.23,0.8,0
1.32,25.68,31.3,0.4,4.46,0.8,0
9.2,22.77,31.2,0.374,0.63,0.8,0
9.21,61.72,39.7,0.428,3.62,0.2,0
16.01,77.53,30.8,0.16,7.52,0.2,0
11.85,54.76,32.3,0.293,4.33,0.5,0
5.08,33.11,48.9,0.139,0.3,0.8,0
8.07,66.17,22.9,0.392,2.16,0.8,0
9.91,48.33,36.8,0.631,4.72,0.8,1
6.11,68.58,30.9,0.221,0.37,0.5,0
5.49,48.42,40.1,0.465,1.69,0.2,0
8.81,82.8,29.3,0.543,4.75,0.2,1
6.93,66.05,26.7,0.433,6.9,0.5,0
8.78,80.1,23.9,0.373,3.86,1.0,1
8.07,43.3,41.6,0.67,6.92,0.8,1
10.8,60.65,36.6,0.63,4.04,0.8,1
8.75,49.17,18.4,0.616,10.22,1.0,1
6.23,88.14,36.5,0.659,0.05,0.2,1
9.73,57.04,15.7,0.325,1.63,0.5,0
5.07,63.22,23.0,0.245,0.25,0.8,0
2.35,37.96,33.5,0.709,1.81,0.2,0
0.01,0.0,30.7,0.397,1.08,0.8,0
6.98,48.1,40.4,0.802,1.07,0.8,1
7.59,34.7,33.9,0.244,1.29,0.8,0
30.41,102.93,46.6,0.31,1.3,1.0,1
3.81,37.63,41.0,0.383,3.31,0.2,0
4.26,40.7,27.7,0.105,3.98,1.0,0
1.92,0.0,40.2,0.17,1.14,1.0,0
0.62,19.74,41.5,0.385,0.58,0.8,0
12.6,66.05,47.0,0.127,2.05,1.0,1
2.44,50.14,13.4,0.412,1.34,1.0,0
7.98,75.38,41.7,0.228,9.56,0.5,1
9.89,54.84,18.0,0.484,6.08,0.5,0
5.42,40.06,32.1,0.479,8.22,0.5,0
17.77,56.16,29.6,0.062,0.42,0.2,0
4.99,46.56,43.8,0.571,1.83,0.5,1
2.85,26.17,29.3,0.277,7.18,0.8,0
19.24,75.62,33.6,0.909,0.73,0.5,1
16.81,112.09,35.9,0.42,5.76,0.8,1
1.52,31.48,14.2,0.437,7.86,0.5,0
0.22,11.19,33.5,0.224,1.22,0.2,0
0.8,14.93,31.9,0.35,12.97,0.8,0
2.87,34.73,33.5,0.115,6.88,1.0,0
30.47,112.86,18.4,0.583,0.7,0.2,1
6.95,51.01,17.2,0.19,3.24,0.5,0
3.97,14.64,22.8,0.323,0.99,0.2,0
18.66,56.37,41.5,0.424,2.36,0.8,1
5.13,31.07,28.1,0.231,2.71,1.0,0
3.22,28.79,30.0,0.658,4.23,0.2,0
24.09,143.35,29.0,0.222,3.63,0.2,1
16.1,75.55,36.5,0.321,1.66,0.2,0
15.77,111.76,25.5,0.439,2.89,0.8,1
6.1,79.68,17.9,0.277,0.31,0.2,0
13.24,68.52,28.7,0.447,3.12,1.0,1
1.68,45.02,36.9,0.583,14.36,0.2,1
7.24,59.31,43.5,0.496,3.16,0.5,1
35.07,194.09,16.9,0.477,7.75,0.8,1
2.92,38.55,39.4,0.265,7.74,0.2,0
13.44,79.74,17.8,0.479,11.81,0.2,1
5.73,53.83,27.5,0.29,0.27,0.2,0
0.35,6.56,14.5,0.271,3.9,0.8,0
12.24,102.0,43.4,0.398,9.51,0.2,1
1.57,28.17,36.3,0.398,5.93,0.5,0
8.49,15.99,28.5,0.298,2.26,0.5,0
0.76,23.63,28.7,0.223,1.19,0.8,0
24.95,137.63,34.6,0.369,1.61,0.5,1
2.93,25.32,19.1,0.543,0.5,0.8,0
2.18,29.02,21.6,0.213,0.9,0.5,0
1.18,3.66,40.7,0.785,4.75,0.8,1
24.81,152.7,23.7,0.407,0.72,0.5,1
10.58,67.86,36.8,0.285,6.79,1.0,1
11.5,67.22,24.4,0.43,1.11,0.5,0
5.88,30.95,19.0,0.472,1.99,0.8,0
5.47,48.79,42.8,0.543,1.35,0.5,1
0.99,22.32,42.9,0.428,1.51,0.8,0
6.98,44.79,33.8,0.15,6.34,1.0,0
2.41,5.17,30.7,0.063,4.86,1.0,0
32.12,166.32,32.6,0.125,1.86,0.8,1
13.54,66.53,29.4,0.597,1.69,0.5,1
4.53,17.83,37.7,0.453,4.23,0.2,0
1.39,23.74,37.6,0.58,4.46,0.2,0
13.08,60.48,39.7,0.457,0.18,0.2,0
1.11,41.83,32.0,0.293,0.92,0.2,0
1.78,28.33,39.1,0.187,3.32,1.0,0
2.02,36.31,22.0,0.254,3.37,0.5,0
6.92,57.4,15.3,0.557,0.82,0.5,0
13.15,64.49,34.8,0.462,0.26,0.2,0
3.21,17.92,19.9,0.552,14.82,0.5,0
0.75,17.91,32.6,0.469,0.51,1.0,0
5.31,46.35,36.7,0.282,7.82,0.2,0
11.72,81.25,29.4,0.48,1.64,0.5,1
2.13,52.16,16.4,0.342,7.28,0.8,0
2.11,43.05,42.3,0.129,3.73,1.0,0
25.0,116.57,16.3,0.684,0.19,0.5,1
26.2,128.67,43.1,0.21,9.22,0.8,1
39.55,180.38,17.0,0.177,5.59,0.2,1
14.01,99.27,37.1,0.642,2.37,0.8,1
1.77,34.36,44.1,0.424,3.43,0.2,0
2.02,41.14,43.2,0.379,1.51,1.0,1
3.53,29.66,42.5,0.351,0.6,0.5,0
3.25,14.73,42.1,0.52,0.23,0.2,0
26.65,191.28,31.7,0.28,2.96,1.0,1
13.23,79.42,32.7,0.608,0.75,0.8,1
10.94,54.59,34.1,0.735,1.67,0.5,1
1.75,23.71,42.7,0.198,1.37,0.2,0
20.42,111.52,40.3,0.641,1.79,0.8,1
14.96,81.85,38.5,0.132,0.71,0.8,1
1.52,25.75,35.5,0.164,5.81,0.5,0
17.42,102.49,34.1,0.484,5.03,0.8,1
2.7,41.57,43.9,0.151,6.49,0.2,0
0.72,10.69,23.3,0.44,2.54,1.0,0
9.09,42.42,23.3,0.189,4.62,0.5,0
9.02,62.93,48.2,0.146,0.55,0.2,0
0.85,17.8,32.6,0.559,3.39,1.0,0
3.26,22.43,31.1,0.143,10.34,0.5,0
41.95,119.77,40.8,0.287,1.39,0.8,1
9.64,72.08,40.8,0.356,3.61,0.8,1
11.13,74.7,22.8,0.564,0.95,0.2,0
2.04,16.56,22.7,0.448,1.35,0.5,0
0.7,30.63,38.9,0.074,11.64,0.8,0
2.76,40.97,38.6,0.541,0.36,0.2,0
2.43,23.2,24.4,0.263,5.6,0.5,0
2.27,55.15,40.5,0.349,7.89,0.5,1
1.82,63.23,31.1,0.562,3.47,1.0,1
7.27,70.09,30.8,0.481,0.06,0.8,0
3.38,24.27,48.5,0.355,5.4,1.0,1
14.59,99.44,31.9,0.224,1.94,1.0,1
1.73,9.42,21.3,0.703,5.54,0.5,0
5.31,20.79,26.1,0.329,0.52,0.2,0
0.12,0.0,27.6,0.448,3.66,1.0,0
5.59,40.29,46.1,0.404,1.77,0.2,0
0.49,3.21,25.6,0.128,0.05,0.5,0
32.34,211.76,29.9,0.811,2.88,0.2,1
13.29,52.98,37.5,0.252,3.41,1.0,1
5.73,39.99,25.9,0.387,9.89,0.2,0
0.77,33.57,36.2,0.177,9.73,0.5,0
7.63,78.99,23.8,0.397,4.56,1.0,1
12.09,62.57,25.0,0.87,1.81,0.2,1
1.8,34.17,48.6,0.373,0.11,0.8,0
7.14,56.26,28.5,0.277,4.79,0.8,0
14.31,98.91,36.9,0.426,1.93,0.2,1
12.43,97.92,40.4,0.663,1.4,1.0,1
13.81,94.54,27.9,0.182,1.59,0.2,0
17.97,90.42,28.2,0.858,0.31,0.8,1
23.59,77.33,38.2,0.913,0.8,0.5,1
4.42,56.37,33.8,0.417,4.71,0.2,0
7.15,64.17,28.3,0.43,1.63,0.5,0
13.29,93.18,37.5,0.033,0.21,0.8,1
10.15,46.24,41.3,0.339,1.34,0.2,0
45.97,243.97,24.7,0.072,8.25,1.0,1
0.12,0.0,14.7,0.327,8.6,0.5,0
3.73,46.2,25.9,0.481,5.34,0.2,0
2.8,29.42,35.5,0.499,0.35,0.8,0
2.59,20.35,43.6,0.328,9.68,0.5,0
2.14,39.15,41.3,0.386,8.36,1.0,1
10.5,67.99,24.3,0.645,0.57,0.5,0
0.75,23.32,42.0,0.256,2.04,0.5,0
11.5,81.42,39.4,0.605,2.75,1.0,1
10.05,59.13,37.1,0.599,0.01,0.5,1
2.45,33.89,35.8,0.702,1.31,0.5,0
2.48,5.08,39.3,0.535,1.23,0.8,0
8.43,44.92,41.2,0.19,2.91,0.8,0
12.21,50.18,39.7,0.27,0.03,0.8,0
17.78,117.66,20.6,0.291,2.27,0.5,1
16.25,93.28,36.7,0.847,1.52,0.5,1
28.47,199.93,40.5,0.362,3.1,0.2,1
7.4,37.04,23.1,0.325,1.78,0.8,0
20.34,144.95,24.1,0.441,0.73,0.5,1
14.05,29.92,38.6,0.382,5.5,0.5,0
19.13,107.6,27.8,0.334,0.43,0.5,1
0.1,24.12,29.2,0.525,3.17,1.0,0
28.72,156.73,28.7,0.345,0.66,0.8,1
5.45,42.27,24.0,0.25,6.13,0.2,0
13.6,99.49,44.8,0.262,2.43,0.8,1
1.16,7.54,39.2,0.632,4.5,0.2,0
4.28,46.98,25.2,0.189,1.15,0.5,0
2.69,38.26,19.9,0.304,0.33,0.5,0
2.93,34.01,28.6,0.334,1.64,0.8,0
1.12,21.04,29.6,0.326,2.11,0.8,0
13.93,92.94,12.6,0.062,5.38,0.5,0
0.08,28.1,42.3,0.424,1.2,0.5,0
3.18,61.28,40.8,0.419,9.42,0.5,1
1.63,7.72,40.8,0.193,9.68,0.8,0
7.56,30.56,39.2,0.48,1.58,0.5,0
2.49,32.92,37.0,0.28,1.0,0.5,0
2.55,25.0,34.5,0.684,5.5,0.5,0
5.7,55.41,46.2,0.644,2.46,0.2,1
8.99,48.46,36.4,0.484,2.6,0.8,1
1.1,34.31,34.4,0.319,5.94,1.0,0
1.64,20.29,38.7,0.224,2.13,0.8,0
2.41,9.75,25.1,0.237,2.63,0.8,0
30.94,168.16,46.7,0.308,5.66,0.5,1
4.3,32.9,14.2,0.195,0.99,0.5,0
7.77,47.39,34.8,0.142,9.72,0.8,1
2.35,29.44,18.4,0.584,3.65,0.8,0
5.73,45.6,40.9,0.508,4.07,0.8,1
0.65,16.35,46.8,0.423,12.1,0.8,1
0.3,24.9,29.4,0.614,0.28,1.0,0
5.38,12.5,41.0,0.354,1.01,0.8,0
4.32,24.66,27.6,0.403,3.83,0.5,0
1.25,7.72,22.1,0.475,0.52,0.2,0
9.89,72.31,26.0,0.349,1.93,0.8,0
42.06,254.44,26.7,0.568,3.55,0.2,1
4.28,27.41,34.4,0.757,0.61,0.5,0
8.33,41.79,38.9,0.169,1.75,0.2,0
28.02,128.63,23.8,0.503,2.91,0.8,1
15.14,103.05,19.0,0.452,5.17,0.2,1
5.29,32.32,24.3,0.179,0.18,0.5,0
11.37,59.26,26.6,0.187,0.72,0.8,0
1.17,34.17,26.1,0.316,1.68,0.5,0
6.1,21.43,24.3,0.537,0.25,0.2,0
2.78,32.25,30.8,0.621,2.7,0.5,0
1.49,0.0,41.0,0.519,6.87,0.5,0
4.72,36.9,19.6,0.338,3.33,0.5,0
1.19,18.43,41.2,0.142,9.92,0.8,0
10.21,63.64,31.4,0.263,2.93,0.5,0
5.18,46.26,35.1,0.579,2.92,0.5,0
6.44,50.4,39.5,0.557,6.56,0.2,1
1.35,23.28,26.8,0.402,12.28,1.0,0
1.28,27.96,45.8,0.133,8.59,0.8,0
7.44,43.19,18.8,0.394,0.68,0.5,0
35.7,215.15,32.1,0.604,20.22,1.0,1
0.86,13.71,25.3,0.782,1.66,0.8,0
2.86,45.41,29.4,0.528,1.54,0.5,0
17.31,119.13,30.4,0.159,4.82,0.2,1
0.64,2.67,43.5,0.035,2.53,0.5,0
17.74,118.56,30.2,0.351,0.35,0.5,1
6.31,45.94,36.1,0.337,6.83,0.2,0
4.46,56.83,45.6,0.507,7.6,0.5,1
3.15,36.68,31.4,0.247,7.08,0.2,0
3.0,30.59,29.4,0.391,3.02,0.5,0
3.1,43.1,47.2,0.152,1.33,0.2,0
18.37,84.3,40.0,0.277,7.33,0.2,1
10.94,98.03,44.9,0.284,8.67,1.0,1
9.42,55.21,29.2,0.359,9.52,0.5,1
13.63,101.7,36.0,0.548,4.28,1.0,1
2.53,31.6,25.2,0.237,2.91,0.2,0
8.18,39.86,41.4,0.165,0.01,1.0,0
5.24,46.99,44.5,0.678,0.5,0.8,1
12.96,68.69,25.7,0.276,2.53,0.8,0
3.14,13.87,19.8,0.292,4.89,1.0,0
8.76,52.73,23.6,0.554,0.19,1.0,0
18.18,123.9,34.4,0.39,2.95,0.8,1
4.37,36.23,25.9,0.123,2.32,0.8,0
0.59,28.14,34.6,0.142,0.59,0.2,0
6.17,49.58,28.0,0.494,2.05,0.2,0
3.61,0.0,43.6,0.18,1.67,0.5,0
9.48,35.76,30.4,0.581,6.47,0.5,0
25.64,166.66,31.4,0.665,0.83,1.0,1
5.65,45.89,27.9,0.054,15.9,0.8,0
5.34,36.45,18.2,0.191,8.84,0.8,0
9.04,47.08,31.4,0.372,5.0,0.5,0
0.93,10.63,38.2,0.257,6.12,0.2,0
2.49,22.26,45.7,0.398,0.39,0.5,0
21.36,100.13,18.4,0.208,5.57,0.5,1
9.42,72.07,39.0,0.681,0.85,0.5,1
0.12,53.45,25.7,0.256,8.19,0.5,0
1.95,19.01,39.8,0.601,1.93,0.5,0
9.76,88.69,27.8,0.478,4.42,0.8,1
12.29,53.63,20.3,0.185,5.63,0.5,0
15.57,93.81,33.9,0.507,2.72,0.2,1
2.94,36.39,42.6,0.363,2.08,0.2,0
22.73,146.02,23.0,0.3,2.07,0.8,1
6.84,41.63,14.5,0.562,7.73,0.2,0
10.14,39.09,42.1,0.509,14.21,0.2,1
7.72,69.8,36.1,0.296,4.63,0.8,1
1.11,11.68,39.3,0.302,2.38,0.5,0
28.05,110.88,17.4,0.558,1.02,0.8,1
1.11,34.58,42.4,0.402,2.68,0.2,0
2.5,51.91,29.7,0.439,0.55,0.8,0
14.28,85.29,42.7,0.476,8.25,0.5,1
8.19,77.67,17.7,0.256,6.8,0.5,0
15.48,71.12,42.2,0.724,5.7,0.8,1
6.16,28.2,35.4,0.353,0.49,1.0,0
4.02,21.83,32.7,0.156,2.81,0.8,0
21.67,74.18,17.6,0.122,2.28,0.2,0
0.31,21.31,35.8,0.815,0.99,0.8,0
16.48,78.12,33.6,0.324,4.13,0.2,1
2.23,47.11,36.8,0.763,9.12,0.5,1
16.05,96.18,36.6,0.513,3.24,0.8,1
1.27,25.56,30.2,0.311,9.44,1.0,0
7.38,57.83,23.8,0.447,7.07,0.5,0
18.62,97.05,43.7,0.5,2.05,0.2,1
5.45,56.33,44.1,0.324,0.2,0.2,0
11.67,66.98,24.0,0.217,2.3,0.5,0
13.88,80.44,34.4,0.447,2.32,0.5,1
11.34,70.46,23.7,0.354,1.8,0.5,0
22.05,106.74,41.2,0.478,0.95,0.5,1
5.03,22.3,19.5,0.434,2.58,0.5,0
1.62,35.99,49.1,0.259,5.39,0.5,0
0.42,44.33,33.9,0.506,2.72,1.0,0
2.41,34.15,14.6,0.539,1.55,0.2,0
1.31,38.46,42.0,0.247,0.53,0.2,0
6.94,35.69,35.7,0.268,4.25,0.8,0
1.74,45.91,36.1,0.284,7.64,0.8,0
0.34,15.28,25.9,0.116,2.67,0.8,0
0.31,24.63,27.6,0.222,0.54,0.5,0
15.14,98.55,43.5,0.263,0.99,0.2,1
7.61,73.68,34.5,0.082,4.7,1.0,1
3.77,52.9,14.0,0.732,0.56,0.8,0
19.09,102.24,27.4,0.382,2.7,0.8,1
0.62,42.77,33.6,0.46,0.12,0.2,0
33.39,197.72,21.7,0.354,1.35,0.5,1
8.14,45.68,19.5,0.677,0.75,0.5,0
1.72,23.75,17.4,0.443,2.16,0.5,0
9.66,81.59,34.4,0.414,4.07,0.2,1
12.25,89.77,27.2,0.299,1.78,1.0,1
4.77,41.77,28.6,0.146,4.2,0.2,0
16.81,144.59,17.4,0.176,2.45,0.2,0
1.39,4.89,37.2,0.46,5.49,0.5,0
2.78,21.87,38.0,0.492,0.56,0.5,0
0.83,30.25,40.0,0.521,3.88,0.5,0
2.01,5.46,34.9,0.156,7.89,0.5,0
2.32,25.44,38.2,0.52,8.97,0.5,0
21.22,83.78,33.2,0.214,8.85,0.8,1
0.69,36.5,31.3,0.512,9.38,0.5,0
4.74,58.48,25.5,0.23,8.27,1.0,0
6.46,11.93,17.0,0.232,5.7,0.5,0
19.46,90.12,26.4,0.283,0.84,0.5,0
51.62,215.51,35.7,0.322,2.65,0.2,1
11.9,61.49,44.2,0.36,1.21,0.5,1
30.03,160.82,25.4,0.755,1.6,0.8,1
13.15,93.95,35.3,0.54,8.42,0.5,1
28.07,168.69,31.0,0.657,11.71,0.2,1
10.44,69.39,34.3,0.238,0.44,0.8,0
0.71,23.12,11.2,0.26,2.48,0.5,0
4.37,29.97,20.6,0.23,1.51,0.5,0
8.84,93.68,24.2,0.278,1.49,0.5,0
3.67,62.9,42.5,0.874,3.28,0.5,1
2.71,37.96,16.1,0.373,2.43,0.2,0
7.32,38.39,33.0,0.286,23.08,0.5,1
23.04,63.63,44.3,0.208,4.65,0.5,1
0.3,37.7,34.9,0.357,14.25,0.5,1
12.46,100.18,31.2,0.555,0.46,0.5,1
10.9,63.53,28.9,0.135,3.23,0.2,0
28.25,107.98,34.2,0.632,13.72,0.5,1
22.69,134.39,31.1,0.491,1.53,0.2,1
12.21,46.41,36.3,0.515,2.8,0.8,1
6.25,36.08,34.1,0.592,5.15,0.2,0
1.94,11.85,32.9,0.125,5.69,0.2,0
6.7,43.04,46.0,0.136,7.51,0.8,1
12.32,50.1,40.3,0.825,5.18,1.0,1
19.21,120.46,33.9,0.372,14.74,1.0,1
13.25,43.56,32.3,0.419,5.15,0.5,0
1.85,35.4,36.8,0.296,0.23,0.5,0
7.78,58.7,39.2,0.595,4.93,0.2,1
3.43,54.2,26.5,0.577,1.75,0.5,0
0.08,24.08,35.3,0.341,2.66,0.2,0
1.9,20.53,21.2,0.328,2.17,0.5,0
1.02,13.06,29.9,0.626,3.23,1.0,0
15.72,94.46,44.8,0.464,8.39,0.8,1
2.54,35.28,27.4,0.611,0.74,0.8,0
2.85,24.74,21.9,0.522,5.89,0.5,0
27.35,164.42,21.6,0.499,12.17,0.5,1
4.05,24.07,29.1,0.355,4.34,1.0,0
0.08,20.27,24.4,0.38,5.11,0.8,0
2.84,26.07,29.9,0.175,1.84,0.2,0
1.08,32.67,36.6,0.248,2.71,0.2,0
0.92,7.51,42.3,0.759,5.08,0.5,0
0.69,17.91,20.1,0.536,2.93,0.8,0
7.65,46.4,38.1,0.354,0.12,1.0,0
1.78,29.66,19.8,0.475,3.75,0.5,0
3.81,46.39,28.7,0.331,11.74,0.2,0
16.84,85.39,50.3,0.517,4.69,0.2,1
4.69,45.58,18.0,0.247,8.47,0.2,0
21.02,117.78,14.6,0.664,0.9,0.2,1
5.86,75.55,27.6,0.104,2.74,0.2,0
4.33,26.7,45.6,0.253,2.16,0.5,0
11.8,92.54,14.3,0.256,3.88,0.8,0
0.65,25.93,24.3,0.608,0.59,0.5,0
0.8,26.55,33.7,0.189,2.19,0.5,0
8.97,35.73,24.7,0.439,4.51,1.0,0
5.67,54.74,17.1,0.292,2.84,1.0,0
13.28,67.47,17.0,0.212,0.5,0.5,0
21.08,132.16,32.8,0.233,2.93,0.8,1
4.18,38.61,32.8,0.174,5.05,0.2,0
7.71,53.13,36.3,0.337,4.15,0.5,0
5.9,29.67,21.0,0.438,5.88,0.5,0
33.97,146.02,31.5,0.645,1.62,0.5,1
15.12,66.49,33.7,0.401,5.77,0.2,1
20.63,67.19,24.3,0.449,3.47,0.8,1
2.49,30.6,32.5,0.644,5.11,0.2,0
12.59,71.07,36.3,0.606,2.31,1.0,1
2.62,35.34,49.2,0.371,0.82,0.2,0
1.99,28.83,33.6,0.662,17.82,0.8,1
24.54,121.51,41.2,0.429,6.32,0.5,1
0.17,24.59,40.2,0.204,5.46,0.5,0
28.59,175.73,44.9,0.57,9.57,0.5,1
1.37,30.66,36.7,0.478,13.94,0.5,1
14.55,118.74,24.0,0.249,1.77,0.2,0
2.74,14.71,26.6,0.329,0.34,0.8,0
3.67,32.09,38.6,0.448,4.54,0.8,0
2.08,31.21,31.9,0.224,7.56,0.8,0
7.49,33.9,25.2,0.326,4.47,0.2,0
3.64,57.47,35.0,0.63,3.08,0.2,0
9.1,62.74,43.1,0.4,3.0,0.5,1
0.13,35.01,28.2,0.186,0.57,0.8,0
0.57,39.09,33.6,0.186,0.91,1.0,0
0.89,30.05,33.3,0.815,0.7,0.5,0
4.62,4.48,20.8,0.603,1.99,1.0,0
14.33,94.04,19.1,0.216,2.86,1.0,0
18.62,126.87,42.4,0.387,2.64,0.2,1
2.39,16.69,44.5,0.277,1.27,0.8,0
7.26,31.28,43.0,0.594,0.82,0.5,0
12.43,58.61,29.1,0.373,3.47,0.5,0
2.9,17.75,26.3,0.119,1.51,0.5,0
4.47,66.4,45.0,0.341,0.37,1.0,1
6.31,59.33,42.1,0.549,3.45,0.2,1
1.23,44.2,39.7,0.707,5.93,0.8,1
0.22,21.37,27.6,0.29,0.22,0.5,0
1.41,38.49,34.6,0.39,1.54,0.8,0
8.38,60.52,37.5,0.415,0.82,1.0,1
0.65,37.65,33.1,0.273,4.52,0.2,0
1.79,0.0,33.7,0.661,8.11,0.5,0
3.5,48.82,37.7,0.283,0.76,0.5,0
0.69,32.42,38.0,0.415,9.98,0.2,0
1.81,26.3,24.9,0.788,1.26,0.5,0
20.59,80.05,29.0,0.252,0.81,0.5,0
0.17,16.33,38.4,0.37,14.07,1.0,1
9.01,46.86,25.5,0.573,5.72,0.5,0
4.12,56.44,43.6,0.405,1.67,0.2,0
9.49,49.04,40.4,0.239,3.22,0.5,0
7.55,21.36,42.6,0.255,2.99,0.8,0
2.15,66.52,26.6,0.431,0.56,0.5,0
15.97,106.06,19.9,0.285,10.68,1.0,1
5.76,47.97,19.6,0.529,3.22,0.2,0
14.7,117.42,32.7,0.418,5.04,1.0,1
4.43,56.19,26.8,0.782,6.05,0.5,1
35.52,175.73,25.6,0.663,3.19,0.5,1
12.51,61.29,24.3,0.205,1.58,0.2,0
28.73,105.1,32.8,0.205,2.96,0.2,1
6.14,59.41,32.5,0.437,14.56,0.8,1
5.46,24.04,29.8,0.427,6.18,1.0,0
11.97,69.38,21.3,0.397,25.0,0.8,1
18.04,98.73,44.3,0.071,0.57,0.8,1
28.29,121.63,29.9,0.346,0.4,0.2,1
3.34,32.23,20.7,0.708,4.66,0.5,0
13.63,74.81,15.9,0.527,4.15,0.8,1
2.01,26.18,21.9,0.522,1.45,0.5,0
6.7,47.23,26.6,0.394,2.17,0.2,0
1.69,32.52,34.4,0.542,0.76,0.5,0
3.63,33.34,47.1,0.567,1.79,1.0,1
22.77,119.8,25.9,0.556,10.04,0.8,1
1.34,30.1,38.7,0.614,1.71,0.2,0
8.51,67.62,43.4,0.455,0.88,0.2,1
7.64,46.97,29.0,0.332,1.17,1.0,0
1.09,22.1,25.3,0.29,2.66,0.5,0
3.35,0.0,31.3,0.606,2.45,0.2,0
7.04,57.05,42.7,0.612,0.38,0.5,1
1.76,38.86,13.2,0.521,0.44,0.5,0
13.71,54.33,31.2,0.358,1.04,1.0,1
30.44,151.38,37.7,0.539,5.0,0.8,1
2.06,46.92,33.7,0.113,2.28,0.5,0
1.76,11.5,31.4,0.5,0.48,0.5,0
5.16,50.16,32.6,0.324,4.35,0.8,0
11.71,61.75,34.1,0.669,0.05,0.5,1
2.81,37.35,35.7,0.823,3.44,0.8,1
0.17,21.49,28.1,0.395,1.61,0.5,0
6.62,36.06,31.9,0.397,0.19,1.0,0
26.67,102.64,25.9,0.198,0.5,0.2,0
4.22,27.43,48.3,0.362,5.24,0.5,0
4.63,16.32,23.2,0.7,1.08,0.8,0
29.5,140.58,21.8,0.415,1.21,0.2,1
10.08,46.43,25.8,0.656,2.54,0.2,0
10.8,44.52,43.8,0.402,0.64,0.2,0
7.03,56.88,35.1,0.811,13.19,1.0,1
31.22,129.02,30.5,0.395,1.82,0.8,1
9.92,53.5,44.1,0.323,2.24,0.2,0
19.16,135.85,42.8,0.504,0.29,0.8,1
10.22,78.34,29.3,0.28,3.1,0.5,0
11.29,81.91,32.9,0.204,6.08,0.2,0
2.92,17.33,43.1,0.256,2.08,0.5,0
3.07,44.52,27.2,0.466,0.69,0.2,0
12.99,82.36,29.4,0.319,0.1,0.2,0
2.99,60.89,38.8,0.754,1.62,0.5,1
7.03,59.61,36.1,0.117,7.5,1.0,1
2.44,34.45,16.7,0.574,0.4,0.5,0
14.43,61.63,20.4,0.693,11.87,0.2,1
1.0,23.53,40.6,0.362,7.87,0.2,0
15.03,95.21,15.2,0.229,0.16,0.2,0
7.85,52.43,43.8,0.443,0.32,0.5,1
1.76,31.37,25.8,0.61,2.24,0.2,0
6.64,67.2,33.6,0.294,0.32,0.2,0
2.82,24.21,32.9,0.165,11.65,0.2,0
3.32,47.36,29.1,0.464,0.09,0.8,0
3.68,47.9,15.4,0.318,10.83,0.5,0
0.56,10.09,23.3,0.424,3.96,0.8,0
36.26,135.84,34.0,0.486,3.0,0.5,1
0.27,28.31,30.3,0.51,4.03,0.5,0
9.23,39.07,29.6,0.153,0.52,0.8,0
3.94,24.72,19.5,0.161,5.27,0.2,0
8.83,87.37,27.9,0.285,1.15,0.5,0
3.74,25.57,32.1,0.272,5.7,1.0,0
9.52,21.9,18.5,0.518,6.65,1.0,0
11.11,39.04,17.9,0.101,2.17,1.0,0
9.97,50.83,31.3,0.431,2.31,0.2,0
1.03,25.81,32.8,0.17,0.92,0.5,0
9.09,90.23,25.4,0.214,3.33,0.5,0
2.79,24.31,27.3,0.49,0.33,0.8,0
0.25,24.57,38.9,0.612,1.31,0.5,0
4.55,49.4,41.5,0.642,0.69,0.2,0
4.83,25.74,27.3,0.652,8.28,0.2,0
5.35,44.09,28.1,0.322,4.59,0.8,0
10.37,46.64,40.1,0.25,5.3,1.0,1
3.14,63.19,47.3,0.233,5.95,0.5,1
3.22,54.21,27.2,0.344,0.55,0.5,0
0.53,11.88,38.7,0.582,7.85,0.8,1
9.87,57.78,31.1,0.255,3.99,0.5,0
7.13,63.38,25.6,0.708,0.84,0.8,1
3.65,17.32,35.7,0.854,10.4,0.5,1
10.38,71.91,30.7,0.773,2.19,0.2,1
6.55,58.95,25.7,0.596,1.69,0.5,0
5.38,36.76,20.0,0.429,1.27,0.5,0
6.09,56.71,41.4,0.456,3.9,0.8,1
8.6,62.63,41.9,0.325,2.28,0.2,0
9.17,64.34,18.3,0.665,0.72,0.2,0
2.9,43.19,35.2,0.586,5.58,0.2,0
1.29,25.4,22.3,0.203,0.65,0.5,0
1.45,0.0,34.8,0.067,1.89,0.5,0
8.67,57.37,43.2,0.676,3.18,0.8,1
17.53,79.76,25.5,0.403,0.18,1.0,1
4.48,17.92,27.9,0.428,4.6,0.8,0
1.58,7.41,38.9,0.456,0.29,1.0,0
12.01,79.94,37.1,0.522,0.13,0.8,1
15.19,97.39,29.4,0.294,2.18,0.5,1
18.06,66.57,40.7,0.648,2.4,0.5,1
7.93,45.85,43.8,0.574,1.48,0.5,1
16.76,88.0,30.5,0.169,1.97,0.2,0
0.13,30.49,16.0,0.409,0.33,0.5,0
0.96,16.93,31.7,0.209,3.69,0.8,0
0.83,22.22,37.2,0.593,5.23,0.5,0
10.6,36.03,24.3,0.501,0.9,0.5,0
0.61,42.36,19.6,0.551,0.75,1.0,0
5.83,50.15,26.2,0.727,0.14,0.2,0
5.44,27.21,13.3,0.231,2.41,0.2,0
3.16,16.96,36.5,0.305,4.46,1.0,0
17.37,76.86,21.6,0.436,4.8,0.2,0
1.59,52.3,36.8,0.844,0.13,0.5,1
3.69,28.46,24.7,0.677,13.2,1.0,1
12.65,79.22,49.4,0.594,15.76,0.8,1
0.26,17.75,32.2,0.413,6.67,0.5,0
9.5,42.41,16.2,0.024,4.42,0.2,0
14.41,91.62,38.2,0.575,1.74,0.2,1
22.88,136.69,29.5,0.209,1.88,0.8,1
17.76,81.82,33.8,0.296,9.05,0.8,1
3.27,19.23,45.6,0.328,1.23,0.5,0
7.5,70.22,31.9,0.504,7.92,0.5,1
0.68,14.24,39.2,0.634,0.62,0.5,0
2.53,20.25,26.7,0.206,1.5,0.8,0
0.84,13.69,36.5,0.17,2.09,1.0,0
3.22,14.64,19.6,0.345,3.67,0.8,0
17.69,97.26,42.5,0.526,5.18,1.0,1
3.62,50.78,23.6,0.608,0.56,0.8,0
7.02,39.94,26.7,0.766,1.94,0.8,1
4.83,14.71,46.1,0.137,1.77,0.2,0
5.22,27.62,22.0,0.504,1.36,0.2,0
29.69,108.19,25.3,0.311,2.28,0.5,1
2.99,13.28,33.2,0.464,4.99,0.5,0
8.39,47.62,48.0,0.455,3.1,0.8,1
4.63,35.95,35.9,0.139,2.67,0.5,0
0.54,22.34,20.3,0.389,2.77,0.5,0
5.71,20.99,37.5,0.378,4.73,1.0,0
14.27,113.03,29.8,0.15,3.08,0.5,1
0.88,47.46,49.5,0.307,4.7,0.2,0
0.61,43.41,34.3,0.452,2.65,0.2,0
1.42,16.48,32.2,0.377,4.48,0.8,0
12.29,70.58,32.7,0.358,7.17,0.5,1
10.94,79.56,34.6,0.576,0.31,1.0,1
7.08,38.02,37.0,0.31,5.31,0.8,0
5.37,39.41,18.5,0.562,6.39,0.8,0
18.63,95.96,21.0,0.323,5.23,0.2,0
12.37,93.77,26.7,0.284,1.0,0.5,0
14.2,86.88,31.0,0.665,0.47,0.8,1
14.26,106.74,27.0,0.516,9.42,0.8,1
8.75,72.44,24.1,0.638,1.59,0.8,1
5.21,56.55,44.1,0.335,0.77,0.5,0
17.0,87.34,15.5,0.708,4.29,0.5,1
22.13,60.63,44.8,0.448,7.7,0.2,1
0.2,30.03,43.2,0.174,16.12,1.0,1
0.45,25.81,35.7,0.46,2.97,0.5,0
27.1,117.37,15.5,0.44,8.03,0.2,1
2.76,14.25,24.4,0.804,2.51,0.8,0
17.57,68.5,47.8,0.478,2.96,0.8,1
4.18,49.73,43.1,0.147,3.18,0.5,0
1.08,8.64,46.5,0.258,7.87,0.5,0
0.71,26.29,50.2,0.38,1.05,0.8,0
1.45,28.11,17.7,0.592,5.22,0.2,0
2.44,27.98,33.0,0.547,1.57,1.0,0
5.7,59.65,40.2,0.59,0.39,1.0,1
10.28,56.32,27.2,0.327,14.21,0.5,1
36.53,184.15,30.1,0.386,9.88,0.8,1
4.95,38.9,26.2,0.507,2.69,0.5,0
6.21,17.55,15.9,0.778,0.64,0.8,0
6.27,67.61,18.2,0.235,7.58,1.0,0
6.59,32.7,14.5,0.419,1.96,0.5,0
6.2,49.85,32.1,0.215,2.73,0.5,0
0.07,7.17,34.1,0.354,17.3,0.8,1
0.01,30.64,26.9,0.381,2.38,0.2,0
0.87,0.99,39.9,0.439,0.61,0.5,0
0.91,44.6,42.3,0.288,4.15,0.2,0
10.37,82.67,21.4,0.643,3.05,1.0,1
1.95,22.39,16.9,0.654,0.76,0.5,0
19.13,77.82,27.2,0.558,0.79,0.2,1
22.44,94.13,36.5,0.204,9.6,0.5,1
31.66,107.51,31.7,0.696,0.15,0.8,1
23.78,154.83,31.2,0.577,3.71,0.2,1
2.7,16.13,21.9,0.346,5.94,0.5,0
6.06,38.32,28.0,0.119,1.78,1.0,0
1.64,17.11,46.1,0.271,0.56,0.2,0
13.95,84.25,27.7,0.271,9.62,1.0,1
18.64,153.36,33.5,0.245,1.15,0.5,1
16.2,96.35,17.3,0.182,0.76,0.2,0
4.83,25.62,17.7,0.406,0.25,0.2,0
12.08,43.9,29.8,0.114,8.52,0.8,0
0.87,35.52,33.8,0.368,2.95,0.2,0
0.35,36.56,28.5,0.656,1.87,0.8,0
11.89,50.18,22.9,0.466,5.57,0.5,0
4.71,45.32,37.1,0.284,2.84,1.0,0
46.02,217.65,21.4,0.478,1.38,0.2,1
0.87,0.0,35.3,0.443,1.87,0.5,0
16.45,102.69,46.0,0.68,5.41,0.5,1
5.56,48.66,30.9,0.441,1.18,0.8,0
14.92,87.77,23.6,0.527,2.93,0.5,1
14.44,80.11,40.5,0.457,7.63,0.8,1
21.05,98.77,31.6,0.025,7.97,0.8,1
3.01,24.56,44.0,0.442,8.52,0.5,1
25.43,143.07,36.7,0.492,5.48,0.5,1
1.4,17.79,29.9,0.641,2.72,0.8,0
0.73,20.02,34.1,0.293,2.63,0.2,0
4.8,42.54,22.5,0.401,12.02,1.0,1
14.98,116.77,28.9,0.179,5.58,0.8,1
5.45,50.36,33.5,0.623,0.91,0.5,0
15.03,85.12,33.4,0.767,1.52,1.0,1
11.12,51.99,33.4,0.656,1.52,0.5,1
2.0,10.16,37.3,0.468,5.66,0.8,0
25.28,160.98,19.9,0.159,2.39,0.2,1
0.53,21.57,18.2,0.699,4.97,0.8,0
19.43,87.97,21.7,0.498,0.17,1.0,1
3.09,22.03,38.8,0.229,4.17,0.2,0
5.89,61.85,17.7,0.263,1.44,0.2,0
4.66,29.36,24.4,0.352,0.94,0.5,0
1.6,18.4,25.3,0.628,4.14,0.5,0
3.77,36.39,34.8,0.254,0.41,1.0,0
1.82,34.37,29.3,0.492,4.15,1.0,0
1.94,42.82,23.6,0.536,19.37,0.8,1
1.76,20.59,30.4,0.208,9.47,0.8,0
5.71,43.79,35.7,0.089,5.5,0.8,0
13.59,69.28,38.6,0.228,1.57,0.2,0
7.15,51.09,20.7,0.327,1.36,0.5,0
19.01,141.99,36.5,0.247,13.11,0.8,1
8.6,98.18,12.0,0.1,0.4,1.0,0
9.94,71.06,36.8,0.544,0.9,1.0,1
9.36,93.22,35.1,0.403,6.69,0.2,1
5.07,49.48,30.8,0.667,2.61,1.0,1
9.94,51.41,21.2,0.669,8.83,1.0,1
0.61,13.55,37.9,0.356,1.76,0.2,0
16.7,80.93,18.1,0.296,1.39,0.2,0
12.79,80.18,42.6,0.24,3.41,0.5,1
2.39,16.1,38.2,0.464,4.4,0.2,0
12.42,77.62,37.2,0.57,4.19,0.8,1
0.11,12.52,37.6,0.594,1.12,0.5,0
2.08,18.37,17.9,0.265,7.1,0.2,0
0.57,0.0,49.1,0.064,2.33,0.8,0
12.88,51.24,41.1,0.691,0.33,0.2,1
11.99,85.35,31.7,0.474,3.05,0.8,1
14.28,67.15,36.6,0.718,1.28,1.0,1
0.04,30.05,37.2,0.055,3.39,0.5,0
5.91,25.16,40.0,0.504,0.78,0.8,0
10.37,49.1,25.4,0.566,6.64,0.2,0
1.44,20.08,28.5,0.639,0.72,0.5,0
8.92,55.13,39.0,0.391,2.07,0.8,1
0.75,38.09,38.1,0.585,0.14,0.8,0
1.7,38.16,32.0,0.301,3.97,0.2,0
5.49,28.57,29.1,0.218,0.37,1.0,0
9.01,63.59,46.9,0.612,4.88,1.0,1
1.34,12.06,29.6,0.485,4.22,0.2,0
1.74,31.12,37.9,0.192,2.06,0.8,0
1.94,24.52,29.5,0.866,2.55,0.2,0
2.32,50.59,26.9,0.071,6.89,0.2,0
2.18,40.1,34.6,0.701,1.12,0.8,1
4.27,32.6,39.3,0.638,3.86,0.2,0
9.02,53.26,48.0,0.654,3.24,0.5,1
4.9,37.35,21.7,0.321,4.91,0.5,0
12.72,40.82,41.8,0.23,1.97,0.8,0
10.8,57.41,32.0,0.39,8.1,0.8,1
1.15,21.08,20.0,0.389,1.02,0.2,0
0.43,29.23,38.9,0.272,6.2,0.2,0
17.88,94.14,27.5,0.39,3.51,1.0,1
0.71,24.9,41.5,0.216,6.1,0.2,0
1.36,0.67,22.1,0.117,12.56,0.5,0
0.19,2.47,36.4,0.381,0.01,0.5,0
8.41,48.3,26.7,0.18,0.11,0.8,0
7.42,69.17,25.4,0.319,0.0,0.2,0
36.85,148.64,16.8,0.384,1.42,1.0,1
18.53,88.44,31.1,0.392,1.9,0.2,1
4.5,68.69,29.0,0.247,1.78,0.5,0
3.95,54.34,17.5,0.193,0.19,0.2,0
2.99,52.42,24.5,0.493,8.85,0.2,0
1.41,34.95,31.2,0.633,0.52,0.2,0
1.26,30.3,39.3,0.403,2.95,0.2,0
1.21,32.59,44.3,0.176,8.95,0.8,0
1.03,0.0,31.8,0.189,2.95,1.0,0
2.34,11.18,29.3,0.302,1.75,0.8,0
3.11,25.03,45.8,0.212,4.63,0.5,0
27.7,102.8,46.4,0.449,20.79,0.5,1
7.34,48.6,23.3,0.274,3.5,0.8,0
37.31,204.66,32.2,0.398,3.94,0.5,1
3.96,7.24,39.7,0.317,0.76,0.8,0
5.2,43.21,39.8,0.276,1.16,0.2,0
3.34,36.67,35.7,0.074,6.01,0.5,0
1.72,23.91,30.9,0.279,5.27,0.5,0
1.31,39.33,29.3,0.556,1.04,0.5,0
24.67,135.17,39.2,0.102,2.68,0.8,1
36.79,151.24,24.4,0.313,8.01,0.8,1
0.39,25.44,29.9,0.358,0.75,1.0,0
1.38,14.9,32.9,0.308,4.91,0.8,0
4.68,5.13,40.1,0.346,1.62,0.8,0
1.75,8.89,28.6,0.592,0.26,0.2,0
3.85,38.15,32.5,0.148,1.25,0.8,0
1.17,22.01,26.1,0.515,2.07,0.5,0
5.18,47.2,40.3,0.443,5.19,1.0,1
2.69,18.58,38.6,0.527,0.52,1.0,0
3.69,14.08,39.7,0.642,7.41,0.5,1
0.84,24.53,17.3,0.459,1.48,0.2,0
4.75,38.37,31.2,0.423,0.62,0.5,0
34.76,152.07,21.2,0.586,1.76,0.5,1
3.39,25.43,35.4,0.36,9.98,0.8,0
17.77,34.14,27.0,0.338,3.15,0.2,0
15.75,23.59,38.2,0.499,1.64,0.8,1
25.82,117.62,17.8,0.177,2.13,0.5,1
13.27,99.6,31.8,0.354,5.09,0.5,1
9.16,67.97,20.7,0.253,0.17,0.5,0
16.51,110.22,32.7,0.377,11.46,1.0,1
0.67,0.0,33.8,0.607,6.8,1.0,0
5.28,5.73,30.7,0.419,8.28,1.0,0
38.53,163.11,26.1,0.418,4.18,0.2,1
12.48,77.29,15.5,0.04,3.4,0.5,0
27.81,97.24,35.2,0.475,1.59,0.2,1
12.86,42.51,41.6,0.344,1.36,0.2,0
17.67,53.15,37.0,0.417,0.35,0.2,0
10.42,64.05,42.5,0.527,0.13,1.0,1
12.15,63.52,44.3,0.231,0.21,0.2,0
6.3,35.28,30.4,0.795,0.75,0.5,0
21.93,127.08,36.1,0.549,0.67,0.2,1
14.82,66.62,29.2,0.357,5.85,0.5,1
15.79,108.47,43.8,0.554,0.42,0.8,1
9.5,71.92,32.8,0.234,5.52,1.0,1
3.09,30.56,37.6,0.201,2.2,0.5,0
0.31,35.61,13.7,0.626,12.22,0.5,0
23.32,71.08,33.1,0.174,3.52,0.5,1
7.5,45.44,37.3,0.484,3.1,0.2,0
3.01,15.36,25.4,0.543,3.91,0.5,0
1.37,42.06,13.6,0.556,2.59,0.8,0
15.04,92.83,37.3,0.334,3.22,0.2,1
15.39,83.51,27.7,0.811,4.65,0.5,1
14.32,84.81,29.9,0.22,7.05,0.2,0
8.8,70.75,32.8,0.546,9.69,0.5,1
3.87,24.97,20.1,0.18,4.43,0.2,0
3.08,44.64,19.8,0.308,9.48,0.5,0
0.07,14.34,46.3,0.098,2.99,0.5,0
15.24,66.15,27.7,0.094,1.02,0.2,0
0.78,34.89,25.4,0.425,1.57,0.8,0
8.47,93.69,16.6,0.545,7.56,0.8,1
5.96,48.84,22.7,0.309,3.92,0.5,0
6.36,69.41,30.0,0.255,1.24,0.2,0
22.21,115.28,27.8,0.235,3.27,1.0,1
0.27,23.34,29.8,0.115,4.14,0.2,0
12.62,52.12,36.2,0.49,24.28,0.5,1
0.45,43.26,34.7,0.525,2.68,0.8,0
0.33,19.07,31.3,0.731,8.8,1.0,1
4.78,67.04,39.5,0.697,1.58,0.5,1
0.55,1.93,41.1,0.593,3.86,0.5,0
13.23,75.87,33.5,0.563,5.97,1.0,1
6.41,44.4,20.4,0.353,10.17,0.5,0
0.25,34.28,29.4,0.632,2.5,0.5,0
0.35,7.95,34.5,0.151,7.34,1.0,0
8.06,69.63,17.6,0.327,2.82,0.8,0
13.94,51.23,14.3,0.666,3.97,0.8,0
4.9,59.8,45.4,0.041,1.05,0.2,0
6.87,70.77,36.9,0.404,6.61,0.5,1
13.67,50.0,21.9,0.308,13.12,0.5,0
8.01,55.41,30.3,0.656,5.72,1.0,1
2.16,39.8,23.4,0.613,1.19,0.2,0
8.07,27.56,13.1,0.662,0.29,1.0,0
8.41,26.39,29.0,0.9,0.23,1.0,1
11.26,63.63,34.8,0.428,4.77,0.8,1
8.24,31.02,45.8,0.558,5.88,0.5,1
29.59,128.93,38.1,0.452,4.16,0.8,1
1.87,43.69,24.6,0.39,4.19,0.8,0
25.65,136.93,27.6,0.445,9.55,0.2,1
6.57,20.85,31.9,0.539,2.24,1.0,0
9.47,36.42,23.3,0.501,2.59,0.2,0
0.89,6.63,40.2,0.224,1.07,0.5,0
4.07,44.88,22.5,0.182,25.0,0.2,1
12.47,77.8,26.4,0.513,10.97,0.5,1
10.43,32.32,33.2,0.222,1.02,1.0,0
0.35,24.24,20.7,0.559,0.98,0.5,0
6.72,61.11,34.2,0.343,5.63,0.8,1
0.79,9.35,45.2,0.387,0.78,0.5,0
46.63,176.18,35.9,0.372,0.86,0.8,1
19.35,72.91,39.5,0.669,7.34,1.0,1
0.18,39.66,30.1,0.61,3.43,0.5,0
16.63,55.85,28.4,0.524,1.25,0.5,0
21.41,76.29,27.4,0.324,1.95,0.2,0
3.71,36.42,35.1,0.509,0.72,1.0,0
10.81,74.8,31.9,0.612,3.42,0.8,1
4.96,48.95,30.9,0.161,0.64,0.5,0
9.05,81.57,19.6,0.377,1.46,0.5,0
3.54,54.09,35.4,0.759,13.2,0.2,1
3.31,23.29,36.8,0.517,3.19,0.2,0
4.7,46.53,23.5,0.326,1.62,0.5,0
1.34,49.48,37.8,0.088,9.87,1.0,1
15.12,133.22,41.9,0.496,1.76,0.8,1
3.64,16.35,22.7,0.563,4.91,0.2,0
4.34,49.78,30.4,0.227,1.52,0.5,0
19.08,101.74,41.8,0.364,1.37,0.2,1
5.83,48.68,31.2,0.298,2.44,0.5,0
6.68,69.72,39.5,0.443,3.09,0.2,0
26.65,82.42,24.1,0.702,2.13,0.8,1
18.51,80.45,17.7,0.447,6.79,0.2,0
1.58,39.0,17.4,0.293,4.48,0.5,0
5.45,42.73,47.2,0.509,12.44,0.5,1
30.18,114.09,22.3,0.255,1.84,0.5,1
3.96,9.88,41.3,0.368,2.96,1.0,0
3.95,47.45,27.1,0.463,7.66,0.5,0
1.84,38.74,16.1,0.235,1.22,0.5,0
1.03,4.63,24.9,0.677,5.25,0.5,0
11.46,99.38,31.6,0.633,3.4,0.2,1
12.49,58.07,19.9,0.16,3.41,0.5,0
29.53,130.98,43.9,0.623,1.16,0.5,1
12.62,71.8,42.8,0.394,1.2,0.8,1
2.37,12.27,21.7,0.64,10.19,0.8,0
0.35,12.08,37.1,0.373,0.16,0.8,0
35.95,162.64,30.6,0.655,2.99,0.8,1
3.54,28.09,48.1,0.633,4.46,0.8,1
3.18,40.87,17.2,0.57,0.76,0.8,0
20.09,87.48,30.9,0.42,2.89,0.8,1
7.48,39.49,26.2,0.867,8.88,0.5,1
2.06,16.72,36.8,0.343,6.32,0.2,0
18.69,119.57,20.1,0.493,8.09,0.8,1
42.63,205.11,34.3,0.428,2.04,0.2,1
0.77,32.91,45.4,0.17,3.64,1.0,0
16.85,93.28,30.5,0.387,0.78,0.8,1
4.21,36.3,30.5,0.749,7.59,0.5,1
6.31,33.17,31.4,0.577,0.63,1.0,0
20.94,85.18,29.6,0.69,0.49,0.8,1
30.82,135.91,30.3,0.097,6.41,0.5,1
2.58,59.34,30.7,0.134,1.68,0.5,0
2.03,9.49,50.7,0.59,5.07,0.5,1
0.71,5.32,20.4,0.31,13.78,0.5,0
7.01,73.24,26.2,0.365,1.59,0.5,0
0.12,25.29,24.0,0.071,11.13,0.2,0
4.51,16.99,32.4,0.406,1.15,0.8,0
0.65,21.29,11.6,0.244,5.66,0.8,0
4.42,33.06,43.9,0.509,3.08,0.2,0
0.35,0.0,32.2,0.402,5.65,0.8,0
15.33,66.76,42.7,0.321,1.05,0.5,1
2.0,30.59,27.9,0.437,5.8,0.2,0
3.38,56.19,21.8,0.577,4.87,0.5,0
17.35,80.85,23.3,0.614,0.42,1.0,1
11.66,84.44,30.9,0.211,3.7,0.8,1
2.1,13.58,16.1,0.473,1.85,0.5,0
0.63,38.13,38.5,0.255,7.86,0.8,0
10.69,65.03,38.7,0.524,1.54,0.5,1
4.21,44.08,36.2,0.503,4.71,0.2,0
12.35,56.35,42.7,0.706,3.42,1.0,1
5.01,20.14,32.5,0.725,3.66,0.5,0
3.61,52.91,31.0,0.134,0.56,0.2,0
5.1,45.17,32.1,0.371,1.04,0.8,0
11.73,72.98,23.0,0.369,3.95,1.0,1
19.76,128.49,31.8,0.38,0.14,0.8,1
0.43,24.76,32.4,0.434,8.66,0.5,0
6.31,33.49,37.9,0.282,4.82,0.8,0
0.28,16.47,27.9,0.393,0.3,0.2,0
5.37,22.61,19.2,0.701,3.34,0.5,0
18.4,82.27,33.6,0.718,20.32,0.8,1
3.81,50.27,38.7,0.561,0.35,1.0,1
22.91,102.72,46.9,0.072,0.09,0.8,1
8.47,65.02,19.1,0.706,1.69,0.5,0
23.12,110.76,37.4,0.21,2.43,0.5,1
12.03,86.36,33.6,0.4,3.1,0.5,1
0.93,11.32,13.8,0.462,2.3,0.8,0
2.23,16.56,36.6,0.239,3.97,0.2,0
4.26,23.48,14.9,0.339,5.7,0.5,0
1.58,42.2,38.6,0.913,0.24,1.0,1
5.81,9.77,36.7,0.526,2.07,1.0,0
5.42,23.41,35.8,0.295,0.6,1.0,0
26.6,88.67,20.5,0.821,4.01,0.2,1
4.83,30.05,43.8,0.239,4.24,1.0,0
13.09,93.28,42.8,0.33,6.41,0.2,1
24.19,123.72,42.8,0.642,7.28,0.8,1
17.81,85.67,28.2,0.605,21.4,0.2,1
1.99,23.07,31.3,0.348,0.27,0.5,0
5.82,42.32,20.3,0.097,7.27,0.5,0
3.63,27.79,16.9,0.128,10.24,0.5,0
4.34,10.65,17.4,0.252,10.67,1.0,0
3.8,28.53,33.0,0.602,0.14,0.8,0
14.88,54.46,27.2,0.687,4.09,0.2,1
5.11,57.7,33.2,0.165,7.5,0.5,0
6.3,56.72,33.5,0.524,0.79,0.2,0
34.36,168.1,43.2,0.311,3.26,0.5,1
0.53,17.23,42.1,0.306,2.35,0.5,0
5.69,45.49,36.6,0.389,0.77,0.5,0
12.64,105.34,39.7,0.292,1.89,0.8,1
1.39,30.28,11.7,0.748,1.36,0.2,0
8.04,33.37,13.8,0.636,7.2,1.0,0
2.33,19.99,30.6,0.462,5.02,0.5,0
17.17,89.61,34.9,0.347,0.03,0.8,1
3.37,44.85,38.8,0.277,3.09,0.2,0
3.39,38.59,30.3,0.306,0.12,0.5,0
7.75,50.8,44.9,0.263,9.71,1.0,1
1.72,23.07,39.5,0.373,0.15,0.5,0
2.85,33.13,19.7,0.075,0.77,0.5,0
4.58,31.11,30.2,0.317,0.86,1.0,0
3.71,8.45,49.9,0.21,6.18,0.8,0
6.33,44.36,29.5,0.108,2.4,0.8,0
7.78,32.79,28.9,0.4,0.7,0.2,0
7.11,23.2,26.5,0.412,0.57,0.2,0
9.03,95.05,31.2,0.037,1.79,1.0,0
3.13,33.2,36.9,0.623,3.19,0.5,0
1.15,25.12,16.6,0.35,6.03,0.8,0
12.16,85.65,40.3,0.076,5.67,0.5,1
16.17,126.78,43.7,0.542,0.15,1.0,1
2.53,13.58,38.4,0.268,3.98,0.5,0
4.44,34.43,43.6,0.205,0.06,0.5,0
5.87,26.25,19.4,0.181,3.21,0.5,0
6.48,69.63,30.4,0.271,0.74,0.8,0
9.16,39.28,18.1,0.424,7.49,0.5,0
0.36,38.0,40.3,0.553,1.84,0.8,0
10.87,45.79,45.7,0.314,6.99,0.5,1
0.54,33.64,26.6,0.359,9.36,0.8,0
5.37,40.76,32.2,0.201,1.94,0.5,0
14.95,112.16,26.6,0.178,3.42,0.2,0
5.1,28.74,28.7,0.463,10.2,0.8,0
1.37,39.76,31.0,0.38,1.07,0.5,0
35.72,117.17,38.7,0.54,0.35,0.8,1
18.71,120.77,21.7,0.409,2.77,1.0,1
12.54,43.31,22.0,0.4,3.04,1.0,0
4.51,15.46,23.7,0.144,2.16,0.8,0
1.73,14.9,17.0,0.312,13.2,0.2,0
24.12,147.32,34.7,0.153,2.08,1.0,1
6.46,38.51,23.2,0.093,3.1,0.5,0
16.26,83.57,30.1,0.211,0.23,1.0,1
3.56,36.8,35.7,0.256,0.17,0.8,0
3.47,26.85,30.4,0.679,3.32,0.2,0
36.01,109.24,43.1,0.153,9.46,0.8,1
6.27,40.66,38.1,0.473,6.57,0.5,1
1.29,26.78,25.9,0.247,3.15,0.2,0
2.11,38.16,21.0,0.472,2.65,0.8,0
5.59,49.66,42.6,0.506,5.5,1.0,1
0.37,25.75,29.2,0.394,0.01,0.5,0
5.28,43.62,28.8,0.576,1.93,0.5,0
4.61,51.32,39.4,0.447,0.39,0.2,0
12.84,56.62,12.9,0.478,2.54,0.5,0
3.73,54.97,30.4,0.294,5.65,0.8,0
34.41,171.15,36.5,0.408,2.49,0.2,1
1.69,0.0,40.7,0.288,1.36,1.0,0
7.6,38.85,42.2,0.465,2.38,0.5,0
0.8,43.93,30.7,0.547,1.65,0.8,0
11.25,58.79,40.7,0.242,0.68,0.5,0
44.63,204.43,15.7,0.192,5.35,1.0,1
14.54,73.73,26.8,0.337,0.85,0.5,0
6.9,61.69,13.1,0.294,6.76,0.5,0
5.64,50.31,22.4,0.447,3.94,1.0,0
15.32,74.91,36.8,0.282,6.41,0.2,1
23.36,163.19,12.0,0.731,0.56,0.2,1
38.49,235.69,32.0,0.436,1.87,1.0,1
4.29,36.93,29.6,0.353,0.53,0.2,0
39.96,119.37,20.7,0.262,0.0,0.2,1
1.44,24.13,35.7,0.597,5.36,0.8,0
2.49,19.07,35.9,0.738,14.47,0.5,1
0.79,19.51,36.8,0.415,3.91,0.5,0
2.7,21.07,38.0,0.377,0.44,0.5,0
12.42,97.47,27.1,0.248,9.38,1.0,1
16.29,69.78,49.8,0.361,4.06,0.5,1
12.83,72.91,18.2,0.725,7.34,0.8,1
8.48,41.26,34.8,0.624,4.18,0.5,1
6.13,57.98,47.0,0.318,2.58,0.2,0
10.48,46.95,24.4,0.707,0.3,0.8,0
4.21,49.11,26.0,0.063,0.31,0.2,0
15.65,63.47,33.1,0.239,13.8,0.2,1
9.61,38.29,38.4,0.477,0.45,0.5,0
10.17,71.82,27.4,0.635,4.79,0.5,1
6.53,48.91,40.3,0.801,1.16,0.5,1
18.4,95.34,24.9,0.246,13.45,0.5,1
2.47,17.87,41.7,0.593,2.7,0.5,0
4.08,51.41,25.3,0.708,1.39,0.5,0
12.78,62.85,34.1,0.351,1.41,0.5,0
5.77,4.01,28.2,0.755,2.17,0.8,0
18.7,44.93,27.2,0.341,0.06,1.0,0
3.61,25.24,28.1,0.253,1.64,0.2,0
3.92,18.5,31.5,0.432,0.79,0.5,0
18.66,82.61,40.6,0.421,15.88,0.5,1
5.31,36.6,37.8,0.246,1.5,0.5,0
6.17,43.36,30.4,0.751,0.71,0.2,0
3.44,6.95,26.1,0.244,13.92,0.5,0
2.75,36.75,40.9,0.158,0.43,0.8,0
9.07,46.55,41.6,0.637,4.55,0.2,1
1.09,15.0,30.5,0.126,0.41,0.2,0
17.97,101.4,36.0,0.112,0.04,0.2,0
12.84,58.11,28.5,0.787,5.7,0.8,1
1.8,28.82,21.7,0.159,0.17,0.5,0
10.07,81.02,27.2,0.844,2.06,0.5,1
7.84,18.72,35.7,0.207,4.9,0.2,0
1.73,24.36,38.1,0.283,4.35,0.8,0
2.71,46.11,40.8,0.392,0.1,0.5,0
4.47,43.25,14.0,0.299,0.11,0.2,0
10.21,47.59,31.2,0.327,1.71,1.0,0
8.65,47.39,25.9,0.348,7.88,0.8,0
6.46,58.09,35.7,0.738,8.8,0.5,1
12.43,51.2,25.1,0.218,2.54,0.2,0
12.06,54.31,32.9,0.542,0.68,0.8,1
8.18,79.2,36.4,0.532,5.15,0.8,1
13.14,69.24,38.1,0.309,1.49,1.0,1
3.46,55.97,25.8,0.339,14.1,0.5,1
18.11,96.45,19.0,0.474,5.75,0.2,1
8.11,55.82,24.2,0.11,0.39,0.2,0
14.69,78.59,33.6,0.408,5.89,0.2,1
6.72,46.49,16.1,0.488,7.03,0.8,0
2.09,52.9,22.1,0.508,1.9,0.5,0
6.65,52.38,50.1,0.611,0.52,1.0,1
3.94,38.99,28.8,0.802,2.82,0.2,0
10.16,69.36,31.4,0.339,5.36,0.5,0
5.49,50.52,13.2,0.561,22.9,1.0,1
15.37,69.88,33.5,0.327,8.99,0.8,1
9.63,67.58,27.3,0.548,9.44,0.5,1
9.81,63.18,32.1,0.558,5.24,0.5,1
2.08,27.11,32.0,0.361,5.7,0.5,0
35.28,170.73,46.8,0.768,1.71,0.5,1
15.67,96.08,25.7,0.392,0.52,0.5,1
13.23,43.48,33.0,0.217,24.29,0.5,1
3.41,64.39,28.8,0.588,0.09,0.8,0
6.52,44.65,29.7,0.154,2.81,0.5,0
1.25,31.43,17.2,0.382,4.07,0.5,0
6.57,39.57,35.8,0.427,2.66,0.8,0
1.34,26.46,23.4,0.332,2.7,0.5,0
6.84,48.32,30.8,0.492,2.45,1.0,1
8.89,40.99,30.0,0.67,3.36,0.2,0
4.2,18.33,30.8,0.154,2.38,0.8,0
5.87,32.24,28.6,0.308,3.19,1.0,0
17.72,85.63,25.0,0.221,0.31,0.5,0
0.98,26.63,30.4,0.044,1.9,0.5,0
13.34,91.14,16.5,0.232,11.56,0.5,1
1.59,9.21,25.0,0.762,2.97,1.0,0
0.32,23.18,38.6,0.349,12.78,0.5,0
1.74,23.99,40.5,0.646,1.66,0.5,0
12.31,73.18,36.5,0.272,0.27,0.2,0
4.41,36.11,34.4,0.586,0.07,0.2,0
17.51,120.93,39.4,0.135,8.89,0.8,1
6.32,75.07,20.9,0.507,1.31,0.5,0
0.19,32.33,32.0,0.249,1.15,0.2,0
10.72,79.12,20.4,0.52,8.72,1.0,1
0.99,3.68,38.3,0.483,0.69,0.5,0
13.24,63.01,31.9,0.587,2.19,0.5,1
1.56,36.76,39.4,0.13,11.34,0.5,0
3.6,61.22,39.0,0.275,3.84,0.5,0
12.18,73.5,30.8,0.174,12.56,0.5,1
26.22,134.62,31.4,0.2,1.05,0.8,1
3.95,30.18,15.1,0.451,1.28,0.5,0
15.03,79.59,32.0,0.105,4.28,0.5,0
1.8,24.63,35.5,0.559,18.95,0.5,1
13.99,86.84,24.7,0.502,4.31,0.5,1
9.11,49.87,48.6,0.459,4.89,0.8,1
1.82,26.16,47.4,0.132,0.76,0.8,0
3.06,15.15,26.2,0.43,6.46,0.8,0
1.2,38.67,36.5,0.755,4.81,0.8,1
4.1,31.49,15.3,0.699,2.39,0.2,0
1.94,24.75,35.2,0.453,3.2,0.2,0
8.78,82.59,34.2,0.523,3.71,0.5,1
44.23,163.63,39.8,0.652,0.32,0.5,1
0.1,35.18,26.8,0.258,13.18,0.8,0
6.62,24.0,41.9,0.36,3.58,1.0,1
7.25,69.43,41.1,0.295,3.1,0.5,1
20.87,117.99,35.3,0.537,2.96,0.8,1
5.99,39.79,30.9,0.206,14.64,0.8,1
6.67,51.94,34.1,0.459,9.12,0.8,1
5.42,44.74,36.9,0.137,1.08,0.5,0
2.66,37.51,47.4,0.618,0.13,0.2,0
0.49,28.52,20.6,0.009,5.49,0.2,0
4.47,28.1,27.0,0.31,0.97,0.2,0
0.46,20.67,38.4,0.081,0.58,0.5,0
6.8,79.56,29.4,0.222,25.0,0.5,1
3.12,54.06,35.4,0.65,1.96,0.2,0
6.48,68.57,21.1,0.601,5.16,0.5,0
1.23,20.67,36.4,0.513,1.46,1.0,0
22.93,138.91,35.5,0.378,0.1,0.2,1
19.12,107.62,33.3,0.475,0.99,0.5,1
1.79,25.81,38.0,0.23,0.29,0.8,0
3.58,33.48,42.0,0.435,0.5,0.5,0
8.08,44.2,40.0,0.296,6.07,1.0,1
0.85,31.01,20.9,0.529,9.91,0.2,0
3.72,45.61,37.3,0.212,12.6,0.8,1
2.46,42.03,30.4,0.578,1.93,0.5,0
21.01,104.43,27.6,0.303,1.27,0.5,1
16.27,76.28,41.9,0.507,6.01,0.5,1
7.37,66.73,32.8,0.434,2.39,0.5,0
6.24,59.08,31.5,0.47,6.55,0.2,0
22.69,67.22,38.5,0.656,7.05,1.0,1
22.9,115.41,32.6,0.409,12.49,0.2,1
29.62,217.08,41.1,0.217,1.56,0.5,1
1.14,6.34,19.8,0.111,1.23,0.5,0
1.49,22.56,38.3,0.148,2.97,1.0,0
9.6,69.89,22.3,0.264,2.53,0.5,0
6.63,42.21,24.4,0.202,11.4,0.5,0
0.16,12.99,22.9,0.702,1.53,1.0,0
0.54,21.83,24.8,0.224,4.92,0.2,0
18.61,98.83,37.0,0.261,1.69,0.5,1
17.27,83.52,35.0,0.373,0.06,1.0,1
3.76,51.07,24.6,0.296,0.28,0.2,0
18.84,76.2,25.8,0.32,0.6,1.0,1
7.66,65.83,19.6,0.265,1.99,0.2,0
13.93,81.42,29.6,0.202,4.39,0.8,1
4.74,41.52,28.7,0.331,1.79,1.0,0
1.02,11.94,21.6,0.584,6.37,0.2,0
4.83,45.1,40.2,0.545,10.78,0.2,1
5.2,33.35,40.9,0.298,9.91,0.5,1
6.81,33.73,20.0,0.515,0.1,0.5,0
0.95,32.79,25.7,0.647,0.07,0.8,0
40.43,160.74,37.1,0.268,5.46,0.2,1
2.38,25.8,41.5,0.53,3.73,0.2,0
1.88,26.18,18.1,0.493,1.39,0.2,0
6.36,26.09,42.9,0.505,9.36,0.8,1
6.55,34.74,17.5,0.669,0.19,0.5,0
4.93,50.4,34.5,0.261,1.12,0.8,0
12.56,88.92,14.5,0.222,1.18,0.5,0
6.18,38.95,44.2,0.226,0.42,0.8,0
8.0,68.01,28.1,0.337,3.15,0.2,0
10.93,72.78,34.8,0.607,0.64,0.2,1
0.22,59.94,23.1,0.266,4.1,0.8,0
7.19,54.18,27.2,0.462,4.38,1.0,1
18.32,57.35,37.4,0.205,3.96,0.2,0
0.15,4.02,47.2,0.558,5.19,0.5,0
4.42,49.89,49.4,0.537,19.76,0.8,1
22.16,92.63,39.4,0.226,6.24,0.2,1
3.7,24.82,40.7,0.164,2.34,0.5,0
5.22,19.38,46.9,0.204,1.3,0.2,0
33.93,162.87,16.1,0.806,0.94,0.5,1
1.89,30.01,22.5,0.789,7.03,0.2,0
0.57,28.31,17.0,0.496,5.81,0.5,0
16.68,70.09,31.5,0.903,0.45,0.8,1
17.24,125.68,46.1,0.664,10.9,0.5,1
5.43,17.09,33.3,0.754,2.87,0.2,0
6.14,54.2,32.7,0.667,0.48,0.2,0
15.36,94.39,39.9,0.54,12.91,1.0,1
11.4,49.81,44.3,0.435,2.05,0.8,1
2.62,14.61,36.1,0.355,2.45,1.0,0
0.14,26.5,42.6,0.624,4.47,0.2,0
5.55,30.94,22.7,0.169,1.61,0.8,0
16.65,109.53,31.6,0.428,0.16,1.0,1
19.23,138.69,28.4,0.605,4.16,0.2,1
26.59,154.23,27.5,0.092,1.69,0.5,1
17.99,99.91,24.1,0.548,3.79,0.5,1
7.37,53.45,42.6,0.112,5.55,0.2,0
5.0,27.67,30.4,0.206,0.13,0.2,0
12.67,107.61,32.1,0.269,3.95,0.8,1
11.44,82.98,26.0,0.566,6.68,0.8,1
6.57,27.28,46.4,0.156,0.05,0.8,0
0.78,22.26,33.9,0.258,1.48,0.5,0
22.14,136.74,10.8,0.395,4.45,0.5,1
5.17,36.63,25.7,0.53,7.0,0.5,0
3.84,50.22,51.3,0.585,4.51,0.5,1
8.44,54.02,47.4,0.579,6.72,0.2,1
9.52,56.29,32.4,0.317,7.23,0.5,0
2.01,28.57,32.9,0.624,5.98,0.5,0
15.42,92.35,42.9,0.689,1.46,0.2,1
2.91,32.59,36.4,0.708,1.05,1.0,1
1.76,50.33,44.5,0.317,2.49,0.5,0
4.43,12.12,31.0,0.446,3.24,0.5,0
11.15,90.47,47.5,0.14,0.12,0.5,1
28.61,120.74,32.3,0.843,9.06,1.0,1
14.08,73.61,34.7,0.66,1.77,0.5,1
23.96,135.8,18.7,0.356,0.67,0.2,1
1.29,19.61,33.9,0.216,0.89,1.0,0
0.63,17.4,38.0,0.49,1.41,0.2,0
6.93,44.09,30.1,0.309,1.7,1.0,0
2.91,4.01,31.5,0.368,9.31,0.5,0
14.96,117.18,29.1,0.438,1.66,0.8,1
9.47,84.81,46.9,0.258,1.01,0.5,1
30.01,176.02,31.0,0.573,1.86,0.8,1
2.5,33.41,20.8,0.241,0.74,0.5,0
5.65,44.79,15.2,0.841,2.53,0.8,0
5.91,35.68,38.2,0.263,10.05,0.5,0
2.32,50.4,32.5,0.51,5.24,1.0,1
7.58,60.24,11.6,0.738,8.37,0.8,1
4.98,43.79,28.8,0.145,14.5,0.5,0
5.03,46.76,43.5,0.436,1.84,0.5,0
3.83,47.06,45.4,0.301,0.76,0.8,0
0.15,12.94,17.0,0.666,4.02,1.0,0
6.28,81.11,20.7,0.201,4.2,0.2,0
3.47,33.87,12.1,0.247,3.93,0.8,0
0.01,13.66,41.5,0.476,5.54,0.5,0
3.13,47.49,18.1,0.554,0.86,0.8,0
2.78,34.57,20.0,0.379,0.05,0.5,0
4.25,34.32,24.5,0.207,2.64,0.2,0
1.2,45.67,43.7,0.379,0.6,1.0,1
6.02,49.43,35.8,0.57,0.11,1.0,1
10.02,73.78,34.1,0.318,2.34,0.2,0
8.46,44.83,38.6,0.652,4.32,0.5,1
13.84,86.19,35.9,0.4,2.93,0.5,1
5.11,19.91,37.4,0.627,0.12,0.5,0
6.22,34.22,18.2,0.832,0.82,0.2,0
14.13,85.81,33.4,0.635,2.13,0.2,1
4.74,41.0,37.6,0.213,6.44,1.0,0
10.28,76.27,32.9,0.421,1.33,1.0,1
4.85,44.98,13.3,0.341,7.35,0.5,0
4.6,56.3,24.0,0.625,6.89,0.5,0
12.14,68.82,46.4,0.116,3.73,1.0,1
1.63,62.44,36.3,0.251,7.1,0.5,0
3.51,37.26,35.8,0.376,4.05,0.5,0
2.16,50.49,35.1,0.273,0.8,0.2,0
3.78,0.24,20.9,0.062,0.04,0.5,0
2.23,26.84,11.9,0.349,3.45,0.8,0
7.36,35.08,30.2,0.276,0.87,0.8,0
13.6,53.49,30.3,0.487,3.58,1.0,1
13.13,80.36,39.4,0.264,0.93,0.8,1
3.85,35.97,23.0,0.251,0.52,0.8,0
38.15,174.63,25.9,0.259,2.08,0.2,1
7.66,89.73,18.5,0.355,5.25,0.5,0
4.33,25.74,29.2,0.474,1.02,0.8,0
